{"type":"FeatureCollection","features":[{"type":"Feature","geometry":{"type":"Point","coordinates":[3.7490659,43.4476409]},"properties":{"osm_id":"node/4073264730","category":"water_point","emergency":"fire_hydrant","access":"yes"}},{"type":"Feature","geometry":{"type":"Point","coordinates":[3.7506535,43.447795]},"properties":{"osm_id":"node/4073264745","category":"water_point","emergency":"fire_hydrant","access":"yes"}},{"type":"Feature","geometry":{"type":"Point","coordinates":[3.7540506,43.448836]},"properties":{"osm_id":"node/4073264801","category":"water_point","emergency":"fire_hydrant","access":"yes"}},{"type":"Feature","geometry":{"type":"Point","coordinates":[3.7431959,43.4489785]},"properties":{"osm_id":"node/4073264816","category":"water_point","emergency":"fire_hydrant","access":"yes"}},{"type":"Feature","geometry":{"type":"Point","coordinates":[3.7546986,43.4493214]},"properties":{"osm_id":"node/4073264825","category":"water_point","emergency":"fire_hydrant","access":"yes"}},{"type":"Feature","geometry":{"type":"Point","coordinates":[3.75364,43.4504083]},"properties":{"osm_id":"node/4073264851","category":"water_point","emergency":"fire_hydrant","access":"yes"}},{"type":"Feature","geometry":{"type":"Point","coordinates":[3.7519664,43.4569853]},"properties":{"osm_id":"node/4230073482","category":"water_point","emergency":"fire_hydrant","access":"yes"}},{"type":"Feature","geometry":{"type":"Point","coordinates":[3.7605536,43.4517496]},"properties":{"osm_id":"node/7756361141","category":"water_point","emergency":"fire_hydrant","access":"yes"}},{"type":"Feature","geometry":{"type":"Point","coordinates":[3.7575924,43.4479243]},"properties":{"osm_id":"node/7761738151","category":"water_point","emergency":"fire_hydrant","access":"yes"}},{"type":"Feature","geometry":{"type":"Point","coordinates":[3.7616077,43.4556521]},"properties":{"osm_id":"node/7761742476","category":"water_point","emergency":"fire_hydrant","access":"yes"}},{"type":"Feature","geometry":{"type":"Point","coordinates":[3.7546722,43.4577889]},"properties":{"osm_id":"node/8060576340","category":"water_point","emergency":"fire_hydrant","access":"yes"}},{"type":"Feature","geometry":{"type":"Point","coordinates":[3.755049,43.4589858]},"properties":{"osm_id":"node/8060576369","category":"water_point","ref":"44","emergency":"fire_hydrant","access":"private"}},{"type":"Feature","geometry":{"type":"Point","coordinates":[3.7590112,43.4613931]},"properties":{"osm_id":"node/8060625420","category":"water_point","ref":"49","emergency":"fire_hydrant","access":"yes"}},{"type":"Feature","geometry":{"type":"Point","coordinates":[3.762974,43.460877]},"properties":{"osm_id":"node/8435741883","category":"water_point","emergency":"fire_hydrant","access":"yes"}},{"type":"Feature","geometry":{"type":"Point","coordinates":[3.7631836,43.4592837]},"properties":{"osm_id":"node/8435759588","category":"water_point","emergency":"fire_hydrant","access":"yes"}},{"type":"Feature","geometry":{"type":"Point","coordinates":[3.7566876,43.4578838]},"properties":{"osm_id":"node/8435781026","category":"water_point","emergency":"fire_hydrant","access":"yes"}},{"type":"Feature","geometry":{"type":"Point","coordinates":[3.7599678,43.4550596]},"properties":{"osm_id":"node/8435782728","category":"water_point","emergency":"fire_hydrant","access":"yes"}},{"type":"Feature","geometry":{"type":"Point","coordinates":[3.7607116,43.4590781]},"properties":{"osm_id":"node/8435802000","category":"water_point","emergency":"fire_hydrant","access":"yes"}},{"type":"Feature","geometry":{"type":"Point","coordinates":[3.7586436,43.4588573]},"properties":{"osm_id":"node/8435802086","category":"water_point","emergency":"fire_hydrant","access":"yes"}},{"type":"Feature","geometry":{"type":"Point","coordinates":[3.7696255,43.4656623]},"properties":{"osm_id":"node/8435811144","category":"water_point","emergency":"fire_hydrant","access":"yes"}},{"type":"Feature","geometry":{"type":"Point","coordinates":[3.7600454,43.4560821]},"properties":{"osm_id":"node/8435815427","category":"water_point","emergency":"fire_hydrant","access":"yes"}},{"type":"Feature","geometry":{"type":"Point","coordinates":[3.7651605,43.460663]},"properties":{"osm_id":"node/8435834291","category":"water_point","emergency":"fire_hydrant","access":"yes"}},{"type":"Feature","geometry":{"type":"Point","coordinates":[3.7690641,43.4643553]},"properties":{"osm_id":"node/8435849320","category":"water_point","emergency":"fire_hydrant","access":"yes"}},{"type":"Feature","geometry":{"type":"Point","coordinates":[3.7610793,43.4548981]},"properties":{"osm_id":"node/8435895966","category":"water_point","emergency":"fire_hydrant","access":"yes"}},{"type":"Feature","geometry":{"type":"Point","coordinates":[3.7559993,43.459568]},"properties":{"osm_id":"node/8435914248","category":"water_point","emergency":"fire_hydrant","access":"yes"}},{"type":"Feature","geometry":{"type":"Point","coordinates":[3.7573445,43.4511197]},"properties":{"osm_id":"node/8435919608","category":"water_point","emergency":"fire_hydrant","access":"yes"}},{"type":"Feature","geometry":{"type":"Point","coordinates":[3.7571244,43.4495318]},"properties":{"osm_id":"node/8435919641","category":"water_point","ref":"39","emergency":"fire_hydrant","access":"yes"}},{"type":"Feature","geometry":{"type":"Point","coordinates":[3.7585916,43.4508765]},"properties":{"osm_id":"node/8435920084","category":"water_point","emergency":"fire_hydrant","access":"yes"}},{"type":"Feature","geometry":{"type":"Point","coordinates":[3.7563859,43.4537401]},"properties":{"osm_id":"node/8435921307","category":"water_point","ref":"35","emergency":"fire_hydrant","access":"yes"}},{"type":"Feature","geometry":{"type":"Point","coordinates":[3.7579476,43.4518494]},"properties":{"osm_id":"node/8435934839","category":"water_point","emergency":"fire_hydrant","access":"yes"}},{"type":"Feature","geometry":{"type":"Point","coordinates":[3.7586397,43.4526453]},"properties":{"osm_id":"node/8435934840","category":"water_point","ref":"36","emergency":"fire_hydrant","access":"yes"}},{"type":"Feature","geometry":{"type":"Point","coordinates":[3.7606228,43.4604615]},"properties":{"osm_id":"node/8435966207","category":"water_point","emergency":"fire_hydrant","access":"yes"}},{"type":"Feature","geometry":{"type":"Point","coordinates":[3.75981,43.4600562]},"properties":{"osm_id":"node/8435968674","category":"water_point","emergency":"fire_hydrant","access":"yes"}},{"type":"Feature","geometry":{"type":"Point","coordinates":[3.7561631,43.4459327]},"properties":{"osm_id":"node/8439395080","category":"water_point","emergency":"fire_hydrant","access":"yes"}},{"type":"Feature","geometry":{"type":"Point","coordinates":[3.7591307,43.4609008]},"properties":{"osm_id":"node/8439398425","category":"water_point","emergency":"fire_hydrant","access":"yes"}},{"type":"Feature","geometry":{"type":"Point","coordinates":[3.7630577,43.4580068]},"properties":{"osm_id":"node/8439403769","category":"water_point","emergency":"fire_hydrant","access":"yes"}},{"type":"Feature","geometry":{"type":"Point","coordinates":[3.7600227,43.4619877]},"properties":{"osm_id":"node/8439406509","category":"water_point","ref":"52","emergency":"fire_hydrant","access":"yes"}},{"type":"Feature","geometry":{"type":"Point","coordinates":[3.7674391,43.4652815]},"properties":{"osm_id":"node/8439421425","category":"water_point","emergency":"fire_hydrant","access":"yes"}},{"type":"Feature","geometry":{"type":"Point","coordinates":[3.7540817,43.4531002]},"properties":{"osm_id":"node/8439434230","category":"water_point","emergency":"fire_hydrant","access":"yes"}},{"type":"Feature","geometry":{"type":"Point","coordinates":[3.7463972,43.4446262]},"properties":{"osm_id":"node/8439447443","category":"water_point","emergency":"fire_hydrant","access":"yes"}},{"type":"Feature","geometry":{"type":"Point","coordinates":[3.7437848,43.4451897]},"properties":{"osm_id":"node/8439452478","category":"water_point","emergency":"fire_hydrant","access":"yes"}},{"type":"Feature","geometry":{"type":"Point","coordinates":[3.7415474,43.4462258]},"properties":{"osm_id":"node/8439477783","category":"water_point","emergency":"fire_hydrant","access":"yes"}},{"type":"Feature","geometry":{"type":"Point","coordinates":[3.7405898,43.4457764]},"properties":{"osm_id":"node/8439501566","category":"water_point","emergency":"fire_hydrant","access":"yes"}},{"type":"Feature","geometry":{"type":"Point","coordinates":[3.744021,43.4426567]},"properties":{"osm_id":"node/8439504871","category":"water_point","emergency":"fire_hydrant","access":"yes"}},{"type":"Feature","geometry":{"type":"Point","coordinates":[3.745934,43.4431418]},"properties":{"osm_id":"node/8439508796","category":"water_point","emergency":"fire_hydrant","access":"yes"}},{"type":"Feature","geometry":{"type":"Point","coordinates":[3.7493636,43.4423175]},"properties":{"osm_id":"node/8439515105","category":"water_point","emergency":"fire_hydrant","access":"yes"}},{"type":"Feature","geometry":{"type":"Point","coordinates":[3.7424843,43.447304]},"properties":{"osm_id":"node/8439515423","category":"water_point","emergency":"fire_hydrant","access":"yes"}},{"type":"Feature","geometry":{"type":"Point","coordinates":[3.7444447,43.4469038]},"properties":{"osm_id":"node/8439518280","category":"water_point","emergency":"fire_hydrant","access":"yes"}},{"type":"Feature","geometry":{"type":"Point","coordinates":[3.7431331,43.4437691]},"properties":{"osm_id":"node/8439519961","category":"water_point","emergency":"fire_hydrant","access":"yes"}},{"type":"Feature","geometry":{"type":"Point","coordinates":[3.7567155,43.4559169]},"properties":{"osm_id":"node/8439521390","category":"water_point","emergency":"fire_hydrant","access":"yes"}},{"type":"Feature","geometry":{"type":"Point","coordinates":[3.7428332,43.4459044]},"properties":{"osm_id":"node/8439660944","category":"water_point","emergency":"fire_hydrant","access":"yes"}},{"type":"Feature","geometry":{"type":"Point","coordinates":[3.7458605,43.4474914]},"properties":{"osm_id":"node/8441232257","category":"water_point","ref":"102","emergency":"fire_hydrant","access":"yes"}},{"type":"Feature","geometry":{"type":"Point","coordinates":[3.7672863,43.4611261]},"properties":{"osm_id":"node/8441354897","category":"water_point","emergency":"fire_hydrant","access":"yes"}},{"type":"Feature","geometry":{"type":"Point","coordinates":[3.7531413,43.4553621]},"properties":{"osm_id":"node/8443152773","category":"water_point","emergency":"fire_hydrant","access":"yes"}},{"type":"Feature","geometry":{"type":"Point","coordinates":[3.7511453,43.4529837]},"properties":{"osm_id":"node/8443182280","category":"water_point","emergency":"fire_hydrant","access":"yes"}},{"type":"Feature","geometry":{"type":"Point","coordinates":[3.7547157,43.4557109]},"properties":{"osm_id":"node/8443186010","category":"water_point","emergency":"fire_hydrant","access":"yes"}},{"type":"Feature","geometry":{"type":"Point","coordinates":[3.7522939,43.4546405]},"properties":{"osm_id":"node/8443197792","category":"water_point","emergency":"fire_hydrant","access":"yes"}},{"type":"Feature","geometry":{"type":"Point","coordinates":[3.7551985,43.4526331]},"properties":{"osm_id":"node/8443201003","category":"water_point","emergency":"fire_hydrant","access":"yes"}},{"type":"Feature","geometry":{"type":"Point","coordinates":[3.753467,43.4467972]},"properties":{"osm_id":"node/8443227759","category":"water_point","emergency":"fire_hydrant","access":"yes"}},{"type":"Feature","geometry":{"type":"Point","coordinates":[3.7559777,43.4550592]},"properties":{"osm_id":"node/8443230158","category":"water_point","emergency":"fire_hydrant","access":"yes"}},{"type":"Feature","geometry":{"type":"Point","coordinates":[3.7511824,43.4487699]},"properties":{"osm_id":"node/8443231639","category":"water_point","emergency":"fire_hydrant","access":"yes"}},{"type":"Feature","geometry":{"type":"Point","coordinates":[3.7421753,43.4495189]},"properties":{"osm_id":"node/8443247499","category":"water_point","emergency":"fire_hydrant","access":"yes"}},{"type":"Feature","geometry":{"type":"Point","coordinates":[3.7554359,43.4459371]},"properties":{"osm_id":"node/8443264435","category":"water_point","ref":"162","emergency":"fire_hydrant"}},{"type":"Feature","geometry":{"type":"Point","coordinates":[3.7497822,43.4550682]},"properties":{"osm_id":"node/8443272772","category":"water_point","emergency":"fire_hydrant","access":"yes"}},{"type":"Feature","geometry":{"type":"Point","coordinates":[3.7479712,43.4495957]},"properties":{"osm_id":"node/8443276183","category":"water_point","emergency":"fire_hydrant","access":"yes"}},{"type":"Feature","geometry":{"type":"Point","coordinates":[3.7682466,43.4636018]},"properties":{"osm_id":"node/8443277922","category":"water_point","ref":"163","emergency":"fire_hydrant","access":"yes"}},{"type":"Feature","geometry":{"type":"Point","coordinates":[3.7472633,43.4492027]},"properties":{"osm_id":"node/8443288933","category":"water_point","emergency":"fire_hydrant","access":"yes"}},{"type":"Feature","geometry":{"type":"Point","coordinates":[3.7457718,43.4487646]},"properties":{"osm_id":"node/8443289354","category":"water_point","emergency":"fire_hydrant","access":"yes"}},{"type":"Feature","geometry":{"type":"Point","coordinates":[3.7494899,43.4437187]},"properties":{"osm_id":"node/8443291306","category":"water_point","emergency":"fire_hydrant","access":"yes"}},{"type":"Feature","geometry":{"type":"Point","coordinates":[3.7455845,43.4510531]},"properties":{"osm_id":"node/8443317632","category":"water_point","emergency":"fire_hydrant","access":"yes"}},{"type":"Feature","geometry":{"type":"Point","coordinates":[3.7502682,43.44218]},"properties":{"osm_id":"node/8443319027","category":"water_point","emergency":"fire_hydrant","access":"yes"}},{"type":"Feature","geometry":{"type":"Point","coordinates":[3.7467044,43.451793]},"properties":{"osm_id":"node/8443321350","category":"water_point","emergency":"fire_hydrant","access":"yes"}},{"type":"Feature","geometry":{"type":"Point","coordinates":[3.7532824,43.4436983]},"properties":{"osm_id":"node/8443325768","category":"water_point","emergency":"fire_hydrant","access":"yes"}},{"type":"Feature","geometry":{"type":"Point","coordinates":[3.7491827,43.4454709]},"properties":{"osm_id":"node/8443329744","category":"water_point","emergency":"fire_hydrant","access":"yes"}},{"type":"Feature","geometry":{"type":"Point","coordinates":[3.7551203,43.4427338]},"properties":{"osm_id":"node/8443337624","category":"water_point","emergency":"fire_hydrant","access":"yes"}},{"type":"Feature","geometry":{"type":"Point","coordinates":[3.7504327,43.4452968]},"properties":{"osm_id":"node/8443341812","category":"water_point","emergency":"fire_hydrant","access":"yes"}},{"type":"Feature","geometry":{"type":"Point","coordinates":[3.747223,43.4402218]},"properties":{"osm_id":"node/8443344154","category":"water_point","emergency":"fire_hydrant","access":"yes"}},{"type":"Feature","geometry":{"type":"Point","coordinates":[3.7529183,43.4420129]},"properties":{"osm_id":"node/8443346307","category":"water_point","emergency":"fire_hydrant","access":"yes"}},{"type":"Feature","geometry":{"type":"Point","coordinates":[3.7486637,43.4412675]},"properties":{"osm_id":"node/8443352370","category":"water_point","emergency":"fire_hydrant","access":"yes"}},{"type":"Feature","geometry":{"type":"Point","coordinates":[3.7496181,43.4530186]},"properties":{"osm_id":"node/8443355991","category":"water_point","emergency":"fire_hydrant","access":"yes"}},{"type":"Feature","geometry":{"type":"Point","coordinates":[3.7539219,43.4407118]},"properties":{"osm_id":"node/8443368117","category":"water_point","emergency":"fire_hydrant","access":"yes"}},{"type":"Feature","geometry":{"type":"Point","coordinates":[3.7503661,43.4521331]},"properties":{"osm_id":"node/8443373082","category":"water_point","emergency":"fire_hydrant","access":"yes"}},{"type":"Feature","geometry":{"type":"Point","coordinates":[3.7490226,43.4536778]},"properties":{"osm_id":"node/8443373083","category":"water_point","ref":"183","emergency":"fire_hydrant","access":"yes"}},{"type":"Feature","geometry":{"type":"Point","coordinates":[3.7529309,43.451259]},"properties":{"osm_id":"node/8443373084","category":"water_point","emergency":"fire_hydrant","access":"yes"}},{"type":"Feature","geometry":{"type":"Point","coordinates":[3.7523672,43.4406562]},"properties":{"osm_id":"node/8443376004","category":"water_point","emergency":"fire_hydrant","access":"yes"}},{"type":"Feature","geometry":{"type":"Point","coordinates":[3.7698647,43.4660345]},"properties":{"osm_id":"node/8443377212","category":"water_point","ref":"192","emergency":"fire_hydrant","access":"yes"}},{"type":"Feature","geometry":{"type":"Point","coordinates":[3.7585916,43.4478477]},"properties":{"osm_id":"node/8443388295","category":"water_point","ref":"190","emergency":"fire_hydrant","access":"yes"}},{"type":"Feature","geometry":{"type":"Point","coordinates":[3.7577772,43.4436529]},"properties":{"osm_id":"node/8443390986","category":"water_point","emergency":"fire_hydrant","access":"yes"}},{"type":"Feature","geometry":{"type":"Point","coordinates":[3.7455892,43.4412479]},"properties":{"osm_id":"node/8443392193","category":"water_point","emergency":"fire_hydrant","access":"yes"}},{"type":"Feature","geometry":{"type":"Point","coordinates":[3.7495467,43.4487364]},"properties":{"osm_id":"node/8443428993","category":"water_point","emergency":"fire_hydrant","access":"yes"}},{"type":"Feature","geometry":{"type":"Point","coordinates":[3.7520474,43.4492265]},"properties":{"osm_id":"node/8443430335","category":"water_point","emergency":"fire_hydrant","access":"yes"}},{"type":"Feature","geometry":{"type":"Point","coordinates":[3.7499606,43.4498795]},"properties":{"osm_id":"node/8443432271","category":"water_point","ref":"199","emergency":"fire_hydrant","access":"yes"}},{"type":"Feature","geometry":{"type":"Point","coordinates":[3.758814,43.4405493]},"properties":{"osm_id":"node/8443581651","category":"water_point","emergency":"fire_hydrant","access":"yes"}},{"type":"Feature","geometry":{"type":"Point","coordinates":[3.7572514,43.4602402]},"properties":{"osm_id":"node/8447075152","category":"water_point","emergency":"fire_hydrant","access":"yes"}},{"type":"Feature","geometry":{"type":"Point","coordinates":[3.7516771,43.4461263]},"properties":{"osm_id":"node/8447142632","category":"water_point","emergency":"fire_hydrant","access":"yes"}},{"type":"Feature","geometry":{"type":"Point","coordinates":[3.7585913,43.4561944]},"properties":{"osm_id":"node/8447159142","category":"water_point","emergency":"fire_hydrant","access":"yes"}},{"type":"Feature","geometry":{"type":"Point","coordinates":[3.7481095,43.4444043]},"properties":{"osm_id":"node/8447159286","category":"water_point","emergency":"fire_hydrant","access":"yes"}},{"type":"Feature","geometry":{"type":"Point","coordinates":[3.7508132,43.4430877]},"properties":{"osm_id":"node/8447161796","category":"water_point","emergency":"fire_hydrant","access":"yes"}},{"type":"Feature","geometry":{"type":"Point","coordinates":[3.7447743,43.4443867]},"properties":{"osm_id":"node/8447163973","category":"water_point","emergency":"fire_hydrant","access":"yes"}},{"type":"Feature","geometry":{"type":"Point","coordinates":[3.7622174,43.4629875]},"properties":{"osm_id":"node/8447164213","category":"water_point","emergency":"fire_hydrant","access":"yes"}},{"type":"Feature","geometry":{"type":"Point","coordinates":[3.7467163,43.4459467]},"properties":{"osm_id":"node/8447172607","category":"water_point","emergency":"fire_hydrant","access":"yes"}},{"type":"Feature","geometry":{"type":"Point","coordinates":[3.743973,43.4407076]},"properties":{"osm_id":"node/8447183440","category":"water_point","ref":"236","emergency":"fire_hydrant","access":"yes"}},{"type":"Feature","geometry":{"type":"Point","coordinates":[3.742245,43.44009]},"properties":{"osm_id":"node/8447183441","category":"water_point","ref":"235","emergency":"fire_hydrant","access":"yes"}},{"type":"Feature","geometry":{"type":"Point","coordinates":[3.7472206,43.4529997]},"properties":{"osm_id":"node/8447186455","category":"water_point","emergency":"fire_hydrant","access":"yes"}},{"type":"Feature","geometry":{"type":"Point","coordinates":[3.756127,43.4466608]},"properties":{"osm_id":"node/8447187955","category":"water_point","emergency":"fire_hydrant","access":"yes"}},{"type":"Feature","geometry":{"type":"Point","coordinates":[3.763821,43.4621881]},"properties":{"osm_id":"node/8447193060","category":"water_point","emergency":"fire_hydrant","access":"yes"}},{"type":"Feature","geometry":{"type":"Point","coordinates":[3.7573001,43.4456985]},"properties":{"osm_id":"node/8447193061","category":"water_point","emergency":"fire_hydrant","access":"yes"}},{"type":"Feature","geometry":{"type":"Point","coordinates":[3.7530503,43.4452316]},"properties":{"osm_id":"node/8447198632","category":"water_point","emergency":"fire_hydrant","access":"yes"}},{"type":"Feature","geometry":{"type":"Point","coordinates":[3.7581655,43.4547518]},"properties":{"osm_id":"node/8447202452","category":"water_point","emergency":"fire_hydrant","access":"yes"}},{"type":"Feature","geometry":{"type":"Point","coordinates":[3.74317,43.4505273]},"properties":{"osm_id":"node/8447223609","category":"water_point","emergency":"fire_hydrant","access":"yes"}},{"type":"Feature","geometry":{"type":"Point","coordinates":[3.7591696,43.453422]},"properties":{"osm_id":"node/8447227251","category":"water_point","emergency":"fire_hydrant","access":"yes"}},{"type":"Feature","geometry":{"type":"Point","coordinates":[3.7601294,43.4502902]},"properties":{"osm_id":"node/8447228369","category":"water_point","emergency":"fire_hydrant","access":"yes"}},{"type":"Feature","geometry":{"type":"Point","coordinates":[3.7597219,43.4454097]},"properties":{"osm_id":"node/8447245336","category":"water_point","emergency":"fire_hydrant","access":"yes"}},{"type":"Feature","geometry":{"type":"Point","coordinates":[3.7661153,43.4623972]},"properties":{"osm_id":"node/8447280281","category":"water_point","emergency":"fire_hydrant","access":"yes"}},{"type":"Feature","geometry":{"type":"Point","coordinates":[3.7586982,43.4572842]},"properties":{"osm_id":"node/12142397001","category":"water_point","emergency":"fire_hydrant","access":"yes"}},{"type":"Feature","geometry":{"type":"Polygon","coordinates":[[[3.8173415,43.4634392],[3.8173948,43.4634702],[3.8174942,43.4635166],[3.8175759,43.463532],[3.8176114,43.4635166],[3.8176789,43.4635011],[3.8177713,43.4635604],[3.8178743,43.4635707],[3.8177784,43.4635011],[3.8176186,43.463416],[3.8175333,43.4633464],[3.8174658,43.463282],[3.8174303,43.4631995],[3.8173735,43.4630731],[3.8173344,43.4629597],[3.8172811,43.4628591],[3.8172053,43.4627779],[3.8170958,43.4625034],[3.81701,43.4622106],[3.8168555,43.4619489],[3.8167704,43.4617255],[3.8167952,43.4616237],[3.816909,43.4616032],[3.8169968,43.4614372],[3.8170668,43.4614483],[3.81722,43.4615],[3.8174382,43.461512],[3.8176385,43.461403],[3.8175517,43.4613076],[3.8175544,43.4612153],[3.8176249,43.4611688],[3.8176751,43.4611971],[3.8177036,43.4612964],[3.8177947,43.4613827],[3.8179148,43.461526],[3.8180178,43.4615572],[3.8181551,43.4615821],[3.818344,43.4615385],[3.8184899,43.4614326],[3.8186358,43.4612457],[3.8186615,43.4611585],[3.8187388,43.4609466],[3.818713,43.4606538],[3.8185843,43.4604233],[3.8184041,43.4603174],[3.8181723,43.4602738],[3.8179835,43.4602364],[3.817932,43.4603236],[3.8178118,43.4604732],[3.8178118,43.4605853],[3.8177689,43.4606725],[3.8176487,43.4608594],[3.817603,43.460957],[3.8175835,43.4610218],[3.8175967,43.4610808],[3.8176212,43.4611228],[3.8175921,43.4611344],[3.8175737,43.4611277],[3.8175475,43.4611224],[3.8175432,43.461108],[3.8175484,43.461089],[3.8175428,43.4610533],[3.8175287,43.4609793],[3.8175938,43.4607876],[3.8176113,43.4605864],[3.8175426,43.4602686],[3.817634,43.4601289],[3.8178572,43.4600167],[3.8180147,43.4599626],[3.8180152,43.4598325],[3.8179073,43.4597154],[3.8177786,43.4595846],[3.8176756,43.4595472],[3.8175382,43.4595596],[3.8173151,43.4595846],[3.8171213,43.4595847],[3.8170083,43.4595288],[3.8168554,43.4593927],[3.8162843,43.4593283],[3.8160551,43.4592449],[3.815827,43.4590271],[3.8156011,43.4589009],[3.8154752,43.4587294],[3.8155124,43.4585603],[3.8155193,43.4583709],[3.815509,43.4581438],[3.8153699,43.4579211],[3.8151656,43.4577487],[3.8149493,43.4575963],[3.8146066,43.4573678],[3.8139302,43.4569953],[3.8126348,43.456349],[3.8116482,43.4558734],[3.8112632,43.4556196],[3.8110286,43.4555394],[3.8100461,43.4550319],[3.8092273,43.4546049],[3.8076824,43.4538223],[3.8064436,43.4532026],[3.8051343,43.4525688],[3.8046108,43.4523252],[3.8044501,43.4523112],[3.8043321,43.4522368],[3.8027827,43.4515029],[3.8019205,43.4510885],[3.8012849,43.4507877],[3.8007266,43.4505647],[3.8003724,43.4504152],[3.8001045,43.4503778],[3.8000241,43.4504257],[3.8001363,43.4504731],[3.8000938,43.4504937],[3.799962,43.4504794],[3.7995428,43.4503501],[3.7992878,43.4502648],[3.7990382,43.4500529],[3.7987507,43.4498134],[3.7985067,43.4496838],[3.7981675,43.4493157],[3.7980541,43.449236],[3.7977786,43.4490505],[3.7973455,43.4486563],[3.7969753,43.4482194],[3.7963682,43.447476],[3.7962525,43.4473393],[3.7961438,43.4472108],[3.7956999,43.4466536],[3.7952157,43.4460838],[3.7948409,43.4456451],[3.7945205,43.4452791],[3.7937382,43.4443443],[3.7932542,43.4437711],[3.7928457,43.4433922],[3.7926911,43.4433026],[3.7925097,43.4431991],[3.792275,43.4431771],[3.7921291,43.4431833],[3.7919832,43.4431147],[3.7918549,43.442874],[3.7916169,43.4425228],[3.7913352,43.4421695],[3.7910755,43.4419296],[3.7909526,43.4418042],[3.7908152,43.4417038],[3.7905982,43.4416165],[3.7903865,43.4415192],[3.790171,43.4413605],[3.7898449,43.4412326],[3.7893203,43.440903],[3.7890934,43.4408844],[3.7881456,43.4403924],[3.7839423,43.4384462],[3.7838283,43.4384596],[3.7836223,43.4385219],[3.7834335,43.4385718],[3.7830472,43.4385718],[3.782661,43.4385593],[3.7822919,43.4385344],[3.7819486,43.4384471],[3.7814937,43.43831],[3.78085,43.4381043],[3.7804037,43.4377927],[3.7800432,43.4374562],[3.7795797,43.4369638],[3.7792214,43.436612],[3.7790777,43.4364113],[3.7789902,43.436402],[3.7788555,43.4362736],[3.7786505,43.4360611],[3.7785991,43.4360418],[3.7784628,43.4359295],[3.7782009,43.4358575],[3.7780497,43.4358343],[3.777927,43.4358573],[3.7777096,43.4357939],[3.7776971,43.4357923],[3.7775823,43.4357725],[3.7773647,43.4357465],[3.7772708,43.435736],[3.7771567,43.4357309],[3.7770828,43.4357276],[3.7769312,43.4357209],[3.7768334,43.4357165],[3.7768067,43.4357153],[3.7767415,43.4356873],[3.776691,43.4356656],[3.7766014,43.4356271],[3.7765535,43.4356008],[3.7765262,43.4355859],[3.7763805,43.4355061],[3.7763359,43.4354614],[3.7763706,43.4352485],[3.7764272,43.4351787],[3.7763844,43.4351811],[3.7760512,43.4352001],[3.7759995,43.435203],[3.7760398,43.4352401],[3.7760326,43.4354451],[3.7759045,43.4355471],[3.775874,43.4356285],[3.7758736,43.4356636],[3.7758688,43.4357174],[3.7758681,43.4357295],[3.7758613,43.4357599],[3.775843,43.435842],[3.7758376,43.4358662],[3.7758239,43.4359213],[3.7758074,43.4359875],[3.7757972,43.4360284],[3.7757855,43.4360749],[3.7757666,43.4361507],[3.7757543,43.4362],[3.7757476,43.4362385],[3.775729,43.436312],[3.7757027,43.4364065],[3.7756998,43.4364183],[3.7756557,43.4364237],[3.7755841,43.4363946],[3.7755034,43.4363015],[3.7755019,43.4362183],[3.7755299,43.4360958],[3.7756071,43.4359836],[3.7756368,43.4357761],[3.7755923,43.4356881],[3.7754259,43.4354821],[3.7753385,43.4354448],[3.7752112,43.4354321],[3.7746878,43.4353886],[3.7743187,43.4353699],[3.7741642,43.4353886],[3.7728,43.4354542],[3.7714331,43.4355096],[3.7711136,43.4355246],[3.7709346,43.4355436],[3.7708244,43.4355646],[3.7707363,43.4355636],[3.7706578,43.4355576],[3.7703204,43.4355706],[3.7701951,43.4355906],[3.7698565,43.4356145],[3.7697278,43.4356519],[3.7695561,43.435627],[3.7678478,43.4357294],[3.7677706,43.4358105],[3.767403,43.4357619],[3.7663055,43.4357811],[3.7655719,43.4358585],[3.7651685,43.4358674],[3.7651056,43.4359253],[3.7651502,43.4360527],[3.7651073,43.4361462],[3.7648249,43.4363325],[3.7643014,43.4367563],[3.7639237,43.4370368],[3.763795,43.4372736],[3.7637996,43.4373744],[3.7638728,43.4374266],[3.7638841,43.4375752],[3.7639805,43.4376985],[3.7642046,43.4378511],[3.7644816,43.4380028],[3.7646275,43.4381649],[3.7647048,43.4383768],[3.7649279,43.4385887],[3.7651248,43.4387213],[3.7652342,43.4388947],[3.7654343,43.4390561],[3.7658206,43.4394113],[3.7661115,43.4396869],[3.7664729,43.4400034],[3.7667733,43.4403025],[3.7673827,43.4408572],[3.7680608,43.4415053],[3.7685611,43.4418964],[3.7694351,43.442426],[3.7701924,43.4427944],[3.7716072,43.443352],[3.7721853,43.4435101],[3.7730581,43.4436982],[3.774026,43.4438609],[3.7741596,43.4438821],[3.7756942,43.4441341],[3.7760118,43.4442084],[3.7761408,43.4442217],[3.7767868,43.4442439],[3.7769134,43.4442667],[3.7770891,43.4443508],[3.77725,43.4443428],[3.7772498,43.4444089],[3.77735,43.4444093],[3.7773491,43.4443769],[3.7773732,43.4442643],[3.7774095,43.4442151],[3.777675,43.4441863],[3.77806,43.4442286],[3.7784119,43.4441912],[3.7787123,43.4441476],[3.7789784,43.4441538],[3.7791501,43.4441725],[3.7793475,43.4441601],[3.779605,43.4441663],[3.7799226,43.4441725],[3.7800856,43.4441476],[3.7803002,43.4441538],[3.7805405,43.444185],[3.7810298,43.4444405],[3.7814038,43.4445559],[3.7815936,43.4447498],[3.7818645,43.4449117],[3.7820812,43.4449842],[3.7822051,43.4450244],[3.7822955,43.4451282],[3.7824661,43.4452272],[3.7827121,43.4453191],[3.7830382,43.4455061],[3.7835446,43.4457055],[3.7837764,43.4457553],[3.7840338,43.4459298],[3.7845574,43.4462165],[3.7868233,43.4473194],[3.7901318,43.4489815],[3.790169,43.4490866],[3.7900925,43.4491637],[3.7901432,43.449188],[3.7902412,43.4491082],[3.7905055,43.4491078],[3.7920504,43.4498867],[3.7966877,43.4522088],[3.7974162,43.4527012],[3.7981496,43.4531642],[3.7987181,43.4534773],[3.7991646,43.4537194],[3.8002,43.4540739],[3.8020097,43.4546907],[3.8032342,43.4551144],[3.8072854,43.4563542],[3.8089076,43.4569274],[3.8115762,43.4580603],[3.8125382,43.4585224],[3.8129588,43.4588401],[3.8137484,43.4597747],[3.814375,43.4606469],[3.8148912,43.4612107],[3.8150874,43.4614692],[3.8157162,43.4620442],[3.816362,43.4625946],[3.8167868,43.4629831],[3.8168193,43.4630164],[3.8168264,43.4630473],[3.8168016,43.4630886],[3.81683,43.4631247],[3.8168904,43.463135],[3.8169471,43.463149],[3.817036,43.4631788],[3.8171019,43.4632164],[3.8171641,43.4632437],[3.817212,43.4632822],[3.8172456,43.4633309],[3.8173231,43.4633462],[3.817409,43.4633773],[3.8173415,43.4634392]]]},"properties":{"osm_id":"way/9281160","category":"water_point","natural":"water"}},{"type":"Feature","geometry":{"type":"Polygon","coordinates":[[[3.7221233,43.422341],[3.7238016,43.4226705],[3.7238154,43.4227063],[3.7244473,43.4228337],[3.724995,43.4229357],[3.7251505,43.4229259],[3.7275838,43.4234206],[3.7290105,43.4236919],[3.729349,43.4237609],[3.7300225,43.4239095],[3.7302837,43.4239721],[3.730502,43.4240184],[3.731031,43.424114],[3.7311001,43.4241022],[3.7321339,43.4243012],[3.7351387,43.424901],[3.7353846,43.424946],[3.7362279,43.4252352],[3.7371634,43.4255781],[3.737275,43.4256778],[3.7386281,43.4262344],[3.7388886,43.4262825],[3.7394637,43.4266315],[3.7476176,43.4323225],[3.7493579,43.4335444],[3.7497119,43.4338246],[3.7499608,43.434049],[3.7501554,43.4343251],[3.7502698,43.4345039],[3.7505387,43.4349431],[3.7509088,43.4355533],[3.7510331,43.4357592],[3.7511207,43.4358942],[3.7519349,43.4372587],[3.7542867,43.4411352],[3.7555988,43.4433323],[3.7564927,43.4437278],[3.75713,43.4439677],[3.7580477,43.4441436],[3.7581147,43.444055],[3.758276,43.4441173],[3.7583396,43.4441419],[3.7584173,43.4441719],[3.7587672,43.4443071],[3.7589435,43.4443705],[3.7591514,43.4444883],[3.7606119,43.4450452],[3.7605824,43.44509],[3.760628,43.4451065],[3.7606604,43.4450647],[3.7608944,43.4451586],[3.7612312,43.4451417],[3.7613449,43.445135],[3.7624232,43.4450813],[3.7629917,43.4450509],[3.7634325,43.4450266],[3.7634497,43.4450291],[3.7634817,43.4450463],[3.7634926,43.4451153],[3.7635996,43.4451135],[3.7636013,43.4450875],[3.7636123,43.4450412],[3.7636191,43.4450275],[3.7636381,43.4450213],[3.7637245,43.4450105],[3.7637947,43.4450046],[3.7658449,43.4449015],[3.7677044,43.4448159],[3.7681481,43.444799],[3.7699047,43.4447584],[3.7709915,43.4447388],[3.7720455,43.4447297],[3.7720828,43.444742],[3.7720857,43.4447548],[3.772162,43.4447536],[3.7721741,43.4447412],[3.7722458,43.4447288],[3.7742675,43.4447159],[3.7757855,43.4447046],[3.7771469,43.4447071],[3.7771932,43.4446831],[3.7772613,43.4446867],[3.7773893,43.4447001],[3.778031,43.4446906],[3.7786794,43.4447008],[3.7790858,43.4447208],[3.7798629,43.444826],[3.7804924,43.4449545],[3.7809819,43.4451291],[3.7819487,43.4455312],[3.7892213,43.4490977],[3.7898375,43.4494064],[3.7899384,43.4494612],[3.794208,43.4515394],[3.7960579,43.4524604],[3.7964807,43.4527243],[3.7975696,43.4534394],[3.7981153,43.453837],[3.7985458,43.4539768],[3.7988031,43.4541003],[3.8023603,43.4553548],[3.8083788,43.4574178],[3.8094995,43.4578026],[3.8106843,43.4583437],[3.811439,43.4586915],[3.8117387,43.4588681],[3.8122644,43.4592523],[3.8127043,43.4596692],[3.8135763,43.4606556],[3.8148037,43.4622168],[3.8150949,43.4625624],[3.8151569,43.4626191],[3.8152737,43.4626961],[3.8171985,43.4644261],[3.8175423,43.4645624],[3.8176138,43.4646378],[3.8194226,43.4663786],[3.8199525,43.4668869],[3.820485,43.4673978],[3.8214164,43.4682847],[3.8214916,43.4683667],[3.8254276,43.4719478],[3.8270428,43.4733746],[3.830861,43.4768027],[3.8340706,43.4797384],[3.8361536,43.4816654],[3.8382921,43.4836153],[3.8397855,43.4849227],[3.8411819,43.4861899],[3.8432693,43.4880839],[3.8453568,43.4899915],[3.8468639,43.4913896],[3.8475573,43.4919916],[3.8477329,43.4921317],[3.8481728,43.4924952],[3.8516171,43.4951148],[3.8552487,43.4978966],[3.8584417,43.5003752],[3.8585168,43.5004492],[3.8588706,43.5007046],[3.8613543,43.5025879],[3.8636342,43.5043894],[3.8659945,43.5062064],[3.8683441,43.5080351],[3.8692775,43.5087432],[3.8693848,43.508821],[3.8703021,43.5095446],[3.8739927,43.5123911],[3.8749817,43.5131352],[3.8759651,43.5138872],[3.8792212,43.5163862],[3.8794728,43.5166108],[3.8800642,43.5170618],[3.8801519,43.5171247],[3.8802976,43.5172283],[3.8807112,43.5175395],[3.881182,43.5178606],[3.8818219,43.5181769],[3.8824195,43.5183064],[3.8832778,43.5183811],[3.8845988,43.5184478],[3.8860392,43.5184426],[3.8869169,43.5185196],[3.8876466,43.518711],[3.8912277,43.5200903],[3.8920665,43.5204316],[3.8927125,43.5208321],[3.8956417,43.5224311],[3.8986669,43.5240334],[3.8988215,43.5241061],[3.899382,43.5244119],[3.9024221,43.5261101],[3.9059936,43.5280437],[3.9066468,43.528421],[3.9065127,43.5286923],[3.906388,43.5289082],[3.9064457,43.5290103],[3.9066803,43.5291269],[3.9068547,43.5291347],[3.9071578,43.5290093],[3.9073428,43.5289529],[3.9074582,43.5288595],[3.9084091,43.529322],[3.9117178,43.531149],[3.9131209,43.5319429],[3.9144681,43.5327052],[3.9145677,43.5329941],[3.9151938,43.5333374],[3.9152446,43.5333006],[3.9156613,43.5333109],[3.91592,43.533475],[3.9160028,43.5335275],[3.9160435,43.5335202],[3.9161187,43.5335526],[3.9161268,43.5335865],[3.9163748,43.5337147],[3.9165313,43.533781],[3.916635,43.5337898],[3.9166431,43.5337692],[3.9166961,43.5337622],[3.9170019,43.5339179],[3.9170588,43.5339419],[3.9170615,43.5339767],[3.9172205,43.5340469],[3.9172288,43.5340374],[3.9172997,43.5340658],[3.9174319,43.5341333],[3.9175097,43.5340634],[3.9175915,43.5339957],[3.9174213,43.5339143],[3.9172286,43.5338204],[3.9171412,43.5338265],[3.9167845,43.5336661],[3.9167407,43.5336101],[3.9166797,43.5335835],[3.9166777,43.5335482],[3.916265,43.5333536],[3.9153183,43.532836],[3.9151491,43.5327435],[3.9142542,43.5322533],[3.9140433,43.5321378],[3.9102664,43.5300687],[3.8990424,43.5238767],[3.8989136,43.5238083],[3.8987894,43.5237444],[3.8985961,43.523634],[3.8981751,43.523429],[3.8957437,43.5220997],[3.8927849,43.5204778],[3.8923956,43.5202622],[3.8921337,43.5201339],[3.8910472,43.5197181],[3.8889449,43.5189302],[3.8879893,43.5185761],[3.887419,43.5183848],[3.8873053,43.5183287],[3.8871335,43.5182478],[3.8849067,43.5177599],[3.8826522,43.5173365],[3.8820598,43.5171867],[3.8820336,43.5171504],[3.8820575,43.5170882],[3.8819962,43.5170774],[3.8819466,43.5171284],[3.8818974,43.517144],[3.8810489,43.5168488],[3.8803871,43.5165614],[3.8803669,43.5165319],[3.8803757,43.5165114],[3.8803156,43.516487],[3.8802696,43.5164973],[3.8799915,43.5163683],[3.8792428,43.5158969],[3.8791534,43.5159349],[3.8783585,43.5153405],[3.8778765,43.514968],[3.8769967,43.5142881],[3.8762204,43.5136889],[3.8756102,43.5132179],[3.8741467,43.5121118],[3.8733438,43.5115133],[3.8696477,43.508642],[3.8695672,43.5085759],[3.8693955,43.5084436],[3.8684943,43.5077627],[3.8657799,43.5056656],[3.8630904,43.5035163],[3.8592622,43.5006423],[3.8587794,43.5002512],[3.8586667,43.5001909],[3.855283,43.4976289],[3.8511879,43.4944361],[3.8484314,43.4923221],[3.8479336,43.4919111],[3.8478135,43.491799],[3.8475302,43.49155],[3.8461694,43.4903099],[3.8415788,43.4861188],[3.839113,43.483913],[3.8383179,43.4831945],[3.8321539,43.4775819],[3.8296329,43.4753002],[3.8280967,43.4739059],[3.8257093,43.4717586],[3.8231683,43.4694477],[3.8217939,43.4681385],[3.8200116,43.4664063],[3.8188236,43.4652327],[3.8179557,43.46438],[3.8174659,43.4639563],[3.8168287,43.4634328],[3.8158514,43.4625782],[3.8148721,43.461704],[3.8143052,43.461109],[3.8129016,43.4594138],[3.8125698,43.4589439],[3.812431,43.4588121],[3.8117537,43.4585161],[3.8095941,43.4575462],[3.8090674,43.4573464],[3.8074899,43.456801],[3.8058513,43.4562366],[3.8050129,43.4559757],[3.8019294,43.4549425],[3.7998062,43.4541489],[3.7989356,43.4538172],[3.7984409,43.4535736],[3.7967004,43.452467],[3.7962185,43.4521591],[3.7944254,43.4512884],[3.7915521,43.449865],[3.7901432,43.449188],[3.7900925,43.4491637],[3.7895525,43.448915],[3.7868846,43.4475833],[3.7856164,43.4469632],[3.7828363,43.4456005],[3.7809293,43.4446391],[3.7804488,43.4444079],[3.7802663,43.444373],[3.7791081,43.4443882],[3.7785537,43.4443913],[3.77735,43.4444093],[3.7772498,43.4444089],[3.7767857,43.4444106],[3.7766892,43.4444156],[3.7763888,43.4443812],[3.7757851,43.4443821],[3.7751656,43.4443741],[3.7742893,43.4443117],[3.7661551,43.4445655],[3.7658321,43.4446175],[3.7649305,43.4446611],[3.7646195,43.4446665],[3.7634505,43.4447181],[3.7616438,43.4448121],[3.7611387,43.4448024],[3.7608101,43.4447546],[3.7605007,43.4447013],[3.7602571,43.4446439],[3.760014,43.4445656],[3.7590631,43.4442132],[3.7589379,43.4442147],[3.7584108,43.4440181],[3.7583348,43.4439898],[3.7582665,43.4439643],[3.7571381,43.4435435],[3.7563477,43.4432449],[3.755906,43.443016],[3.7555537,43.4427413],[3.7554149,43.4425773],[3.7552439,43.4423094],[3.7548798,43.441719],[3.7546042,43.4412349],[3.754321,43.4407737],[3.7543381,43.440674],[3.7539777,43.4400072],[3.753806,43.4399074],[3.7531194,43.4387358],[3.7504929,43.4342546],[3.7502698,43.4338807],[3.7501496,43.433756],[3.7485875,43.4326777],[3.7394379,43.4263635],[3.7391204,43.4261703],[3.7386826,43.425977],[3.7355155,43.4247428],[3.7352408,43.4246804],[3.7311729,43.4239046],[3.7311447,43.4238581],[3.7293548,43.423506],[3.7292947,43.4235196],[3.7275104,43.4231907],[3.7237627,43.4224539],[3.722176,43.4221365],[3.7221883,43.4220751],[3.7223224,43.4217856],[3.7224553,43.4214202],[3.7225469,43.4211682],[3.7225437,43.4211351],[3.7225313,43.4211009],[3.7224733,43.4210898],[3.7224574,43.4210757],[3.7224584,43.4210583],[3.7224447,43.4210569],[3.7224312,43.4210552],[3.7223956,43.421072],[3.7223511,43.4210696],[3.7223259,43.4210725],[3.722306,43.4210842],[3.7222707,43.4211488],[3.7222323,43.421171],[3.7221521,43.4213007],[3.7219826,43.421615],[3.7219198,43.4216838],[3.7218375,43.4217199],[3.7217488,43.4217384],[3.7216948,43.4217325],[3.7216155,43.4217109],[3.7215644,43.4216722],[3.7215182,43.4216002],[3.7214798,43.4214983],[3.7214182,43.421427],[3.721385,43.4214309],[3.7213561,43.4214096],[3.7209474,43.4214421],[3.7202724,43.4214895],[3.7201901,43.4215111],[3.7193889,43.4215524],[3.7191998,43.4215895],[3.7191558,43.4215965],[3.7189666,43.421617],[3.7186713,43.4216372],[3.7183825,43.4216812],[3.7183471,43.4216765],[3.7181142,43.4216502],[3.7181176,43.4216729],[3.7178986,43.4216756],[3.717775,43.4216546],[3.7176581,43.4217044],[3.7175794,43.4217055],[3.7175621,43.4216929],[3.7171859,43.4217023],[3.7167882,43.4217264],[3.7162948,43.4217537],[3.7160015,43.4217827],[3.7154489,43.4218313],[3.7148572,43.4218728],[3.7146233,43.4219054],[3.7143398,43.4219473],[3.7142729,43.422014],[3.7141962,43.4220904],[3.7141099,43.4221219],[3.7139835,43.4221481],[3.7136153,43.4221883],[3.7135817,43.4221845],[3.7135439,43.4221875],[3.7134682,43.4222075],[3.7131074,43.4222282],[3.7125347,43.4222609],[3.7121153,43.4222468],[3.7118149,43.4222634],[3.7116866,43.4223209],[3.7116594,43.4223266],[3.7109386,43.422392],[3.7108315,43.4223517],[3.7103962,43.4223862],[3.7099907,43.4224609],[3.709803,43.4224935],[3.7096085,43.4225468],[3.7095366,43.4225756],[3.7094448,43.4226364],[3.7093696,43.4226759],[3.7093257,43.4227472],[3.7093222,43.4228135],[3.7093028,43.4228243],[3.7092621,43.4228687],[3.7092067,43.4229122],[3.7091823,43.4229544],[3.7090946,43.4229865],[3.7090363,43.423041],[3.7087228,43.4230644],[3.7086842,43.4230671],[3.7086252,43.423039],[3.7085107,43.4230155],[3.7075386,43.4231114],[3.7074542,43.423046],[3.707363,43.4230259],[3.7069834,43.4229603],[3.7068754,43.4229593],[3.706436,43.4231172],[3.7063166,43.4232108],[3.7051259,43.4233164],[3.7029073,43.4235103],[3.7016986,43.4235576],[3.7016711,43.4235631],[3.7016493,43.4235741],[3.7016192,43.423571],[3.7015856,43.4235511],[3.7015842,43.4237181],[3.7015912,43.4238816],[3.7017176,43.4238686],[3.7017283,43.4238615],[3.7021455,43.4238106],[3.7021708,43.423818],[3.7029549,43.4237032],[3.703736,43.4236358],[3.7038999,43.4236529],[3.7045551,43.4235915],[3.705537,43.4235003],[3.7061143,43.4234642],[3.7069075,43.4233977],[3.7070509,43.4233551],[3.708063,43.4232698],[3.7084132,43.423251],[3.7085368,43.4232415],[3.7085983,43.4231758],[3.7086282,43.4231536],[3.7086718,43.4231424],[3.7088962,43.4231289],[3.7089445,43.4231352],[3.7090368,43.4231698],[3.7091031,43.423181],[3.7180339,43.4224347],[3.7211171,43.4221761],[3.7217881,43.4222963],[3.7220817,43.4223415],[3.7221233,43.422341]]]},"properties":{"osm_id":"way/11028164","category":"water_point","natural":"water"}},{"type":"Feature","geometry":{"type":"Polygon","coordinates":[[[3.7520148,43.436705],[3.7516151,43.4360671],[3.7514958,43.4358801],[3.7514609,43.4356474],[3.7512302,43.4352442],[3.7513161,43.435217],[3.7511444,43.4349248],[3.7510036,43.4349745],[3.7509432,43.4348664],[3.7510747,43.4348138],[3.7504363,43.4337289],[3.7496477,43.4331874],[3.7471868,43.4314958],[3.7470675,43.4314724],[3.746932,43.431376],[3.7469132,43.4312961],[3.7439881,43.4292519],[3.744855,43.4286024],[3.7451591,43.4283608],[3.7452275,43.4282857],[3.7454058,43.4282165],[3.7463156,43.4286618],[3.7490744,43.4269328],[3.7516624,43.4296996],[3.7508572,43.4303037],[3.7519947,43.4310955],[3.7529576,43.4317744],[3.7532023,43.431729],[3.7532245,43.4316935],[3.7532942,43.4316107],[3.7533197,43.4315727],[3.7532352,43.4311841],[3.750388,43.4280958],[3.7507206,43.42794],[3.7503022,43.4273536],[3.7499079,43.4268822],[3.7494761,43.4265608],[3.7491381,43.4263193],[3.7492038,43.4261985],[3.7495311,43.4264186],[3.7500903,43.4268004],[3.7508681,43.4273634],[3.7516326,43.4279692],[3.7523485,43.4286149],[3.7533089,43.4295645],[3.754186,43.4305735],[3.7551006,43.4318104],[3.7557554,43.432944],[3.756442,43.4343214],[3.756897,43.4354184],[3.757193,43.436386],[3.7576214,43.4386528],[3.7541258,43.4390321],[3.7543171,43.4400007],[3.7541552,43.4400578],[3.7539446,43.4397569],[3.7537971,43.439714],[3.7536791,43.4394998],[3.7537998,43.4394569],[3.7535155,43.4389993],[3.7524199,43.4370962],[3.7523487,43.4369562],[3.7521824,43.4369679],[3.7520148,43.436705]]]},"properties":{"osm_id":"way/11028323","category":"industrial","name":"GDH","landuse":"industrial"}},{"type":"Feature","geometry":{"type":"Polygon","coordinates":[[[3.7697601,43.4587585],[3.7714939,43.4575187],[3.7726783,43.4566464],[3.7726183,43.4565343],[3.7728414,43.4562975],[3.7737083,43.4556246],[3.7737083,43.4554564],[3.7735195,43.4551013],[3.7733564,43.4548707],[3.7732277,43.4547337],[3.7730474,43.45469],[3.7727556,43.4547399],[3.7723178,43.4548645],[3.7721805,43.454877],[3.7719917,43.4548271],[3.7715454,43.454852],[3.7712707,43.455014],[3.7710132,43.4552134],[3.7708416,43.4553256],[3.7701892,43.4556059],[3.7698116,43.4557866],[3.7696142,43.4557991],[3.7694082,43.4557617],[3.7693567,43.4557617],[3.7691679,43.4558489],[3.7687559,43.4561293],[3.7686786,43.4562041],[3.7689619,43.4570639],[3.7692022,43.4580296],[3.7692451,43.45869],[3.7696313,43.4588457],[3.7697601,43.4587585]]]},"properties":{"osm_id":"way/11989121","category":"water_point","natural":"water"}},{"type":"Feature","geometry":{"type":"LineString","coordinates":[[3.7631553,43.4453198],[3.7633082,43.4449274],[3.7634759,43.4444512]]},"properties":{"osm_id":"way/11989958","category":"road","highway":"primary","ref":"D 612","surface":"asphalt"}},{"type":"Feature","geometry":{"type":"LineString","coordinates":[[3.7589307,43.4431592],[3.758924,43.4431028],[3.7589012,43.443002],[3.7587899,43.4426251],[3.7587214,43.4422586],[3.7586995,43.4421533],[3.7586817,43.4420551],[3.7586707,43.4419556],[3.7586667,43.4418587],[3.7586668,43.4417577],[3.7586761,43.4416557],[3.758692,43.4415565],[3.7587177,43.4414672],[3.758751,43.4413765],[3.7587955,43.441283],[3.7590727,43.4407205]]},"properties":{"osm_id":"way/23619388","category":"road","highway":"secondary","name":"Avenue du 81\u00e8me R\u00e9giment d'Infanterie","ref":"D 129","surface":"asphalt"}},{"type":"Feature","geometry":{"type":"LineString","coordinates":[[3.7594122,43.4413413],[3.7593104,43.4414006],[3.7590998,43.4414863],[3.7589952,43.4415116],[3.7587663,43.4414733],[3.7587177,43.4414672]]},"properties":{"osm_id":"way/23619392","category":"road","highway":"service","surface":"asphalt"}},{"type":"Feature","geometry":{"type":"LineString","coordinates":[[3.7587955,43.441283],[3.7589589,43.4413262],[3.7590498,43.4413424],[3.7591614,43.4413559],[3.7592553,43.4413598],[3.7594122,43.4413413]]},"properties":{"osm_id":"way/23619393","category":"road","highway":"service","surface":"asphalt"}},{"type":"Feature","geometry":{"type":"LineString","coordinates":[[3.7594122,43.4413413],[3.759632,43.4412473],[3.7602601,43.440998],[3.760668,43.4402071]]},"properties":{"osm_id":"way/23619394","category":"road","highway":"service"}},{"type":"Feature","geometry":{"type":"LineString","coordinates":[[3.7610933,43.4420251],[3.7603028,43.4410296],[3.7602601,43.440998]]},"properties":{"osm_id":"way/23619395","category":"road","highway":"service","surface":"asphalt"}},{"type":"Feature","geometry":{"type":"LineString","coordinates":[[3.7589307,43.4431592],[3.7589121,43.4432176]]},"properties":{"osm_id":"way/23619401","category":"road","highway":"secondary","name":"Avenue du 81\u00e8me R\u00e9giment d'Infanterie","ref":"D 129","surface":"asphalt"}},{"type":"Feature","geometry":{"type":"LineString","coordinates":[[3.7583348,43.4439898],[3.7583396,43.4441419]]},"properties":{"osm_id":"way/23619402","category":"road","highway":"secondary","ref":"D 129","surface":"asphalt"}},{"type":"Feature","geometry":{"type":"LineString","coordinates":[[3.7583396,43.4441419],[3.758331,43.444261]]},"properties":{"osm_id":"way/23619403","category":"road","highway":"secondary","name":"Boulevard de la R\u00e9publique","ref":"D 129","surface":"asphalt"}},{"type":"Feature","geometry":{"type":"LineString","coordinates":[[3.755324,43.4476327],[3.7553958,43.4475999],[3.7555212,43.4475582],[3.7557056,43.4474968],[3.7560945,43.447346],[3.7566353,43.4471573],[3.757242,43.4469293],[3.7579359,43.4466772],[3.7583961,43.4465156],[3.7584415,43.4464777]]},"properties":{"osm_id":"way/23619404","category":"road","highway":"secondary","name":"Boulevard Gambetta","ref":"D 129E3","surface":"asphalt"}},{"type":"Feature","geometry":{"type":"LineString","coordinates":[[3.7583308,43.4443124],[3.7583796,43.4443408],[3.7583855,43.4444038],[3.7584221,43.4447967],[3.7584248,43.4448198],[3.7584292,43.4448585],[3.7584388,43.4450476],[3.7584476,43.4452228],[3.758461,43.4455063],[3.7584656,43.4455822],[3.7584737,43.4457159],[3.7585256,43.4461457],[3.7585541,43.4464293],[3.7585419,43.446477],[3.7585055,43.4465218]]},"properties":{"osm_id":"way/23619405","category":"road","highway":"secondary","name":"Boulevard de la R\u00e9publique","ref":"D 129E3","surface":"asphalt"}},{"type":"Feature","geometry":{"type":"LineString","coordinates":[[3.7553859,43.4478418],[3.7553476,43.4478614],[3.7553033,43.4478727],[3.7552565,43.4478749]]},"properties":{"osm_id":"way/23619406","category":"road","highway":"secondary","name":"Rond-Point Gambetta","surface":"asphalt"}},{"type":"Feature","geometry":{"type":"LineString","coordinates":[[3.7667505,43.4659207],[3.7667481,43.4658532],[3.7667427,43.4657821],[3.7667252,43.4657198],[3.7666877,43.465603],[3.7666403,43.4654674]]},"properties":{"osm_id":"way/25775442","category":"road","highway":"primary","ref":"D 612","surface":"asphalt"}},{"type":"Feature","geometry":{"type":"LineString","coordinates":[[3.7665679,43.4651813],[3.7665465,43.4650285],[3.766558,43.4648749],[3.7665974,43.4647014],[3.7666564,43.4645073],[3.7667903,43.4642533],[3.7680224,43.4621039]]},"properties":{"osm_id":"way/26371316","category":"road","highway":"primary","ref":"D 612","surface":"asphalt"}},{"type":"Feature","geometry":{"type":"LineString","coordinates":[[3.7665679,43.4651813],[3.7666511,43.4653759],[3.766744,43.4656088],[3.7667896,43.4657101],[3.7668361,43.465775],[3.7668888,43.465821],[3.7669318,43.4658541],[3.7670199,43.4658882]]},"properties":{"osm_id":"way/26371320","category":"road","highway":"primary","ref":"D 612","surface":"asphalt"}},{"type":"Feature","geometry":{"type":"LineString","coordinates":[[3.7772189,43.4443855],[3.7769503,43.4443832],[3.776655,43.444354],[3.7763377,43.4443254],[3.7758066,43.4443265],[3.7751714,43.4443229],[3.7742597,43.4442458],[3.7727515,43.4439875],[3.7721606,43.443847],[3.7715428,43.4436636],[3.7707089,43.4433671],[3.7697019,43.4429511],[3.7692612,43.4427194],[3.7681601,43.4420712],[3.7675482,43.4416064],[3.7667017,43.4408768],[3.7657105,43.4399424],[3.7645821,43.4388531],[3.7629663,43.4373263],[3.7629072,43.4372701],[3.7626148,43.436992],[3.7623708,43.436982],[3.7622592,43.4369446],[3.7621507,43.4368398],[3.762126,43.4367574],[3.7621485,43.436599],[3.7621397,43.4365661],[3.7621159,43.4365409],[3.7606392,43.4351427],[3.7588981,43.4335121],[3.7578601,43.4324467],[3.7573009,43.4318062],[3.7568619,43.4313034],[3.7558653,43.4301599],[3.7546956,43.4288223],[3.7539272,43.4278939],[3.7538692,43.4278109],[3.7538401,43.4277759],[3.7538075,43.4277417],[3.7537698,43.4277236],[3.753604,43.4276918],[3.7535463,43.4276656],[3.7535046,43.4276402],[3.7534737,43.4276132],[3.7534145,43.4275292],[3.7534142,43.4274337],[3.7534203,43.4274004],[3.7534659,43.4272991],[3.7534689,43.4272672],[3.7534522,43.4272116],[3.7531453,43.4267468],[3.7530891,43.426661],[3.7527789,43.4261879],[3.7527448,43.4261078],[3.7527166,43.4258418],[3.7526746,43.4257098],[3.7522581,43.4250452],[3.7513023,43.423344],[3.7507515,43.4223898],[3.7504577,43.4218581],[3.7501818,43.4213085],[3.7498596,43.4205549],[3.7498034,43.420414],[3.7497891,43.4203567],[3.7497691,43.4202664]]},"properties":{"osm_id":"way/37383354","category":"track","highway":"track","tracktype":"grade1"}},{"type":"Feature","geometry":{"type":"Polygon","coordinates":[[[3.763692,43.4457304],[3.7637801,43.445844],[3.7639177,43.4458973],[3.7641739,43.4460076],[3.764492,43.4461517],[3.7647008,43.4462313],[3.7653346,43.446409],[3.7659791,43.4466349],[3.7669553,43.4469926],[3.7676089,43.4472306],[3.7680726,43.4473812],[3.7684997,43.4474964],[3.7687803,43.4476647],[3.7691952,43.4478242],[3.7693905,43.4479571],[3.7705253,43.4483469],[3.7755894,43.4503135],[3.7760408,43.4504818],[3.776651,43.450721],[3.7771269,43.450845],[3.7773953,43.4509868],[3.7777707,43.4510737],[3.7781393,43.4512778],[3.7785391,43.4514411],[3.7789327,43.4514366],[3.7790952,43.4515863],[3.7792764,43.4516361],[3.7794638,43.4517269],[3.7799761,43.4518901],[3.7801385,43.4518901],[3.7805259,43.4519174],[3.7809195,43.4518629],[3.7813506,43.4516815],[3.7817067,43.4515182],[3.7820253,43.4513459],[3.7821441,43.4512234],[3.782244,43.4512461],[3.7823315,43.4513867],[3.782219,43.4514502],[3.7820753,43.4515273],[3.7818254,43.4516316],[3.7816755,43.4517042],[3.781538,43.451804],[3.7815005,43.4519899],[3.7815318,43.4522666],[3.7816192,43.4525251],[3.7818317,43.4529288],[3.7820974,43.4534264],[3.782244,43.4537225],[3.7824314,43.4540218],[3.7827376,43.4545252],[3.7831874,43.4550332],[3.7832999,43.4550558],[3.7838934,43.4555683],[3.784287,43.4556137],[3.7850305,43.4559493],[3.7854303,43.455972],[3.7857052,43.4559357],[3.7859114,43.4558631],[3.7860614,43.4557316],[3.7861238,43.4557951],[3.786305,43.4558223],[3.786455,43.4558586],[3.7866174,43.4559493],[3.7868111,43.456099],[3.7868361,43.4562078],[3.7868861,43.4563166],[3.7868173,43.4563892],[3.7868923,43.4564935],[3.7871609,43.4567475],[3.7874921,43.4569606],[3.7879232,43.4569561],[3.7880106,43.4569697],[3.7881668,43.4570332],[3.7884167,43.4570377],[3.7887853,43.4571148],[3.789054,43.4571874],[3.7892074,43.4572148],[3.7893954,43.4571654],[3.7895353,43.4571683],[3.7895913,43.4572206],[3.7896553,43.4573222],[3.7898672,43.4574847],[3.7899952,43.4576966],[3.7901831,43.4578301],[3.790375,43.4578127],[3.7906001,43.4579291],[3.7907882,43.4579007],[3.7910468,43.4579348],[3.7912505,43.4579746],[3.7913994,43.4579575],[3.7915561,43.4579632],[3.7917285,43.4581225],[3.7919715,43.4582932],[3.7922066,43.4583557],[3.7923163,43.4583273],[3.7926532,43.4582021],[3.7929197,43.4581851],[3.793194,43.4582533],[3.7934628,43.4584118],[3.7936584,43.4585247],[3.793869,43.4586084],[3.7940496,43.4587176],[3.7942101,43.4587213],[3.7944608,43.4587285],[3.7946013,43.4587868],[3.7946364,43.4588778],[3.7946263,43.4590052],[3.7945611,43.4591363],[3.7946364,43.4592055],[3.7949423,43.459413],[3.7950928,43.4594603],[3.7952683,43.4594566],[3.7955592,43.4593802],[3.7959203,43.4592783],[3.7961661,43.4592164],[3.7963667,43.4591326],[3.7965121,43.4589797],[3.7966927,43.4588632],[3.796798,43.4588523],[3.7970086,43.4589506],[3.7972143,43.4589361],[3.7973647,43.4588632],[3.7979114,43.4593984],[3.7980769,43.4594603],[3.7982324,43.4594603],[3.7986888,43.4593365],[3.7991452,43.4592309],[3.7992906,43.4592637],[3.7994963,43.4592528],[3.799747,43.4591945],[3.7999527,43.4591982],[3.8001934,43.4591436],[3.8004692,43.4590125],[3.8006699,43.4589834],[3.80077,43.4589547],[3.8009006,43.458947],[3.8011212,43.4589725],[3.8013921,43.4591217],[3.8015275,43.4591399],[3.8017783,43.4593329],[3.8018535,43.4594712],[3.8019337,43.4596132],[3.8020391,43.4598098],[3.8022597,43.4600792],[3.80236,43.4601119],[3.8027312,43.4600974],[3.8030076,43.4600819],[3.8033481,43.4600792],[3.8035035,43.4601556],[3.803639,43.4601811],[3.8038797,43.4601738],[3.8041204,43.4600937],[3.8044916,43.4599481],[3.8047674,43.4598753],[3.8050065,43.4598768],[3.8050877,43.4598337],[3.8051514,43.4598198],[3.8053041,43.4598995],[3.8054171,43.4599219],[3.8057201,43.4600114],[3.8059391,43.460053],[3.8062525,43.4600029],[3.8064343,43.4600257],[3.8077697,43.4599984],[3.8078324,43.4599438],[3.8082587,43.4599574],[3.8084028,43.4600348],[3.8085157,43.4600211],[3.8095438,43.4603761],[3.809688,43.4604125],[3.8099952,43.4606446],[3.8101143,43.4606855],[3.8102209,43.4606673],[3.8103275,43.4606173],[3.8104215,43.4606173],[3.8104591,43.4606946],[3.8104278,43.4608038],[3.8102836,43.461004],[3.810152,43.4611542],[3.8100767,43.4613499],[3.8101394,43.4616593],[3.8102648,43.4619869],[3.8104529,43.4622827],[3.8107162,43.4626422],[3.8108917,43.4629562],[3.8111174,43.463302],[3.8113368,43.4635659],[3.8117381,43.4639982],[3.8119324,43.4642166],[3.8121957,43.4644714],[3.812459,43.464749],[3.8126596,43.4649037],[3.8129606,43.4651494],[3.8131925,43.4652859],[3.8134005,43.4654446],[3.8135815,43.4656353],[3.813749,43.4657795],[3.814292,43.4661236],[3.8144687,43.4661559],[3.8146141,43.4661018],[3.8151548,43.4657318],[3.8157065,43.4653041],[3.8160262,43.4649901],[3.8161517,43.4647766],[3.8150147,43.4627761],[3.81502,43.4627274],[3.815101,43.462692],[3.8150969,43.4626537],[3.8151569,43.4626191],[3.8150949,43.4625624],[3.8149446,43.4626012],[3.814774,43.4625745],[3.8146903,43.4625214],[3.8146847,43.4625125],[3.8146282,43.4624227],[3.8146288,43.4624114],[3.8146337,43.4623192],[3.8144988,43.4621613],[3.8142943,43.4618312],[3.8138744,43.4613259],[3.8135328,43.4609216],[3.8134544,43.4607716],[3.8130302,43.4602773],[3.8128741,43.4601494],[3.8125493,43.4599677],[3.8123521,43.4598693],[3.8123764,43.4596622],[3.8120119,43.4593234],[3.8116582,43.4590705],[3.8110248,43.4587755],[3.8108196,43.4586269],[3.8107326,43.4586048],[3.8106412,43.4584816],[3.8104551,43.4583542],[3.8092532,43.4578515],[3.8088723,43.4577504],[3.8085807,43.4576145],[3.808237,43.4575245],[3.808031,43.4574754],[3.8067405,43.4570566],[3.8061531,43.456989],[3.8060201,43.4568256],[3.8058214,43.456716],[3.8052739,43.4564605],[3.8023505,43.4554314],[3.8021452,43.4554739],[3.8010803,43.4553097],[3.8009123,43.4551459],[3.8007861,43.4549181],[3.7993938,43.4544188],[3.7987891,43.4541877],[3.7985091,43.4540358],[3.7980247,43.4538598],[3.7970009,43.4531433],[3.7960293,43.4525145],[3.7941483,43.4515837],[3.7901273,43.4496331],[3.7899426,43.4495737],[3.7898739,43.4495151],[3.7899384,43.4494612],[3.7898375,43.4494064],[3.7897848,43.4494568],[3.7894385,43.4492637],[3.7849275,43.4470511],[3.7822496,43.4457747],[3.7818667,43.4455978],[3.781412,43.4454398],[3.7810006,43.4452869],[3.7802658,43.4450811],[3.7794796,43.4449439],[3.7791053,43.4449203],[3.7787113,43.4448674],[3.7783016,43.4448026],[3.7779321,43.4447762],[3.7775246,43.4447639],[3.7774741,43.4447875],[3.777415,43.4448802],[3.7773832,43.444863],[3.7773893,43.4447001],[3.7772613,43.4446867],[3.7772543,43.4448421],[3.7772297,43.4448599],[3.777188,43.4448654],[3.7771123,43.4448418],[3.7770309,43.444806],[3.776983,43.4447622],[3.7765651,43.4447628],[3.7765257,43.4447811],[3.7764075,43.4447811],[3.7763571,43.4447542],[3.7762481,43.4447551],[3.7761886,43.4447683],[3.7730029,43.4447821],[3.772247,43.4447887],[3.7721719,43.4447812],[3.772162,43.4447536],[3.7720857,43.4447548],[3.7720834,43.4447723],[3.7720123,43.4447904],[3.7716914,43.4447924],[3.7701558,43.4448208],[3.7678811,43.4448865],[3.7676294,43.4448918],[3.7674438,43.4449093],[3.7671549,43.4449103],[3.7669621,43.4449078],[3.7660399,43.4449633],[3.7658319,43.4449956],[3.7651768,43.4450574],[3.7650956,43.4450593],[3.7650055,43.4450747],[3.7649154,43.4450773],[3.7647358,43.4450401],[3.7640954,43.445126],[3.7639998,43.445116],[3.7639662,43.4451103],[3.7639275,43.4450993],[3.763892,43.4450461],[3.7638645,43.4450454],[3.7638218,43.4450594],[3.7637998,43.4450495],[3.7637947,43.4450046],[3.7637245,43.4450105],[3.7637325,43.4450586],[3.7637588,43.4452124],[3.7637733,43.4453079],[3.7637531,43.4454059],[3.7636724,43.445516],[3.7636449,43.4456526],[3.763692,43.4457304]]]},"properties":{"osm_id":"way/39912371","category":"water_point","name":"\u00c9tang d'Ingril","natural":"water"}},{"type":"Feature","geometry":{"type":"LineString","coordinates":[[3.778264,43.4514242],[3.7782533,43.4514553],[3.7782211,43.4515332],[3.778154,43.4516403],[3.7780799,43.4516879],[3.7780519,43.4517086],[3.7761495,43.4531152],[3.7761056,43.4531476],[3.7758221,43.4533572],[3.7756385,43.4534532],[3.7755761,43.4534858],[3.7735876,43.4550092],[3.7735416,43.4550994],[3.7737544,43.4554477],[3.7737933,43.4555877],[3.7736622,43.4558854],[3.7735363,43.4560377],[3.7729491,43.4565824],[3.7727593,43.4567524],[3.7702832,43.4584972],[3.7695881,43.4589827],[3.7693966,43.4591165],[3.7690481,43.4593431],[3.7689955,43.459432],[3.7690046,43.4595883]]},"properties":{"osm_id":"way/39960518","category":"track","highway":"track"}},{"type":"Feature","geometry":{"type":"LineString","coordinates":[[3.7551015,43.4477779],[3.755009,43.4477401],[3.7548817,43.4476376]]},"properties":{"osm_id":"way/45838996","category":"road","highway":"secondary","name":"Avenue du G\u00e9n\u00e9ral de Gaulle","surface":"asphalt"}},{"type":"Feature","geometry":{"type":"LineString","coordinates":[[3.7439263,43.4488693],[3.7438792,43.4488899],[3.7438321,43.4489105]]},"properties":{"osm_id":"way/45867973","category":"road","highway":"secondary","name":"Rue des Thermes","ref":"D 129","surface":"asphalt"}},{"type":"Feature","geometry":{"type":"LineString","coordinates":[[3.7464826,43.4469911],[3.7464821,43.446966],[3.7464867,43.4468802],[3.7465648,43.4467924],[3.7467068,43.4466842],[3.7468798,43.4465372],[3.7470532,43.4463972],[3.7471541,43.4463165],[3.7471931,43.4462918],[3.7473289,43.4462435],[3.7474429,43.4462318],[3.7476762,43.4463283],[3.7478637,43.4464139],[3.7482953,43.4466314],[3.7485637,43.4467176],[3.7486865,43.4467111],[3.7488217,43.446657],[3.7490598,43.4465407],[3.7491663,43.4465047],[3.7492974,43.4465035],[3.7494363,43.446541],[3.7495685,43.446636],[3.7498205,43.4468072],[3.7499191,43.4468744]]},"properties":{"osm_id":"way/45868244","category":"road","highway":"residential","name":"Rue Jules Ferry","surface":"asphalt"}},{"type":"Feature","geometry":{"type":"LineString","coordinates":[[3.7524623,43.4458536],[3.7524375,43.445871],[3.7523984,43.4458985],[3.7521667,43.4460681],[3.7521073,43.4461085],[3.7519661,43.4461376],[3.7516556,43.4461634],[3.7510519,43.4462053],[3.7509245,43.4462165],[3.7508456,43.4462268],[3.7507595,43.4462496],[3.7506602,43.4462969],[3.7503903,43.4465063],[3.7503618,43.4465282],[3.7501521,43.4466894],[3.7500528,43.4467639],[3.7499191,43.4468744],[3.7497324,43.4470192],[3.7496788,43.4470605],[3.7496292,43.4471062],[3.7496218,43.4471406],[3.7496316,43.4471746],[3.7496606,43.447209],[3.7497054,43.4472476],[3.7497282,43.4472739],[3.749745,43.4473108],[3.749743,43.4473323],[3.7497188,43.4473752],[3.7495512,43.4475109],[3.7493998,43.4476345],[3.7493653,43.4476613],[3.7492307,43.4477627],[3.7491879,43.4477716],[3.7491569,43.4477676],[3.7490836,43.4477233],[3.7489852,43.447678],[3.7489459,43.4476712],[3.7488768,43.4476836],[3.7488297,43.447704],[3.7487355,43.4477334],[3.7486379,43.4477491],[3.7485289,43.4477513],[3.7484287,43.4477413],[3.7483402,43.447715],[3.7482419,43.4476704],[3.7477128,43.4474222],[3.7476111,43.4473776],[3.7473758,43.4472646],[3.7472052,43.4471864],[3.7469919,43.4470886],[3.7467769,43.447013],[3.7466225,43.4469921],[3.7464826,43.4469911],[3.7463375,43.4470279],[3.7462343,43.4470984],[3.7458258,43.447464],[3.7455375,43.4477219],[3.7454239,43.4478239]]},"properties":{"osm_id":"way/45868422","category":"road","highway":"residential","name":"Avenue Jean Moulin","surface":"asphalt"}},{"type":"Feature","geometry":{"type":"LineString","coordinates":[[3.7483153,43.4487269],[3.7476152,43.4486989],[3.7466419,43.4486705],[3.7458928,43.4487117],[3.7458329,43.448715],[3.7452031,43.4487602],[3.7447698,43.4488109],[3.7444723,43.4488402],[3.744373,43.4488495]]},"properties":{"osm_id":"way/45868738","category":"road","highway":"secondary","name":"Rue des Thermes","ref":"D 129","surface":"asphalt"}},{"type":"Feature","geometry":{"type":"LineString","coordinates":[[3.7439006,43.4490496],[3.7440233,43.4491031],[3.7441767,43.4491574],[3.7442502,43.4491799],[3.744342,43.4492104],[3.7450679,43.4494698],[3.7451512,43.4495004],[3.7458567,43.4497476]]},"properties":{"osm_id":"way/45868992","category":"road","highway":"residential","name":"Avenue Pierre Curie","surface":"asphalt"}},{"type":"Feature","geometry":{"type":"LineString","coordinates":[[3.7515927,43.452567],[3.7515629,43.4525865],[3.7515261,43.4525982],[3.7514862,43.452601],[3.7514471,43.4525946],[3.7514126,43.4525796]]},"properties":{"osm_id":"way/45869013","category":"road","highway":"residential","surface":"asphalt"}},{"type":"Feature","geometry":{"type":"LineString","coordinates":[[3.7514126,43.4525796],[3.7513879,43.4525938],[3.7512866,43.4526521],[3.7511647,43.4527286],[3.7510951,43.4527986],[3.7510368,43.4528555],[3.7508567,43.4530017],[3.7506376,43.453202],[3.7505039,43.4533118],[3.7503666,43.4534158],[3.7503867,43.4535537],[3.7503304,43.4536792],[3.7501574,43.4538851],[3.7499501,43.4541068],[3.7497215,43.454277],[3.7495915,43.4543608],[3.7495404,43.4543948],[3.7494454,43.4544662],[3.7493032,43.4546054],[3.7492648,43.4546543],[3.7492174,43.4547145],[3.7491096,43.4548154],[3.7490405,43.4548578],[3.7489544,43.4548881],[3.7488656,43.4548904],[3.7487503,43.4548877],[3.748623,43.4548815],[3.7485605,43.4548766],[3.748455,43.4548896],[3.7483162,43.4549219],[3.7482159,43.4549628],[3.7481348,43.4550088],[3.7479934,43.4550325],[3.7478521,43.4550544],[3.7477514,43.4550708],[3.7475182,43.4551444],[3.746853,43.4554306],[3.7467779,43.4554812],[3.7467724,43.4555389],[3.7468207,43.4557959],[3.7468101,43.4559427],[3.7467214,43.4560607],[3.7465097,43.4562873],[3.7462736,43.4564567],[3.7460376,43.4565891],[3.7458928,43.4566514],[3.7456995,43.4567032],[3.7454822,43.4567752],[3.7453428,43.4568667],[3.7452142,43.4570856],[3.7450854,43.4572024],[3.7447877,43.4573698],[3.7444658,43.4575918],[3.7442833,43.4577526]]},"properties":{"osm_id":"way/45869107","category":"road","highway":"unclassified","name":"Rue Maurice Clavel","surface":"asphalt"}},{"type":"Feature","geometry":{"type":"LineString","coordinates":[[3.7519038,43.4526345],[3.7517385,43.4526229],[3.7516292,43.4525913],[3.7515927,43.452567]]},"properties":{"osm_id":"way/45869192","category":"road","highway":"residential","surface":"asphalt"}},{"type":"Feature","geometry":{"type":"LineString","coordinates":[[3.7534402,43.4552077],[3.7534887,43.4551551],[3.7535383,43.4550753],[3.7537222,43.4547053],[3.7537502,43.4546542],[3.7538145,43.4545038],[3.7538478,43.4543938],[3.7538788,43.4542747],[3.7539135,43.4541411],[3.753937,43.4540505],[3.7540429,43.453655],[3.7540585,43.4535969],[3.7540902,43.4534883],[3.7541231,43.4533804],[3.7541361,43.4533375]]},"properties":{"osm_id":"way/45869194","category":"road","highway":"residential","name":"Avenue des Carri\u00e8res","surface":"asphalt"}},{"type":"Feature","geometry":{"type":"LineString","coordinates":[[3.7443988,43.4485853],[3.7443842,43.4487349],[3.7443756,43.4488219],[3.744373,43.4488495]]},"properties":{"osm_id":"way/45869260","category":"road","highway":"residential","surface":"asphalt"}},{"type":"Feature","geometry":{"type":"LineString","coordinates":[[3.7437089,43.448855],[3.7437186,43.4487356],[3.7436465,43.4486472],[3.743362,43.4484613],[3.7427232,43.4480015],[3.7426599,43.4479567]]},"properties":{"osm_id":"way/45869312","category":"road","highway":"residential","name":"Rue de la Pens\u00e9e","surface":"asphalt"}},{"type":"Feature","geometry":{"type":"LineString","coordinates":[[3.7433204,43.4489532],[3.7431049,43.4488851]]},"properties":{"osm_id":"way/45869313","category":"road","highway":"secondary","name":"Rue des Thermes","ref":"D 129","surface":"asphalt"}},{"type":"Feature","geometry":{"type":"LineString","coordinates":[[3.7466371,43.4415504],[3.7465829,43.4416023],[3.7465404,43.441643],[3.7461657,43.4418468],[3.7460629,43.441914],[3.7451675,43.4425379],[3.7446278,43.4429331],[3.7445648,43.44299],[3.744496,43.4430522]]},"properties":{"osm_id":"way/45876324","category":"road","highway":"residential","name":"Rue du Carignan","surface":"asphalt"}},{"type":"Feature","geometry":{"type":"LineString","coordinates":[[3.7427533,43.4440638],[3.7426633,43.4440793],[3.7425318,43.4441338],[3.7422355,43.4442086],[3.7415485,43.4443784],[3.7412712,43.4444892],[3.7409228,43.4445974],[3.7406945,43.4446392],[3.7405169,43.4446598]]},"properties":{"osm_id":"way/45876377","category":"road","highway":"residential","name":"Rue du Luxembourg","surface":"asphalt"}},{"type":"Feature","geometry":{"type":"LineString","coordinates":[[3.7350065,43.445839],[3.7352063,43.4460211],[3.7354696,43.4462847],[3.7358487,43.4465877],[3.7359926,43.4466566],[3.7361701,43.4467148],[3.7363842,43.4467676],[3.7365607,43.4468001],[3.736686,43.4468085],[3.7373753,43.4468064],[3.7384995,43.4468051]]},"properties":{"osm_id":"way/45876453","category":"track","highway":"track","surface":"asphalt"}},{"type":"Feature","geometry":{"type":"LineString","coordinates":[[3.7434816,43.4440237],[3.7439959,43.4439436],[3.7440782,43.4439304],[3.7446055,43.4438363],[3.7446883,43.4438261],[3.7450982,43.443815],[3.7451765,43.4438135],[3.7452456,43.4437915]]},"properties":{"osm_id":"way/45876535","category":"road","highway":"residential","name":"Avenue d'Italie","surface":"asphalt"}},{"type":"Feature","geometry":{"type":"LineString","coordinates":[[3.7492353,43.443951],[3.7487436,43.4436158],[3.7486228,43.4435335],[3.7479745,43.4431378],[3.7476387,43.4429485],[3.7472947,43.442789],[3.7469049,43.442561],[3.7466064,43.4422856],[3.746198,43.441879],[3.7461657,43.4418468],[3.7461429,43.4418171],[3.745933,43.4415433]]},"properties":{"osm_id":"way/45876559","category":"road","highway":"residential","name":"Rue du Calvaire","surface":"asphalt"}},{"type":"Feature","geometry":{"type":"LineString","coordinates":[[3.7458178,43.4409369],[3.7457746,43.4409565],[3.745664,43.4410131],[3.7455721,43.4410286],[3.7454937,43.4410214],[3.745353,43.4409519],[3.745099,43.4408327],[3.7448076,43.4407989],[3.744387,43.4407965],[3.7436796,43.4406805],[3.7429642,43.4404179],[3.7422782,43.4401336],[3.7422559,43.4401244],[3.7422348,43.4401172],[3.7419721,43.4400138],[3.7419124,43.4399533],[3.7416776,43.4396556],[3.7416133,43.4395468],[3.7415057,43.4393412],[3.7414496,43.4392739],[3.7411691,43.4388702],[3.7410392,43.4387091],[3.7409138,43.4385935],[3.7404544,43.4383161],[3.7402459,43.4382448]]},"properties":{"osm_id":"way/45876602","category":"road","highway":"residential","name":"Chemin de la Calade","surface":"asphalt"}},{"type":"Feature","geometry":{"type":"LineString","coordinates":[[3.7504347,43.4443524],[3.7504875,43.4443227],[3.7509651,43.4440541],[3.7510777,43.444068],[3.7516791,43.4441724],[3.7517908,43.4441903],[3.7518961,43.444184],[3.7521935,43.4441147],[3.7527442,43.4439585]]},"properties":{"osm_id":"way/45876764","category":"road","highway":"residential","name":"Rue des Airolles","surface":"asphalt"}},{"type":"Feature","geometry":{"type":"LineString","coordinates":[[3.7488594,43.4411558],[3.7489398,43.4410921],[3.7491207,43.4409041],[3.7492924,43.4406392],[3.7494265,43.4405125],[3.7496129,43.4403217],[3.7497309,43.4401999],[3.749844,43.4401069],[3.7498744,43.4400928],[3.7499508,43.4400724],[3.7500289,43.4400701]]},"properties":{"osm_id":"way/45876831","category":"road","highway":"residential","name":"Rue de l'Artisanat","surface":"asphalt"}},{"type":"Feature","geometry":{"type":"LineString","coordinates":[[3.7529605,43.4438733],[3.753007,43.4439282],[3.7530957,43.4440033],[3.7531346,43.4440381],[3.7532725,43.4441787],[3.7534444,43.4443178],[3.7535334,43.4443954],[3.7537414,43.4446357],[3.7538373,43.4447073],[3.7540027,43.4448156],[3.7540316,43.4448345],[3.754093,43.4448651],[3.7544583,43.4450199],[3.7547716,43.4451668],[3.7548558,43.4452126],[3.7549022,43.4452419],[3.7549368,43.4452625]]},"properties":{"osm_id":"way/45876883","category":"road","highway":"residential","name":"Rue des Airolles","surface":"asphalt"}},{"type":"Feature","geometry":{"type":"LineString","coordinates":[[3.7532992,43.4464826],[3.7533751,43.4464261],[3.7535835,43.446271],[3.7536353,43.4462324],[3.7541711,43.4458308],[3.7545564,43.4455305],[3.7548708,43.445309],[3.7549368,43.4452625],[3.7550266,43.4452031],[3.7551466,43.4451205],[3.7560442,43.4445028],[3.7563827,43.4442679],[3.7566331,43.4440942],[3.7566953,43.4440511],[3.7567939,43.4439882]]},"properties":{"osm_id":"way/45876891","category":"road","highway":"residential","name":"Boulevard Victor Hugo","ref":"D 129","surface":"asphalt"}},{"type":"Feature","geometry":{"type":"LineString","coordinates":[[3.7559243,43.4436061],[3.7558309,43.443721],[3.755794,43.4437735],[3.7557578,43.4437959],[3.7557082,43.443798],[3.7556401,43.4437834],[3.7555124,43.443756],[3.7554613,43.443743],[3.7552379,43.4436692],[3.7550428,43.4436157],[3.7549478,43.4435896],[3.7547297,43.4435294],[3.7545231,43.4434678],[3.7544384,43.443404]]},"properties":{"osm_id":"way/45876943","category":"road","highway":"residential","name":"Rue de l'Industrie","surface":"asphalt"}},{"type":"Feature","geometry":{"type":"LineString","coordinates":[[3.7544523,43.4415391],[3.7548567,43.4422092],[3.7551976,43.4427783]]},"properties":{"osm_id":"way/45876982","category":"road","highway":"residential","name":"Quai Voltaire","surface":"asphalt"}},{"type":"Feature","geometry":{"type":"LineString","coordinates":[[3.7490335,43.4419819],[3.7489718,43.4419634],[3.7488898,43.4419362],[3.7488333,43.4419168],[3.7486473,43.4418349],[3.7486042,43.4418141],[3.7484237,43.4417272],[3.7480765,43.4415704],[3.7477169,43.4413935],[3.7472571,43.4411098],[3.7472351,43.4410841],[3.7472456,43.4410464],[3.747373,43.4409509],[3.7478407,43.4405854]]},"properties":{"osm_id":"way/45878106","category":"road","highway":"residential","name":"Rue de la Mar\u00e9chauss\u00e9e","surface":"asphalt"}},{"type":"Feature","geometry":{"type":"LineString","coordinates":[[3.7322181,43.4387244],[3.7323725,43.4387536],[3.7324534,43.4387548],[3.7325548,43.4387385],[3.733099,43.4386314],[3.7332192,43.438602],[3.7333815,43.4385445],[3.7334713,43.4385143],[3.7335974,43.4384875],[3.7340118,43.4384004],[3.7341644,43.4383827],[3.7345649,43.438373],[3.7346693,43.4383654],[3.7351041,43.4384198],[3.7357626,43.4385273],[3.7359872,43.4385786],[3.7362062,43.4386345],[3.7364231,43.4386993],[3.7366299,43.4387763],[3.7370273,43.4389344],[3.7372855,43.4390181],[3.7376046,43.4390996],[3.7380182,43.4391844],[3.7381679,43.4392291],[3.7382792,43.4392729],[3.7384432,43.4393533],[3.7384965,43.4393878],[3.7389669,43.4397289],[3.7397444,43.4403914]]},"properties":{"osm_id":"way/46135989","category":"road","highway":"unclassified","name":"Chemin des Avaussiers et de Mattemale"}},{"type":"Feature","geometry":{"type":"LineString","coordinates":[[3.7454147,43.4406226],[3.7454487,43.4405977],[3.7460579,43.4401526]]},"properties":{"osm_id":"way/46148803","category":"road","highway":"residential","name":"Impasse Marivaux","surface":"asphalt"}},{"type":"Feature","geometry":{"type":"LineString","coordinates":[[3.7479146,43.4406341],[3.7483003,43.4403503],[3.7483428,43.4403411],[3.7483941,43.4403464],[3.7485641,43.4404502],[3.7486097,43.4404697],[3.748658,43.4404658],[3.7486959,43.4404497],[3.7491452,43.4400333],[3.7491566,43.4399981],[3.7491392,43.4399691],[3.7491102,43.4399491],[3.7487479,43.4396858],[3.7487237,43.4396663],[3.7487116,43.4396322],[3.7487183,43.4396011],[3.7487455,43.4395713],[3.7489678,43.4394121],[3.7490161,43.4393761],[3.7490473,43.4393609]]},"properties":{"osm_id":"way/46148827","category":"road","highway":"residential","name":"Rue Maurice Ravel","surface":"asphalt"}},{"type":"Feature","geometry":{"type":"LineString","coordinates":[[3.7471436,43.4401469],[3.7471627,43.4401279],[3.7472847,43.4400402],[3.7478018,43.4396687],[3.7478942,43.4396005],[3.748539,43.4391248],[3.7485903,43.4390845],[3.7486125,43.4390668]]},"properties":{"osm_id":"way/46148833","category":"road","highway":"residential","name":"Rue Jean Philippe Rameau","surface":"asphalt"}},{"type":"Feature","geometry":{"type":"LineString","coordinates":[[3.7554613,43.443743],[3.7554121,43.4437932],[3.7552847,43.4439229],[3.7549816,43.4441966],[3.7548821,43.4442692],[3.7547429,43.4443494],[3.7543554,43.4445519],[3.7542226,43.4446318],[3.7540316,43.4448345]]},"properties":{"osm_id":"way/46149008","category":"road","highway":"residential","name":"Rue Emilien Barat","surface":"asphalt"}},{"type":"Feature","geometry":{"type":"LineString","coordinates":[[3.749018,43.4420256],[3.7491073,43.4420656],[3.7494526,43.442193],[3.7502046,43.4427016],[3.7504007,43.4428598],[3.7504399,43.4429582],[3.7504417,43.4430939],[3.7504218,43.4432024],[3.7504095,43.4432906],[3.750413,43.4433841],[3.7504143,43.4434355],[3.750439,43.4435642],[3.7505325,43.4437042],[3.7507294,43.443902],[3.7509327,43.4440332],[3.7509651,43.4440541]]},"properties":{"osm_id":"way/46149012","category":"road","highway":"residential","name":"Chemin de la Distillerie","surface":"asphalt"}},{"type":"Feature","geometry":{"type":"LineString","coordinates":[[3.7419721,43.4400138],[3.7419458,43.4400276],[3.7418606,43.4400698],[3.7418156,43.4400722],[3.7412025,43.4401056],[3.7408963,43.4401045],[3.7405641,43.4401139],[3.7404059,43.440129],[3.7402372,43.4401667],[3.7400867,43.4402307],[3.7397444,43.4403914]]},"properties":{"osm_id":"way/46149123","category":"road","highway":"residential","name":"Rue La Bruy\u00e8re","surface":"asphalt"}},{"type":"Feature","geometry":{"type":"LineString","coordinates":[[3.7411653,43.4423559],[3.7409682,43.4422235],[3.7408648,43.4421679],[3.7407629,43.442127],[3.740665,43.4421114],[3.7404963,43.4421225],[3.7402533,43.4421523],[3.7401236,43.4421585],[3.7397131,43.4421148],[3.7395425,43.4421065],[3.7392788,43.4421138]]},"properties":{"osm_id":"way/46149184","category":"road","highway":"unclassified","name":"Chemin Viol de Seilhac","ref":"CR 19","surface":"asphalt"}},{"type":"Feature","geometry":{"type":"LineString","coordinates":[[3.7361643,43.4418573],[3.7360556,43.4418913],[3.735939,43.4419371],[3.7358679,43.441977],[3.7357847,43.4420491],[3.7357257,43.4420939],[3.7355533,43.4421985],[3.7352685,43.442386],[3.7352163,43.4424252],[3.734886,43.4427578],[3.7348326,43.4427687],[3.734787,43.4427628],[3.7346743,43.4427365],[3.7346099,43.4427229],[3.7345218,43.4427365],[3.7344788,43.4427583],[3.7339932,43.4431321],[3.733938,43.4431485],[3.7338806,43.4431505],[3.7337972,43.4431231],[3.7336874,43.4430259],[3.7327981,43.4420199],[3.7327552,43.4419731],[3.7326957,43.441945],[3.7326533,43.441942],[3.7325781,43.4419635],[3.7320655,43.4422091],[3.7318365,43.4423237],[3.7316906,43.4423518]]},"properties":{"osm_id":"way/46149206","category":"road","highway":"unclassified","name":"Chemin du Mas de Guiraud","ref":"C 17","surface":"asphalt"}},{"type":"Feature","geometry":{"type":"LineString","coordinates":[[3.7306602,43.4441831],[3.730714,43.4441513],[3.7308119,43.4440549],[3.7309797,43.4439161],[3.7312323,43.4437284],[3.7315562,43.4435223],[3.7316558,43.4434205],[3.731693,43.4433451],[3.731683,43.4432829],[3.7315522,43.4429897],[3.7314779,43.442737],[3.7314677,43.442684],[3.7314744,43.4426323],[3.7315096,43.4425597],[3.7315442,43.4425116],[3.7316528,43.4423938],[3.7316906,43.4423518]]},"properties":{"osm_id":"way/46149207","category":"track","highway":"track","name":"Chemin du Mas des Rouires","surface":"unpaved"}},{"type":"Feature","geometry":{"type":"LineString","coordinates":[[3.7300473,43.4438978],[3.7302055,43.4438501],[3.7302634,43.4438466],[3.730341,43.4438852],[3.7304805,43.4440254],[3.7306602,43.4441831],[3.7307084,43.4442591],[3.7311564,43.4446096],[3.7313281,43.4447342],[3.7314568,43.4448978],[3.7315427,43.4450302],[3.7316392,43.4450614],[3.7317787,43.4450224],[3.731886,43.4449679],[3.7319505,43.4449605],[3.7320054,43.4449981],[3.7322481,43.4452795],[3.7325889,43.4457832],[3.7327537,43.445966],[3.7327778,43.4459903],[3.7328276,43.4460335],[3.7328569,43.4460769],[3.7328464,43.4461318],[3.7328731,43.4461957],[3.7329267,43.446261],[3.7332063,43.4465621]]},"properties":{"osm_id":"way/46149215","category":"track","highway":"track","name":"Chemin du Mas de Guerre","surface":"unpaved"}},{"type":"Feature","geometry":{"type":"LineString","coordinates":[[3.7422355,43.4442086],[3.7422059,43.4441309],[3.7420011,43.443982],[3.7414761,43.4435739],[3.7411508,43.4433384],[3.7411012,43.4433472],[3.7410727,43.4436762],[3.7410918,43.4437075],[3.7411736,43.4437727],[3.7416055,43.4440716],[3.7416564,43.4440853],[3.741931,43.444015],[3.7420011,43.443982]]},"properties":{"osm_id":"way/46149216","category":"road","highway":"residential","name":"Rue d'Espagne","surface":"asphalt"}},{"type":"Feature","geometry":{"type":"LineString","coordinates":[[3.745299,43.4437257],[3.7452893,43.4436968],[3.7452221,43.4436328],[3.744606,43.4431373],[3.7445723,43.4431112],[3.744496,43.4430522]]},"properties":{"osm_id":"way/46149253","category":"road","highway":"residential","name":"Rue de l'Aramon","surface":"asphalt"}},{"type":"Feature","geometry":{"type":"LineString","coordinates":[[3.7465722,43.443824],[3.7465767,43.4437991],[3.746602,43.4436579],[3.7466905,43.4435498],[3.7469265,43.4433628],[3.7470338,43.4432382],[3.7470072,43.4430709],[3.7470016,43.4430357],[3.74683,43.4428877],[3.7466583,43.4427786],[3.7465939,43.4427864],[3.7461648,43.4430279],[3.7460682,43.4430824],[3.7460212,43.4430842],[3.7458644,43.4430902],[3.7457571,43.4430357],[3.7455693,43.4428828],[3.7451911,43.4425565],[3.7451675,43.4425379]]},"properties":{"osm_id":"way/46149259","category":"road","highway":"residential","name":"Rue du Grenache","surface":"asphalt"}},{"type":"Feature","geometry":{"type":"LineString","coordinates":[[3.7471931,43.4462918],[3.7467758,43.4460093],[3.7465646,43.4458725],[3.7464868,43.44583],[3.7464137,43.445811],[3.7462958,43.4458104],[3.7462105,43.4458519],[3.7461334,43.4459041],[3.7460455,43.4459828],[3.7459497,43.4460405],[3.745843,43.4460763],[3.7457204,43.4460921],[3.7454239,43.4461009],[3.7450847,43.4460941],[3.7447132,43.4459879],[3.7445335,43.4459314],[3.7443678,43.4459205],[3.7442331,43.4459392],[3.7439327,43.4460171],[3.7437616,43.4460578],[3.7435725,43.4460896],[3.743484,43.4460968],[3.7431387,43.4461028],[3.7430991,43.4461016],[3.7430508,43.4460909],[3.7429449,43.44605],[3.7428772,43.4460442],[3.7428395,43.4460456]]},"properties":{"osm_id":"way/46149261","category":"road","highway":"residential","name":"Rue des Terres Blanches","surface":"asphalt"}},{"type":"Feature","geometry":{"type":"LineString","coordinates":[[3.7423037,43.4456458],[3.7423206,43.4456786],[3.7424017,43.4457462],[3.7424453,43.4457793],[3.7425052,43.4458058],[3.7427412,43.4459081],[3.7427975,43.445944],[3.7428249,43.4459955],[3.7428395,43.4460456],[3.7429102,43.4463501],[3.7429367,43.4464276],[3.7430483,43.4465289],[3.7430867,43.4465477],[3.7433104,43.4466572],[3.7434518,43.4467277],[3.7442904,43.4471459],[3.7449406,43.4474659],[3.7453077,43.4477426],[3.7453971,43.4478051],[3.7454239,43.4478239]]},"properties":{"osm_id":"way/46149264","category":"road","highway":"residential","name":"Rue du Vercors","surface":"asphalt"}},{"type":"Feature","geometry":{"type":"LineString","coordinates":[[3.7442904,43.4471459],[3.7443124,43.4471222],[3.7443627,43.447068],[3.7445099,43.4469097],[3.7445452,43.4467739],[3.7445344,43.4466415],[3.7447597,43.4464389],[3.7450092,43.4461945],[3.7450847,43.4460941]]},"properties":{"osm_id":"way/46149266","category":"road","highway":"residential","name":"Rue de la Madeleine","surface":"asphalt"}},{"type":"Feature","geometry":{"type":"LineString","coordinates":[[3.7528379,43.4476242],[3.7528057,43.447601],[3.7526221,43.4474709],[3.7525777,43.4474394],[3.7518482,43.4469499]]},"properties":{"osm_id":"way/46149268","category":"road","highway":"residential","name":"Rue de l'Hospice","surface":"asphalt"}},{"type":"Feature","geometry":{"type":"LineString","coordinates":[[3.7518482,43.4469499],[3.7517416,43.4470321],[3.7512537,43.4474256],[3.7509601,43.4476703],[3.7508167,43.4477893],[3.7506769,43.4478878],[3.7501778,43.4483089],[3.7500947,43.4483789],[3.7500528,43.4484136],[3.749752,43.4486567],[3.7497207,43.4486883],[3.7497111,43.4487445],[3.7497172,43.4487751]]},"properties":{"osm_id":"way/46149276","category":"road","highway":"residential","name":"Avenue des M\u00fbriers","surface":"asphalt"}},{"type":"Feature","geometry":{"type":"LineString","coordinates":[[3.7512537,43.4474256],[3.7511528,43.4473522],[3.750211,43.4467286],[3.7501809,43.4467086],[3.7501521,43.4466894]]},"properties":{"osm_id":"way/46149279","category":"road","highway":"residential","name":"Rue de Saint-Clair","surface":"asphalt"}},{"type":"Feature","geometry":{"type":"LineString","coordinates":[[3.749745,43.4473108],[3.7498382,43.4473323],[3.7499366,43.4473937],[3.7505178,43.4477919],[3.7506769,43.4478878]]},"properties":{"osm_id":"way/46149280","category":"road","highway":"residential","name":"Rue des Quatre Vents","surface":"asphalt"}},{"type":"Feature","geometry":{"type":"LineString","coordinates":[[3.7519384,43.4483364],[3.7519059,43.4483143],[3.7518626,43.4482847],[3.7509601,43.4476703]]},"properties":{"osm_id":"way/46149283","category":"road","highway":"residential","name":"Rue Henri Ferrari","surface":"asphalt"}},{"type":"Feature","geometry":{"type":"LineString","coordinates":[[3.7647225,43.4602586],[3.7647536,43.4603002],[3.7648067,43.4603803],[3.7651175,43.460829],[3.7653248,43.4611659],[3.7653911,43.4612725]]},"properties":{"osm_id":"way/46149363","category":"road","highway":"secondary","name":"Route de Montpellier","surface":"asphalt"}},{"type":"Feature","geometry":{"type":"LineString","coordinates":[[3.7680936,43.4658459],[3.7681404,43.4658143],[3.7681962,43.4657917],[3.7682578,43.4657793],[3.7683217,43.4657779],[3.7683842,43.4657876],[3.7684417,43.4658077],[3.7684911,43.4658372],[3.7685293,43.4658744],[3.7685543,43.465917],[3.7685647,43.4659628],[3.7685597,43.466009]]},"properties":{"osm_id":"way/46149369","category":"road","highway":"residential","surface":"asphalt"}},{"type":"Feature","geometry":{"type":"LineString","coordinates":[[3.7698051,43.4652997],[3.7697919,43.465411],[3.7697576,43.4654931],[3.7696999,43.4655612],[3.7689489,43.46586],[3.7687826,43.4659097],[3.768623,43.465969],[3.7685597,43.466009]]},"properties":{"osm_id":"way/46149374","category":"road","highway":"residential","name":"Rue des Joncs","surface":"asphalt"}},{"type":"Feature","geometry":{"type":"LineString","coordinates":[[3.7684918,43.4661044],[3.7684401,43.4661857],[3.7684374,43.4662208],[3.7684294,43.4662885]]},"properties":{"osm_id":"way/46149379","category":"road","highway":"residential","name":"Rue des Sauniers","surface":"asphalt"}},{"type":"Feature","geometry":{"type":"LineString","coordinates":[[3.7680849,43.4660883],[3.7680136,43.4660573],[3.7679278,43.4660417],[3.7678088,43.4660417],[3.7674294,43.4660839],[3.7673262,43.4661131],[3.7672912,43.4661267],[3.7672277,43.4661706]]},"properties":{"osm_id":"way/46149390","category":"road","highway":"unclassified","surface":"asphalt"}},{"type":"Feature","geometry":{"type":"LineString","coordinates":[[3.7619123,43.4583871],[3.7618357,43.4583803],[3.7617278,43.4583544],[3.7616292,43.4583044],[3.761573,43.4582612],[3.7615025,43.4582104],[3.7614039,43.4581233],[3.761177,43.4579276],[3.760642,43.4574219],[3.7605541,43.4573518],[3.7603316,43.4571745],[3.7598027,43.4568747],[3.7596635,43.4567958]]},"properties":{"osm_id":"way/46149503","category":"road","highway":"residential","name":"Avenue Albert Schweitzer","surface":"asphalt"}},{"type":"Feature","geometry":{"type":"LineString","coordinates":[[3.7566257,43.454619],[3.756641,43.4546006],[3.7566635,43.4545868],[3.7566908,43.4545787],[3.7567211,43.4545775],[3.7567504,43.4545834],[3.7567754,43.4545959],[3.7567935,43.4546136],[3.7568027,43.4546346],[3.7568021,43.4546566],[3.7567916,43.4546773]]},"properties":{"osm_id":"way/46149509","category":"road","highway":"residential","surface":"asphalt"}},{"type":"Feature","geometry":{"type":"LineString","coordinates":[[3.7571788,43.4494623],[3.7570799,43.4495226],[3.7570211,43.4496223],[3.7569991,43.4497063],[3.7569555,43.4501196],[3.7569119,43.4503983],[3.7568777,43.4506312],[3.7568562,43.4507897],[3.7568239,43.4509469],[3.7568056,43.4510015],[3.7567812,43.4510449],[3.7567207,43.4512215],[3.7566723,43.4513423],[3.75659,43.4515379],[3.7563667,43.4521849],[3.7562379,43.4525959],[3.7562003,43.4527974],[3.7562192,43.4529864],[3.7563056,43.4531705],[3.756324,43.4533056],[3.7563036,43.4535381],[3.7563117,43.4536171],[3.7563099,43.4536637],[3.7563086,43.4536994]]},"properties":{"osm_id":"way/46149519","category":"road","highway":"residential","name":"Avenue des Jardiniers","surface":"asphalt"}},{"type":"Feature","geometry":{"type":"LineString","coordinates":[[3.7580743,43.450787],[3.758052,43.4507954],[3.7580265,43.450805],[3.7576705,43.450939],[3.7573556,43.4510576],[3.757261,43.4510874],[3.7568241,43.451232],[3.7567375,43.4512258],[3.7567207,43.4512215]]},"properties":{"osm_id":"way/46149520","category":"road","highway":"residential","name":"Rue de la 1re Arm\u00e9e","surface":"asphalt"}},{"type":"Feature","geometry":{"type":"LineString","coordinates":[[3.7573556,43.4510576],[3.7574154,43.4511323],[3.7575449,43.4513138],[3.7575982,43.4513884],[3.7579322,43.4517506],[3.7584207,43.4522955],[3.7586943,43.4526263],[3.7587187,43.4526558]]},"properties":{"osm_id":"way/46149521","category":"road","highway":"residential","name":"Avenue Mar\u00e9chal de Lattre de Tassigny","surface":"asphalt"}},{"type":"Feature","geometry":{"type":"LineString","coordinates":[[3.7591595,43.4524709],[3.7591199,43.4524875],[3.7587187,43.4526558],[3.7583854,43.4528103],[3.7580769,43.4529602],[3.7577094,43.4531062],[3.7575807,43.4531841],[3.7575008,43.4532352],[3.7573125,43.4533555],[3.7570723,43.4535461],[3.7569423,43.4536549],[3.7568028,43.4536989],[3.7566796,43.4537076],[3.756453,43.453694],[3.7563086,43.4536994]]},"properties":{"osm_id":"way/46149530","category":"road","highway":"residential","name":"Rue Mar\u00e9chal Leclerc","surface":"asphalt"}},{"type":"Feature","geometry":{"type":"LineString","coordinates":[[3.7551336,43.4478272],[3.755029,43.4479193],[3.7547107,43.4481993],[3.7541236,43.4487077],[3.7540455,43.4487761]]},"properties":{"osm_id":"way/46149533","category":"road","highway":"residential","name":"Rue Anatole France","surface":"asphalt"}},{"type":"Feature","geometry":{"type":"LineString","coordinates":[[3.7521935,43.4441147],[3.7521891,43.4441893],[3.7521878,43.4442341],[3.7521734,43.4442968],[3.7520232,43.4445539],[3.7520134,43.4446061]]},"properties":{"osm_id":"way/46149542","category":"road","highway":"residential","name":"Impasse Saint-Saens","surface":"asphalt"}},{"type":"Feature","geometry":{"type":"LineString","coordinates":[[3.745609,43.4389895],[3.7456647,43.4390752],[3.7456991,43.4391308],[3.7457854,43.439233],[3.745906,43.4393524],[3.7460174,43.4394376],[3.7461654,43.439553],[3.7463281,43.4396777],[3.7465082,43.4397978],[3.7468714,43.4400195],[3.7470393,43.4400948],[3.7471436,43.4401469],[3.7472998,43.4402302],[3.7474591,43.4403264],[3.7478407,43.4405854],[3.7479146,43.4406341],[3.7482885,43.4409412],[3.7485305,43.4411],[3.7485957,43.4411433],[3.7487026,43.4411776]]},"properties":{"osm_id":"way/46156348","category":"road","highway":"residential","name":"Rue de la Gendarmerie","surface":"asphalt"}},{"type":"Feature","geometry":{"type":"LineString","coordinates":[[3.7453628,43.4437791],[3.7454672,43.4437882],[3.7461045,43.4437823],[3.7463092,43.4437972],[3.7465722,43.443824],[3.746873,43.4438584],[3.7476455,43.4439547],[3.748687,43.4439445],[3.7492353,43.443951],[3.7494437,43.4440101],[3.7497171,43.4439933],[3.749743,43.4439917],[3.7498419,43.4439695],[3.7498873,43.4439593]]},"properties":{"osm_id":"way/46156356","category":"road","highway":"residential","name":"Rue Olivier de Serres","surface":"asphalt"}},{"type":"Feature","geometry":{"type":"LineString","coordinates":[[3.7544384,43.443404],[3.7545119,43.443349],[3.7549719,43.4429069],[3.7550306,43.4428543],[3.7550849,43.4428217],[3.7551976,43.4427783]]},"properties":{"osm_id":"way/46156357","category":"road","highway":"residential","name":"Rue Joseph Perrier","surface":"asphalt"}},{"type":"Feature","geometry":{"type":"LineString","coordinates":[[3.758331,43.444261],[3.7583951,43.4442735],[3.7584561,43.4442765],[3.7587203,43.4443467]]},"properties":{"osm_id":"way/46156359","category":"road","highway":"residential","surface":"asphalt"}},{"type":"Feature","geometry":{"type":"LineString","coordinates":[[3.7265711,43.447964],[3.7273468,43.4480643],[3.7276818,43.4480898],[3.7279151,43.4480957],[3.7281384,43.4480925],[3.7285061,43.448075],[3.7308615,43.4479302],[3.7312562,43.4479199],[3.7316233,43.4479263],[3.7319434,43.4479464],[3.7326344,43.4480068],[3.7332876,43.4480593],[3.7335545,43.4480665],[3.7337426,43.4480661],[3.7339193,43.4480587],[3.7341231,43.4480373],[3.734675,43.4479695],[3.7349559,43.4479584],[3.7351999,43.4479609],[3.735598,43.4479943],[3.7364755,43.4480679],[3.7380874,43.4482086],[3.7386016,43.4482597],[3.7392126,43.4483488]]},"properties":{"osm_id":"way/46171506","category":"road","highway":"secondary","name":"Rue des Thermes","ref":"D 129","surface":"asphalt"}},{"type":"Feature","geometry":{"type":"LineString","coordinates":[[3.7437456,43.4490019],[3.7436875,43.4490057],[3.743573,43.4490168],[3.7434839,43.4490328],[3.7434046,43.4490226],[3.7433444,43.4489943],[3.7433204,43.4489532],[3.743331,43.4489102],[3.7433556,43.4488765],[3.7434076,43.4488649],[3.7436257,43.4488589],[3.7437089,43.448855],[3.7437981,43.4488648]]},"properties":{"osm_id":"way/46171508","category":"road","highway":"secondary","surface":"asphalt"}},{"type":"Feature","geometry":{"type":"LineString","coordinates":[[3.748687,43.4439445],[3.7486568,43.4439713],[3.7482419,43.4443395],[3.7482101,43.4443682],[3.7481897,43.4443866],[3.7479221,43.4446283],[3.7476646,43.4446412],[3.7470267,43.445157],[3.746994,43.4451702]]},"properties":{"osm_id":"way/46194535","category":"road","highway":"residential","name":"Rue du Chasselas","surface":"asphalt"}},{"type":"Feature","geometry":{"type":"LineString","coordinates":[[3.746873,43.4438584],[3.7467988,43.4439665],[3.7462999,43.4444018],[3.7462064,43.4444844],[3.7464818,43.4446519]]},"properties":{"osm_id":"way/46194548","category":"road","highway":"residential","name":"Impasse des Vignaux","surface":"asphalt"}},{"type":"Feature","geometry":{"type":"LineString","coordinates":[[3.7511434,43.4448644],[3.7510709,43.4449205],[3.7501553,43.4456282]]},"properties":{"osm_id":"way/46194587","category":"road","highway":"residential","name":"Rue Antoine Baume","surface":"asphalt"}},{"type":"Feature","geometry":{"type":"LineString","coordinates":[[3.7491562,43.4459726],[3.7488022,43.4456688],[3.7485407,43.4454731],[3.7484575,43.4454508]]},"properties":{"osm_id":"way/46194622","category":"road","highway":"residential","name":"Rue Charles Perrault","surface":"asphalt"}},{"type":"Feature","geometry":{"type":"LineString","coordinates":[[3.7479975,43.4457779],[3.7475229,43.4454734]]},"properties":{"osm_id":"way/46194636","category":"road","highway":"residential","name":"Impasse de S\u00e9gur","surface":"asphalt"}},{"type":"Feature","geometry":{"type":"LineString","coordinates":[[3.7496473,43.4452664],[3.7501033,43.4449276],[3.7501761,43.4449741]]},"properties":{"osm_id":"way/46194877","category":"road","highway":"residential","name":"Impasse Berthelot","surface":"asphalt"}},{"type":"Feature","geometry":{"type":"LineString","coordinates":[[3.7447132,43.4459879],[3.7453022,43.4453599],[3.7455616,43.4451143],[3.7452613,43.4449647]]},"properties":{"osm_id":"way/46194981","category":"road","highway":"residential","name":"Impasse des Terres Blanches","surface":"asphalt"}},{"type":"Feature","geometry":{"type":"LineString","coordinates":[[3.7428964,43.4451115],[3.7428735,43.4450961],[3.7425795,43.4448983],[3.7430676,43.4445283],[3.7433848,43.4445058],[3.7434382,43.444499],[3.743484,43.444496],[3.7437382,43.444469]]},"properties":{"osm_id":"way/46195096","category":"road","highway":"residential","name":"Rue du Portugal","surface":"asphalt"}},{"type":"Feature","geometry":{"type":"LineString","coordinates":[[3.7417212,43.445988],[3.7412876,43.4457067],[3.740959,43.4454925],[3.7408531,43.445439],[3.7407029,43.4454623],[3.7406063,43.4455558],[3.7405205,43.445844],[3.7405527,43.4458907],[3.7406278,43.4458752],[3.7407458,43.4457817],[3.7407887,43.4456882],[3.7407994,43.4455947],[3.7408652,43.4455285],[3.740959,43.4454925]]},"properties":{"osm_id":"way/46195450","category":"road","highway":"residential","name":"Rue Clemenceau","surface":"asphalt"}},{"type":"Feature","geometry":{"type":"LineString","coordinates":[[3.7412876,43.4457067],[3.7417536,43.4453404],[3.741762,43.4452633],[3.7415323,43.4450755]]},"properties":{"osm_id":"way/46195460","category":"road","highway":"residential","name":"Rue de Rethondes 1918","surface":"asphalt"}},{"type":"Feature","geometry":{"type":"LineString","coordinates":[[3.7429367,43.4464276],[3.7428591,43.4464453],[3.7427118,43.4464747],[3.7426163,43.4464794],[3.7425185,43.446433],[3.7422717,43.446285],[3.7420867,43.4462012],[3.7419391,43.4461837],[3.7416924,43.4463551]]},"properties":{"osm_id":"way/46195485","category":"road","highway":"residential","name":"Rue du Souvenir Fran\u00e7ais","surface":"asphalt"}},{"type":"Feature","geometry":{"type":"LineString","coordinates":[[3.740428,43.4465311],[3.7406062,43.4464984],[3.7410807,43.4464287],[3.7412613,43.4463896],[3.7413795,43.4463853],[3.741475,43.4463859],[3.7416924,43.4463551]]},"properties":{"osm_id":"way/46195488","category":"road","highway":"residential","name":"Rue du Souvenir Fran\u00e7ais","surface":"asphalt"}},{"type":"Feature","geometry":{"type":"LineString","coordinates":[[3.7433104,43.4466572],[3.7432941,43.4466767],[3.7432279,43.4467559],[3.7429559,43.44702],[3.7429062,43.4471193],[3.7428416,43.4471766],[3.74276,43.4472049],[3.7424428,43.4472347],[3.742327,43.4472456],[3.742226,43.4472526],[3.7419728,43.447276]]},"properties":{"osm_id":"way/46195503","category":"road","highway":"residential","name":"Rue Chateaubriand","surface":"asphalt"}},{"type":"Feature","geometry":{"type":"LineString","coordinates":[[3.742226,43.4472526],[3.7421837,43.447091],[3.7417559,43.4468495]]},"properties":{"osm_id":"way/46195506","category":"road","highway":"residential","name":"Rue Chateaubriand","surface":"asphalt"}},{"type":"Feature","geometry":{"type":"LineString","coordinates":[[3.7430969,43.449193],[3.7428619,43.4492884],[3.742056,43.4494816],[3.7412898,43.4496522],[3.7397626,43.4500226]]},"properties":{"osm_id":"way/46195686","category":"road","highway":"unclassified","name":"Avenue de la Gardiole"}},{"type":"Feature","geometry":{"type":"LineString","coordinates":[[3.754203,43.4699369],[3.7552974,43.4698123],[3.7556085,43.4697189],[3.7565848,43.469314],[3.7568799,43.4693011],[3.7571887,43.4693653],[3.7574512,43.4695096],[3.7577757,43.4697913],[3.7581005,43.4701395],[3.7584463,43.470323],[3.7586747,43.4704427],[3.7588866,43.4706438],[3.7591226,43.47122],[3.7592535,43.4716142],[3.7593636,43.4718781],[3.7595115,43.4721849],[3.7596376,43.4726641],[3.7597659,43.4730134],[3.7599326,43.4734696],[3.7600022,43.4739643],[3.7599487,43.4743599],[3.7598035,43.4745696],[3.7596318,43.474663],[3.7595786,43.4747931],[3.7596613,43.4748408],[3.7598951,43.4748109],[3.7603269,43.4747782],[3.7605304,43.4748016],[3.7606682,43.4748494],[3.7607963,43.4749687],[3.7609622,43.4750056],[3.7610695,43.4750367],[3.7615523,43.4750056],[3.76196,43.47492],[3.7622818,43.4747642],[3.7624083,43.4745809],[3.7625531,43.4745348],[3.7626386,43.4745796],[3.762757,43.4747367],[3.762879,43.4750406],[3.7628804,43.4751674],[3.7628818,43.4753368],[3.7628824,43.4754018],[3.7628748,43.4755585],[3.7627251,43.4759527],[3.7627502,43.4760286],[3.7628183,43.4760911],[3.7629207,43.4761466],[3.7630993,43.4761988],[3.7632831,43.4762316],[3.7634324,43.4762355],[3.7636432,43.4762116],[3.7638431,43.4761697],[3.7641303,43.4760714],[3.7653371,43.4756463],[3.7666166,43.4752005],[3.7682355,43.4745753],[3.7687715,43.4743677],[3.7689633,43.4742726],[3.7695544,43.4739543],[3.7696672,43.4738966],[3.7697293,43.4737921]]},"properties":{"osm_id":"way/46203727","category":"track","highway":"track","tracktype":"grade1"}},{"type":"Feature","geometry":{"type":"LineString","coordinates":[[3.7602989,43.4542325],[3.7604269,43.4541427]]},"properties":{"osm_id":"way/46203748","category":"road","highway":"residential","name":"Rue des Crozes","surface":"asphalt"}},{"type":"Feature","geometry":{"type":"LineString","coordinates":[[3.7591225,43.4595879],[3.7591548,43.4596127],[3.7594148,43.4597933],[3.7597166,43.4600367],[3.7597771,43.4600985],[3.759816,43.460191],[3.7598428,43.4602864],[3.759836,43.4603501],[3.7597749,43.460701],[3.7597582,43.4607687],[3.7595436,43.4610257],[3.7594256,43.4611581],[3.7590058,43.4612895],[3.7586746,43.4613061],[3.7584922,43.4613061],[3.758342,43.4611347],[3.7581488,43.4609245],[3.7580028,43.4608342],[3.7579678,43.4608125]]},"properties":{"osm_id":"way/46204523","category":"road","highway":"residential","name":"Rue de la Peyriere","surface":"asphalt"}},{"type":"Feature","geometry":{"type":"LineString","coordinates":[[3.7619123,43.4583871],[3.7619108,43.4584212],[3.7619216,43.4584983],[3.7619285,43.4585212],[3.7619621,43.4585702],[3.7620481,43.4586475],[3.7623428,43.4588603],[3.7625027,43.4590254],[3.7626161,43.4591764],[3.7626715,43.4592668],[3.7627032,43.4593593],[3.7627386,43.4595674],[3.762713,43.4597986],[3.7627,43.4599038],[3.7626854,43.4599769],[3.7625783,43.4602204],[3.7624469,43.4604318],[3.7623775,43.4605331],[3.7623058,43.4606324],[3.76209,43.460944],[3.7620545,43.4610331]]},"properties":{"osm_id":"way/46349747","category":"road","highway":"residential","name":"Avenue Claude Bernard","surface":"asphalt"}},{"type":"Feature","geometry":{"type":"LineString","coordinates":[[3.7612125,43.4658739],[3.7610945,43.4660218],[3.7608907,43.466162],[3.7606225,43.4663333],[3.7604079,43.4664735]]},"properties":{"osm_id":"way/46349794","category":"road","highway":"unclassified"}},{"type":"Feature","geometry":{"type":"LineString","coordinates":[[3.7564897,43.4716522],[3.7562542,43.471579],[3.7560372,43.4715286],[3.7557915,43.4715704],[3.7555343,43.4716061],[3.7553074,43.471639],[3.7550716,43.471702],[3.7546542,43.4718359],[3.7542465,43.4719089],[3.75404,43.4719171],[3.7540245,43.4718971],[3.7539797,43.4718393],[3.7540365,43.4716711],[3.7541326,43.4714258],[3.7541334,43.4710677],[3.7541288,43.4706432],[3.7541272,43.4704956],[3.754203,43.4699369],[3.7537555,43.4696294],[3.7536589,43.4694136],[3.7534578,43.4688757],[3.7533887,43.468619],[3.7533746,43.4683131],[3.7533505,43.4680156],[3.7532512,43.4679614],[3.7530903,43.4679597],[3.7528596,43.4679608],[3.7526853,43.4679436],[3.7525887,43.4678526],[3.7524257,43.4676065],[3.7522374,43.4673555],[3.7520394,43.4671356],[3.7519182,43.4668497],[3.7518812,43.4665537],[3.7519665,43.4660528],[3.7520617,43.46579],[3.7522522,43.4650716],[3.752338,43.4649704],[3.7525115,43.4644021],[3.7525222,43.4639661],[3.7523943,43.4633468],[3.7521636,43.4629068],[3.7519383,43.4626459],[3.7514985,43.4624084],[3.7512557,43.4623286],[3.751139,43.4623072],[3.7508587,43.4623451],[3.7506581,43.4624534],[3.7503335,43.4628603],[3.7500224,43.4631718],[3.7497604,43.4635142],[3.7496746,43.4639152],[3.7496692,43.4640905],[3.7495718,43.4641685]]},"properties":{"osm_id":"way/46349878","category":"track","highway":"track","tracktype":"grade1"}},{"type":"Feature","geometry":{"type":"LineString","coordinates":[[3.7515351,43.4632652],[3.7515628,43.4634753],[3.7518418,43.463779],[3.7520456,43.4640398],[3.7522012,43.4645265],[3.7522647,43.4648927],[3.7522522,43.4650716]]},"properties":{"osm_id":"way/46349886","category":"track","highway":"track","tracktype":"grade1"}},{"type":"Feature","geometry":{"type":"LineString","coordinates":[[3.7520394,43.4671356],[3.7519745,43.4671928],[3.7517492,43.4671938],[3.7515507,43.4671045],[3.7511403,43.4668533],[3.7507743,43.4664849],[3.7503236,43.4660021],[3.749814,43.4654259],[3.7495619,43.4649314],[3.7495136,43.4645966],[3.7495458,43.4643319],[3.7495718,43.4641685]]},"properties":{"osm_id":"way/46350044","category":"track","highway":"track","tracktype":"grade1"}},{"type":"Feature","geometry":{"type":"LineString","coordinates":[[3.7472793,43.46301],[3.7471157,43.4628912],[3.7468716,43.4627608],[3.7467509,43.4626615],[3.7466893,43.4626012],[3.7465095,43.462498],[3.7463459,43.4624221],[3.7462735,43.46235],[3.7462521,43.4621923],[3.7462252,43.4618964],[3.746244,43.4617212],[3.746295,43.4615732],[3.746362,43.4614136],[3.7463942,43.4613143],[3.7464023,43.4611839],[3.7464318,43.4607439],[3.7463888,43.4604577],[3.7463406,43.4603195],[3.7462869,43.4602065],[3.7462199,43.4600255],[3.7462011,43.4597451],[3.7463486,43.4594842],[3.7465095,43.459163],[3.7465417,43.4589897],[3.74659,43.4588067],[3.7467241,43.4586918],[3.746928,43.4585575],[3.7471023,43.4583842],[3.7472713,43.4582401],[3.747443,43.4581467],[3.7477908,43.4579853],[3.7481985,43.4578373],[3.7484005,43.4577592],[3.7485856,43.4576463],[3.7488377,43.4574984],[3.7489933,43.4574263],[3.7492239,43.457366],[3.7495458,43.4572978],[3.749747,43.4572083],[3.7499079,43.4571343],[3.750388,43.4569707],[3.7507743,43.4568052],[3.7511095,43.456667],[3.7515387,43.4565404],[3.7517908,43.456447],[3.7519303,43.4563905],[3.7521574,43.4562797],[3.7522547,43.4562267]]},"properties":{"osm_id":"way/46354661","category":"road","highway":"unclassified","name":"Chemin de Pech Michel et Miradou","ref":"C 67"}},{"type":"Feature","geometry":{"type":"LineString","coordinates":[[3.7492937,43.4603866],[3.7494171,43.4603798],[3.7496129,43.460411],[3.7497121,43.460446],[3.7498087,43.4605219],[3.7499213,43.4605959],[3.7500823,43.4606115],[3.7503505,43.4606076],[3.7505516,43.4605959],[3.7508091,43.4605414],[3.7509057,43.4604986],[3.7510693,43.4604538],[3.751418,43.4604869],[3.7516031,43.46052],[3.751823,43.4605862],[3.7520993,43.4606777],[3.7522951,43.4607264],[3.7524788,43.4607682]]},"properties":{"osm_id":"way/46354716","category":"track","highway":"track","tracktype":"grade2","access":"private"}},{"type":"Feature","geometry":{"type":"LineString","coordinates":[[3.7534402,43.4552077],[3.75347,43.4552329],[3.7536618,43.4554003],[3.7538186,43.4555079],[3.7539629,43.4556128],[3.7539904,43.455638],[3.754007,43.455656],[3.7541872,43.4558807],[3.7543266,43.4560984],[3.7543905,43.4562264],[3.7544098,43.4563548],[3.7544402,43.4565078],[3.7544898,43.456575],[3.7547071,43.4567611],[3.7548234,43.4568718],[3.7549031,43.4569488],[3.7549473,43.457047],[3.7549511,43.4571279],[3.7549102,43.4572044],[3.7547598,43.4573879],[3.7546931,43.4576335],[3.7546794,43.4577293],[3.7547673,43.4578169]]},"properties":{"osm_id":"way/46355204","category":"road","highway":"residential","name":"Rue du Miradou","surface":"asphalt"}},{"type":"Feature","geometry":{"type":"LineString","coordinates":[[3.7547673,43.4578169],[3.754856,43.4578904],[3.7549833,43.458008],[3.7552266,43.4582488],[3.7554334,43.4584489],[3.7556257,43.4586348],[3.755796,43.4588042],[3.7559127,43.4589084],[3.7559489,43.458995],[3.7559788,43.4590995],[3.7560786,43.4594282],[3.7560991,43.4594876],[3.7562815,43.4601029],[3.7564425,43.4604689],[3.7565283,43.4606324],[3.7566141,43.4606636],[3.7567321,43.4606558],[3.7568394,43.4606013],[3.7568823,43.4604767],[3.7568931,43.4603053],[3.756936,43.4602352],[3.7570433,43.4602041],[3.7573329,43.4602119],[3.7573651,43.4604221],[3.7573919,43.4605029],[3.757514,43.4606782],[3.7575744,43.4608378],[3.7576421,43.4609541],[3.7577057,43.460979],[3.7578309,43.4609793]]},"properties":{"osm_id":"way/46355390","category":"road","highway":"residential","name":"Avenue de la Marjolaine","surface":"asphalt"}},{"type":"Feature","geometry":{"type":"LineString","coordinates":[[3.7591886,43.4587045],[3.7591554,43.4587156],[3.7590598,43.4587575],[3.7589166,43.4588575],[3.758865,43.4588893],[3.7587997,43.4589114],[3.7586878,43.4589268],[3.7585674,43.4589224],[3.7584928,43.4590396],[3.7584803,43.4591171],[3.7585023,43.4592116],[3.7584731,43.4592728],[3.7583967,43.4593031],[3.7583212,43.459296],[3.7582448,43.4592817],[3.7581649,43.4592368],[3.7581381,43.4591928],[3.7581484,43.4591471],[3.7583248,43.4589345],[3.7584178,43.4588136],[3.7584588,43.458779],[3.7584968,43.4587655],[3.7585359,43.4587734],[3.758568,43.458791],[3.7585799,43.4588573],[3.7585674,43.4589224]]},"properties":{"osm_id":"way/46355665","category":"road","highway":"residential","name":"Rue du Labourage","surface":"asphalt"}},{"type":"Feature","geometry":{"type":"LineString","coordinates":[[3.7593506,43.4591471],[3.7593831,43.4591414],[3.7594534,43.4591291],[3.7595834,43.4591078],[3.7600521,43.4592434],[3.7602237,43.4592957],[3.7602775,43.4594206],[3.7606896,43.460292],[3.7607121,43.4604006],[3.7606984,43.4606107],[3.7607202,43.4607421],[3.7608384,43.461021],[3.7609394,43.4612003],[3.7609667,43.4612331]]},"properties":{"osm_id":"way/46356189","category":"road","highway":"residential","name":"Rue Sully","surface":"asphalt"}},{"type":"Feature","geometry":{"type":"LineString","coordinates":[[3.7623896,43.4617106],[3.7622132,43.4617781],[3.7620099,43.4618227],[3.7618007,43.4618821],[3.7617296,43.4620232],[3.76157,43.4620796],[3.7612643,43.4621312],[3.7611745,43.4621991]]},"properties":{"osm_id":"way/46356288","category":"road","highway":"service","name":"R\u00e9sidence Les Logis des Peyri\u00e8res","surface":"asphalt","access":"private"}},{"type":"Feature","geometry":{"type":"LineString","coordinates":[[3.7624217,43.4628985],[3.7622162,43.462956],[3.7620445,43.4630028],[3.761905,43.4629794],[3.761787,43.4628548],[3.7616368,43.4626601],[3.7614973,43.4625745]]},"properties":{"osm_id":"way/46356345","category":"road","highway":"residential","name":"Impasse des Cistes","surface":"asphalt"}},{"type":"Feature","geometry":{"type":"LineString","coordinates":[[3.7626001,43.4629068],[3.7626573,43.4628952],[3.7627485,43.4628339],[3.7636902,43.4621883],[3.7647333,43.46144],[3.7648513,43.4613855],[3.7650123,43.4613777],[3.7651839,43.4613387],[3.7652849,43.4613064],[3.7653501,43.4612856],[3.7653911,43.4612725]]},"properties":{"osm_id":"way/46356420","category":"road","highway":"residential","name":"Avenue Georges M\u00e9li\u00e8s","surface":"asphalt"}},{"type":"Feature","geometry":{"type":"LineString","coordinates":[[3.7636902,43.4621883],[3.7634162,43.4619881],[3.7633049,43.4618966],[3.7632519,43.4618799],[3.7632016,43.4619024],[3.7625837,43.462324]]},"properties":{"osm_id":"way/46356799","category":"road","highway":"residential","name":"Rue Robert Doisneau","surface":"asphalt"}},{"type":"Feature","geometry":{"type":"LineString","coordinates":[[3.7626854,43.4599769],[3.7627265,43.4599834],[3.7628298,43.4599947],[3.7630753,43.4600375],[3.7631448,43.4600831],[3.7632286,43.4601381],[3.763779,43.4605454],[3.7640431,43.4607594],[3.7642527,43.4609428],[3.7642769,43.4610022]]},"properties":{"osm_id":"way/46357027","category":"road","highway":"residential","name":"Rue Charles Cros","surface":"asphalt"}},{"type":"Feature","geometry":{"type":"LineString","coordinates":[[3.7624469,43.4604318],[3.762481,43.46045],[3.762589,43.4605115],[3.7627765,43.460645],[3.7631151,43.4608861],[3.7632752,43.4608879],[3.7633663,43.460859],[3.763779,43.4605454]]},"properties":{"osm_id":"way/46357129","category":"road","highway":"residential","name":"Rue Nicephore Niepce","surface":"asphalt"}},{"type":"Feature","geometry":{"type":"LineString","coordinates":[[3.7651151,43.460074],[3.7647678,43.4601904],[3.7647289,43.4602024],[3.76469,43.4602144]]},"properties":{"osm_id":"way/46357226","category":"road","highway":"residential","name":"Rue des Saladelles","surface":"asphalt"}},{"type":"Feature","geometry":{"type":"LineString","coordinates":[[3.7646208,43.4601171],[3.7646959,43.4600922],[3.7650309,43.4599775]]},"properties":{"osm_id":"way/46357289","category":"road","highway":"residential","name":"Rue des Saladelles","surface":"asphalt"}},{"type":"Feature","geometry":{"type":"LineString","coordinates":[[3.7650309,43.4599775],[3.7650013,43.4598783],[3.7650181,43.4597906],[3.7651216,43.4597205],[3.7652615,43.4596746],[3.7653232,43.4597053],[3.7654238,43.4598128],[3.7655718,43.4598864],[3.7658978,43.4600378],[3.765993,43.4601142],[3.7660089,43.4601577],[3.7659744,43.46022],[3.7658259,43.4602983],[3.7655858,43.4604293],[3.7654838,43.4604591],[3.7653994,43.4604475],[3.7652828,43.4602764],[3.7651151,43.460074],[3.7650309,43.4599775]]},"properties":{"osm_id":"way/46357396","category":"road","highway":"residential","name":"Rue des Saladelles","surface":"asphalt"}},{"type":"Feature","geometry":{"type":"LineString","coordinates":[[3.7640602,43.4593195],[3.7641364,43.4592914],[3.7641594,43.4592837],[3.764358,43.4592168],[3.7645399,43.4591283],[3.7648603,43.4589666],[3.7650427,43.4588965],[3.7650856,43.458803],[3.7650535,43.458694],[3.7648925,43.4584993]]},"properties":{"osm_id":"way/46357526","category":"road","highway":"residential","name":"Impasse des Roseaux","surface":"asphalt"}},{"type":"Feature","geometry":{"type":"LineString","coordinates":[[3.7645399,43.4591283],[3.7642834,43.4587924]]},"properties":{"osm_id":"way/46357547","category":"road","highway":"residential","name":"Impasse des Roseaux","surface":"asphalt"}},{"type":"Feature","geometry":{"type":"LineString","coordinates":[[3.7596185,43.4523612],[3.7597504,43.4523218],[3.7599655,43.4522729],[3.7606117,43.4521167],[3.7607663,43.4520799]]},"properties":{"osm_id":"way/46357918","category":"road","highway":"residential","name":"Avenue des Justes","surface":"asphalt"}},{"type":"Feature","geometry":{"type":"LineString","coordinates":[[3.758281,43.4510602],[3.7583382,43.4510377],[3.7587006,43.4508951]]},"properties":{"osm_id":"way/46358331","category":"road","highway":"residential","name":"Avenue de l'Oeuvre au Noir","surface":"asphalt"}},{"type":"Feature","geometry":{"type":"LineString","coordinates":[[3.757077,43.4493243],[3.757093,43.4493105],[3.7571234,43.4492842],[3.757402,43.4490343],[3.7574807,43.4489758]]},"properties":{"osm_id":"way/46358993","category":"road","highway":"residential","name":"Rue des Pielles","surface":"asphalt"}},{"type":"Feature","geometry":{"type":"LineString","coordinates":[[3.7569646,43.4482469],[3.7570036,43.4482303],[3.7573175,43.4480967],[3.757844,43.4478523],[3.7579484,43.4478473],[3.7580804,43.4479796],[3.758188,43.4479989],[3.7584923,43.4479058],[3.758554,43.4478824],[3.7585938,43.4478773]]},"properties":{"osm_id":"way/46359235","category":"road","highway":"residential","name":"Rue Henri Vincenot","surface":"asphalt"}},{"type":"Feature","geometry":{"type":"LineString","coordinates":[[3.7543329,43.4517601],[3.7548477,43.4520499],[3.754975,43.4521219],[3.755039,43.4521576],[3.7550745,43.452204],[3.755048,43.4522791],[3.7550065,43.4523405],[3.7551031,43.4524262],[3.7551701,43.4524739],[3.7552831,43.4525577],[3.7553056,43.4526209],[3.7552426,43.4526744],[3.7551731,43.4526755],[3.7551031,43.4526287],[3.7549636,43.4524573],[3.7549314,43.452395],[3.7550065,43.4523405]]},"properties":{"osm_id":"way/46359324","category":"road","highway":"residential","name":"Rue de Charente","surface":"asphalt"}},{"type":"Feature","geometry":{"type":"LineString","coordinates":[[3.7543562,43.4511294],[3.7543775,43.4511321],[3.7544516,43.4511567],[3.7548621,43.4514145],[3.755425,43.4517602],[3.7555847,43.4518483],[3.756088,43.4520889],[3.7563667,43.4521849]]},"properties":{"osm_id":"way/46359461","category":"road","highway":"residential","name":"Chemin des \u00c9coliers","surface":"asphalt"}},{"type":"Feature","geometry":{"type":"LineString","coordinates":[[3.7575982,43.4513884],[3.7571531,43.4517709],[3.7571365,43.4518168],[3.7571665,43.4518613],[3.7573046,43.4519422],[3.7574548,43.4520434],[3.7575434,43.452097]]},"properties":{"osm_id":"way/46359557","category":"road","highway":"residential","name":"Rue Mar\u00e9chal Joffre","surface":"asphalt"}},{"type":"Feature","geometry":{"type":"LineString","coordinates":[[3.7573904,43.452503],[3.7575299,43.4523939],[3.7575085,43.4523238],[3.7574441,43.4522537],[3.7574655,43.4521681],[3.7575434,43.452097],[3.7576372,43.4520123],[3.7577445,43.451911],[3.7579322,43.4517506]]},"properties":{"osm_id":"way/46359612","category":"road","highway":"residential","name":"Rue Mar\u00e9chal Foch","surface":"asphalt"}},{"type":"Feature","geometry":{"type":"LineString","coordinates":[[3.7512947,43.4489299],[3.7513824,43.4489819],[3.751744,43.4492326],[3.7518588,43.4493122],[3.7519543,43.4493779],[3.7520712,43.449463],[3.7522123,43.4495658],[3.7528466,43.4500279],[3.7532665,43.4502613],[3.7536452,43.4504563],[3.7537561,43.4505186]]},"properties":{"osm_id":"way/46360172","category":"road","highway":"residential","name":"Avenue Pasteur","surface":"asphalt"}},{"type":"Feature","geometry":{"type":"LineString","coordinates":[[3.7540455,43.4487761],[3.7533696,43.4483305],[3.7533222,43.4483218],[3.7532334,43.4483871],[3.7531422,43.4484565],[3.7525427,43.4489129],[3.7524832,43.4489558],[3.7524409,43.4489915],[3.7521558,43.449222],[3.7520059,43.449341],[3.751976,43.4493624],[3.7519543,43.4493779]]},"properties":{"osm_id":"way/46360363","category":"road","highway":"residential","name":"Avenue Anatole France","surface":"asphalt"}},{"type":"Feature","geometry":{"type":"LineString","coordinates":[[3.7518588,43.4493122],[3.7517947,43.4494503],[3.7517508,43.4495527],[3.7516862,43.4496837],[3.7515806,43.4499111],[3.7516128,43.4499734],[3.7522029,43.4503784],[3.7523853,43.4503862],[3.7524528,43.4503519],[3.7524926,43.4503317],[3.7525889,43.450249],[3.7528466,43.4500279]]},"properties":{"osm_id":"way/46360520","category":"road","highway":"residential","surface":"asphalt"}},{"type":"Feature","geometry":{"type":"LineString","coordinates":[[3.7525777,43.4474394],[3.7526302,43.4473987],[3.7528043,43.4472635],[3.753473,43.4467442],[3.7535671,43.4466711]]},"properties":{"osm_id":"way/46360627","category":"road","highway":"residential","name":"Rue Paul Doumer","surface":"asphalt"}},{"type":"Feature","geometry":{"type":"LineString","coordinates":[[3.7477128,43.4474222],[3.7476686,43.4474572],[3.7476446,43.4474761],[3.7472278,43.4478138],[3.7469659,43.4479897],[3.7468496,43.4480802],[3.7463825,43.4477683],[3.7464935,43.4476762],[3.7469659,43.4479897]]},"properties":{"osm_id":"way/46361024","category":"road","highway":"residential","name":"Rue Condorcet","surface":"asphalt"}},{"type":"Feature","geometry":{"type":"LineString","coordinates":[[3.7472278,43.4478138],[3.7472834,43.4478532],[3.7474126,43.4479441],[3.7475875,43.4480387],[3.7479499,43.4480665],[3.7481086,43.4480588]]},"properties":{"osm_id":"way/46361172","category":"road","highway":"residential","name":"Rue Guizot","surface":"asphalt"}},{"type":"Feature","geometry":{"type":"LineString","coordinates":[[3.7499684,43.4483618],[3.7498147,43.4482375],[3.749253,43.4478389],[3.7492118,43.4478099],[3.7491879,43.4477716]]},"properties":{"osm_id":"way/46361345","category":"road","highway":"residential","name":"Rue de la Cible","surface":"asphalt"}},{"type":"Feature","geometry":{"type":"LineString","coordinates":[[3.7483153,43.4487269],[3.7483021,43.4487528],[3.748293,43.4487739],[3.748125,43.4489967],[3.7479534,43.4492693],[3.7479748,43.4494329],[3.7480285,43.4495809],[3.7479963,43.4496432],[3.7477173,43.4498691],[3.7475349,43.4500716],[3.7473759,43.4502479],[3.7473522,43.4502742]]},"properties":{"osm_id":"way/46361466","category":"road","highway":"residential","name":"Rue Louis Braille","surface":"asphalt"}},{"type":"Feature","geometry":{"type":"LineString","coordinates":[[3.7479963,43.4496432],[3.7482977,43.4497374],[3.7484077,43.4497316],[3.7487,43.4495777],[3.7488422,43.4494492],[3.7490724,43.4492735],[3.7491694,43.4492446],[3.7493741,43.4493013]]},"properties":{"osm_id":"way/46361569","category":"road","highway":"residential","name":"Impasse Valentin Ha\u00fcy","surface":"asphalt"}},{"type":"Feature","geometry":{"type":"LineString","coordinates":[[3.7476152,43.4486989],[3.7476031,43.4487203],[3.7475931,43.4487382],[3.7473282,43.4492089],[3.747073,43.449124],[3.7469979,43.4492408]]},"properties":{"osm_id":"way/46361727","category":"road","highway":"residential","name":"Rue Laennec","surface":"asphalt"}},{"type":"Feature","geometry":{"type":"LineString","coordinates":[[3.7464166,43.4499398],[3.7464399,43.4499131],[3.7465423,43.4497962]]},"properties":{"osm_id":"way/46361804","category":"road","highway":"residential","surface":"asphalt"}},{"type":"Feature","geometry":{"type":"LineString","coordinates":[[3.7458567,43.4497476],[3.745871,43.4497173],[3.7458821,43.4496979],[3.7458893,43.4496642],[3.7458521,43.4490886],[3.7458351,43.4487571],[3.7458338,43.4487371],[3.7458329,43.448715]]},"properties":{"osm_id":"way/46372088","category":"road","highway":"residential","name":"Rue Achille Munier","surface":"asphalt"}},{"type":"Feature","geometry":{"type":"LineString","coordinates":[[3.7462163,43.4496076],[3.7465423,43.4497962],[3.7470251,43.4500454]]},"properties":{"osm_id":"way/46372094","category":"road","highway":"residential","surface":"asphalt"}},{"type":"Feature","geometry":{"type":"LineString","coordinates":[[3.7465031,43.4490533],[3.7458521,43.4490886],[3.7448472,43.4491577]]},"properties":{"osm_id":"way/46372096","category":"road","highway":"residential","name":"Impasse des Sophoras","surface":"asphalt"}},{"type":"Feature","geometry":{"type":"LineString","coordinates":[[3.7442502,43.4491799],[3.7442202,43.4492142],[3.7441976,43.44924],[3.7437889,43.4497141],[3.7437365,43.4497718],[3.7434134,43.4501269],[3.7433734,43.4501829],[3.7430342,43.4506629],[3.742834,43.4509213],[3.7427588,43.4510027],[3.7426872,43.4510795],[3.7426483,43.4511197]]},"properties":{"osm_id":"way/46372110","category":"road","highway":"residential","name":"Rue du Fenouil","surface":"asphalt"}},{"type":"Feature","geometry":{"type":"LineString","coordinates":[[3.7440046,43.4511339],[3.7437471,43.4509703],[3.743546,43.4508846],[3.7431194,43.450723],[3.7430342,43.4506629],[3.7425792,43.4503744],[3.7421849,43.4500564],[3.742099,43.4499707],[3.742099,43.4499006],[3.742329,43.4496953],[3.7423277,43.4496477],[3.7420993,43.4495081],[3.742056,43.4494816]]},"properties":{"osm_id":"way/46372112","category":"road","highway":"residential","name":"Rue des \u00c9glantines","surface":"asphalt"}},{"type":"Feature","geometry":{"type":"LineString","coordinates":[[3.7450679,43.4494698],[3.7450518,43.4494958],[3.7450156,43.4495561],[3.7449208,43.449717],[3.7447652,43.4498932],[3.744497,43.4501191],[3.7443896,43.4502203],[3.7443801,43.4503475],[3.7443665,43.4505273],[3.7443314,43.4508213],[3.7443199,43.4508824],[3.7442395,43.4509759],[3.7440046,43.4511339],[3.7437486,43.4513341],[3.7437473,43.4513881]]},"properties":{"osm_id":"way/46372117","category":"road","highway":"residential","name":"Impasse de la Sauge","surface":"asphalt"}},{"type":"Feature","geometry":{"type":"LineString","coordinates":[[3.7467016,43.4500506],[3.7466761,43.4500742],[3.7460742,43.4506331],[3.7460024,43.4507058],[3.7457201,43.4509914],[3.7456594,43.4510481],[3.7455699,43.4511316],[3.7455422,43.4511642],[3.7454009,43.4513302],[3.7453948,43.4513808],[3.7454215,43.4515356]]},"properties":{"osm_id":"way/46372123","category":"road","highway":"residential","name":"Rue des Collines","surface":"asphalt"}},{"type":"Feature","geometry":{"type":"LineString","coordinates":[[3.7443314,43.4508213],[3.7445623,43.450889],[3.7447749,43.4510382],[3.7448653,43.4511237],[3.7449751,43.4512161],[3.7452731,43.4514313],[3.7454215,43.4515356],[3.7461431,43.4520789]]},"properties":{"osm_id":"way/46372128","category":"road","highway":"residential","name":"Rue des Tro\u00e8nes","surface":"asphalt"}},{"type":"Feature","geometry":{"type":"LineString","coordinates":[[3.7453476,43.4524083],[3.7458179,43.4521581],[3.7461431,43.4520789],[3.7465462,43.4519261],[3.7468191,43.4518239],[3.7470612,43.4517158],[3.7474072,43.4515337],[3.7474904,43.4514899],[3.7477479,43.4513108],[3.7479842,43.4511329],[3.7480375,43.4510927],[3.748343,43.4509312],[3.7484215,43.4508799],[3.7484739,43.450777]]},"properties":{"osm_id":"way/46372195","category":"road","highway":"residential","name":"Rue de la Coste"}},{"type":"Feature","geometry":{"type":"LineString","coordinates":[[3.7359403,43.4694158],[3.735943,43.4694857],[3.7359562,43.4695313],[3.7359899,43.4696472],[3.7360583,43.4698049],[3.7362635,43.4707042],[3.7363485,43.4710626],[3.7363695,43.4711037],[3.7364553,43.4712473],[3.7365223,43.4714215],[3.7366417,43.4716113],[3.7365988,43.4716639],[3.7365545,43.4717602],[3.7365894,43.4718789],[3.7366833,43.4720035],[3.7369046,43.4721339],[3.7369421,43.4721612],[3.7369059,43.4723296]]},"properties":{"osm_id":"way/46372215","category":"track","highway":"track","tracktype":"grade1","access":"private"}},{"type":"Feature","geometry":{"type":"LineString","coordinates":[[3.7465095,43.459163],[3.7462708,43.4592681],[3.7459776,43.459426],[3.7455574,43.4596926],[3.7454206,43.4597957],[3.7453213,43.4599126],[3.7452087,43.4600605],[3.7451228,43.4601287],[3.7448761,43.460228],[3.7444648,43.4603528],[3.744337,43.4604187],[3.7442458,43.4605005],[3.7441787,43.4605881],[3.7442216,43.4607322],[3.7443155,43.4609892],[3.7444201,43.4611371],[3.7444898,43.4612656],[3.7445033,43.4613785],[3.7444335,43.4615304],[3.7443262,43.46169],[3.7442431,43.4618808],[3.7442216,43.462056],[3.7442699,43.4622721],[3.7442726,43.4624649],[3.7443745,43.4627043],[3.7444711,43.462936],[3.7445542,43.4630684],[3.744691,43.4631813],[3.7448493,43.4632572],[3.7450692,43.4633078],[3.745257,43.4633507],[3.7453991,43.4634013],[3.7455171,43.4634908],[3.7455896,43.4636057],[3.7456405,43.4638121],[3.7457746,43.4641002],[3.7460133,43.4643805],[3.7462145,43.4646394],[3.7463969,43.4647718],[3.7466168,43.4648789],[3.7467644,43.4649256],[3.7468207,43.4649529],[3.7468475,43.464986],[3.7469092,43.4650891],[3.7469226,43.4652176],[3.7469333,43.4653831],[3.7470192,43.4655525],[3.747105,43.4656517],[3.7473142,43.465788],[3.7475181,43.4658756],[3.7475851,43.4659671],[3.7476307,43.4660683],[3.7475985,43.4661657],[3.7474778,43.4662786],[3.7473437,43.4664032],[3.7473169,43.4665511],[3.7473571,43.4667575],[3.7474483,43.4668937],[3.7474269,43.4670222],[3.7475127,43.4672071],[3.747679,43.4673843],[3.7477353,43.467503],[3.7477568,43.4675887],[3.7477487,43.4677541],[3.747687,43.467943],[3.747569,43.4680345],[3.7473938,43.468132],[3.7470719,43.46835],[3.7468466,43.4685525],[3.7467179,43.4688094],[3.7464926,43.469082],[3.7463754,43.4692238],[3.7462842,43.4694107],[3.7462386,43.4695158],[3.7460205,43.4697672],[3.7456539,43.4700453],[3.7455547,43.4700901],[3.7454474,43.4701757],[3.7453616,43.4704424],[3.7453964,43.4705105],[3.7454501,43.4705572]]},"properties":{"osm_id":"way/46373019","category":"road","highway":"unclassified"}},{"type":"Feature","geometry":{"type":"LineString","coordinates":[[3.7433687,43.4692861],[3.7431774,43.4693545],[3.7429091,43.4694868],[3.7427589,43.4696737],[3.7426624,43.4697749],[3.7424585,43.4698372],[3.7422976,43.4700007],[3.742201,43.4701876],[3.7422332,43.4703667],[3.742244,43.4705458],[3.7422225,43.4707794],[3.7422225,43.4710285],[3.7422976,43.4711843],[3.742362,43.4713166],[3.7424156,43.4716047],[3.7423942,43.4719239],[3.7424371,43.4721264],[3.7424478,43.4722276],[3.742362,43.4723677],[3.742244,43.4725468],[3.7422654,43.472757],[3.7423405,43.4731074],[3.7424049,43.4733643],[3.7424263,43.473559],[3.7424907,43.4737458],[3.7425551,43.4740028],[3.7425766,43.4742675],[3.7425336,43.4745088],[3.7423727,43.4747113],[3.7423068,43.4747696],[3.7421259,43.4749293],[3.7415788,43.4755132],[3.7413213,43.475809],[3.7411711,43.4759881],[3.7410672,43.476106],[3.7408035,43.4762012],[3.7405829,43.4762227],[3.7402024,43.4762929],[3.7398729,43.4764474],[3.739669,43.4766732],[3.739433,43.4768367],[3.7392164,43.4769546],[3.7391326,43.4770002],[3.7388536,43.4771559],[3.7385854,43.4772961],[3.7385555,43.4773031],[3.7382662,43.4773992],[3.738049,43.4774751],[3.7378344,43.4775841],[3.7376971,43.4776555],[3.7376696,43.4776922]]},"properties":{"osm_id":"way/46373571","category":"track","highway":"path","tracktype":"grade2"}},{"type":"Feature","geometry":{"type":"LineString","coordinates":[[3.7426613,43.4453044],[3.7426908,43.4453237],[3.7431209,43.4455148],[3.7432497,43.4455148],[3.743314,43.4454602],[3.7435715,43.4452655],[3.7436788,43.445211],[3.7437646,43.4452344],[3.7440141,43.4454252]]},"properties":{"osm_id":"way/46583374","category":"road","highway":"residential","name":"Impasse Maurice Schumann","surface":"asphalt"}},{"type":"Feature","geometry":{"type":"LineString","coordinates":[[3.7414761,43.4435739],[3.7421456,43.4431175]]},"properties":{"osm_id":"way/46583522","category":"road","highway":"residential","name":"Rue de Gr\u00e8ce","surface":"asphalt"}},{"type":"Feature","geometry":{"type":"LineString","coordinates":[[3.7436796,43.4406805],[3.7433919,43.4409431],[3.7431868,43.4410897],[3.7428254,43.4412967],[3.7426088,43.4414173],[3.7424889,43.441497],[3.7424567,43.4415447]]},"properties":{"osm_id":"way/46583535","category":"road","highway":"residential","name":"Impasse Matthivets","surface":"asphalt"}},{"type":"Feature","geometry":{"type":"LineString","coordinates":[[3.7424567,43.4415447],[3.7424634,43.4415953],[3.7425144,43.441646],[3.742649,43.4417483],[3.7427008,43.441791],[3.7427706,43.4418485],[3.7428188,43.4419069],[3.7428721,43.4419505],[3.7429355,43.4420023],[3.7430014,43.442051],[3.7430951,43.4421202],[3.743256,43.4422146],[3.7434935,43.4423406],[3.7436302,43.4424123],[3.743686,43.4424407],[3.7439937,43.4426749],[3.7440597,43.4427245],[3.7443735,43.4429602],[3.7444118,43.442989],[3.744496,43.4430522]]},"properties":{"osm_id":"way/46583536","category":"road","highway":"residential","name":"Rue du Cinsault","surface":"asphalt"}},{"type":"Feature","geometry":{"type":"LineString","coordinates":[[3.743256,43.4430092],[3.7433831,43.4430354],[3.7439277,43.4427132],[3.7439673,43.4426902],[3.7439937,43.4426749]]},"properties":{"osm_id":"way/46583542","category":"road","highway":"residential","name":"Impasse du Cinsault","surface":"asphalt"}},{"type":"Feature","geometry":{"type":"LineString","coordinates":[[3.7422559,43.4401244],[3.7425745,43.4399225],[3.7428729,43.4397745],[3.7432741,43.4396217],[3.7434565,43.4395984],[3.7436174,43.4396295],[3.7437225,43.4396872]]},"properties":{"osm_id":"way/46583549","category":"road","highway":"residential","name":"Rue Moli\u00e8re","surface":"asphalt"}},{"type":"Feature","geometry":{"type":"LineString","coordinates":[[3.7425745,43.4399225],[3.7427912,43.4400922],[3.7428984,43.4401623],[3.7430272,43.4401623],[3.7431881,43.4400688],[3.7437225,43.4396872],[3.7439617,43.4395476]]},"properties":{"osm_id":"way/46583554","category":"road","highway":"residential","name":"Rue Corneille","surface":"asphalt"}},{"type":"Feature","geometry":{"type":"LineString","coordinates":[[3.7441424,43.4396943],[3.7433812,43.4401563]]},"properties":{"osm_id":"way/46583562","category":"road","highway":"service","surface":"asphalt"}},{"type":"Feature","geometry":{"type":"LineString","coordinates":[[3.7478018,43.4396687],[3.7478279,43.4396916],[3.7480456,43.4398564],[3.7480465,43.4398835],[3.7474591,43.4403264]]},"properties":{"osm_id":"way/46583669","category":"road","highway":"residential","name":"Rue Claude Debussy","surface":"asphalt"}},{"type":"Feature","geometry":{"type":"LineString","coordinates":[[3.7468191,43.4518239],[3.7466292,43.4516753],[3.7465215,43.4515599],[3.7464733,43.4513592],[3.7464844,43.4512951],[3.7464559,43.4512813],[3.7464366,43.4512601],[3.7464365,43.4512341],[3.7464599,43.4512069],[3.7465069,43.4511942],[3.7465525,43.4512005],[3.7465733,43.451221],[3.7465766,43.4512453],[3.7465625,43.4512682],[3.7465431,43.4512838],[3.7464844,43.4512951]]},"properties":{"osm_id":"way/46583687","category":"road","highway":"residential","name":"Impasse des Ch\u00eanes Verts","surface":"asphalt"}},{"type":"Feature","geometry":{"type":"LineString","coordinates":[[3.7495915,43.4543608],[3.7500035,43.4546352],[3.750046,43.4546703],[3.7500249,43.4547754],[3.7499391,43.4549156]]},"properties":{"osm_id":"way/46583688","category":"road","highway":"residential","name":"Impasse de Chardonnerets","surface":"asphalt"}},{"type":"Feature","geometry":{"type":"LineString","coordinates":[[3.752931,43.4545708],[3.7524326,43.4543444],[3.7523195,43.4542904]]},"properties":{"osm_id":"way/46583709","category":"road","highway":"service","name":"Rue des Colombes","surface":"asphalt"}},{"type":"Feature","geometry":{"type":"LineString","coordinates":[[3.752835,43.4530575],[3.7523301,43.4537062],[3.7523357,43.4537707],[3.7526065,43.4539108],[3.7531101,43.4541314]]},"properties":{"osm_id":"way/46583725","category":"road","highway":"residential","name":"Impasse des Fauvettes","surface":"asphalt"}},{"type":"Feature","geometry":{"type":"LineString","coordinates":[[3.7526065,43.4539108],[3.7524331,43.4541857]]},"properties":{"osm_id":"way/46583728","category":"road","highway":"service","surface":"asphalt"}},{"type":"Feature","geometry":{"type":"LineString","coordinates":[[3.7499501,43.4541068],[3.7491602,43.4536856],[3.7490898,43.4536977],[3.7489536,43.4537913],[3.7488667,43.453857],[3.7486781,43.4539995],[3.7486141,43.4540009],[3.7479476,43.4536562],[3.7477331,43.4536172],[3.7468211,43.4526515]]},"properties":{"osm_id":"way/46583740","category":"road","highway":"residential","name":"Rue des Garrigues","surface":"asphalt"}},{"type":"Feature","geometry":{"type":"LineString","coordinates":[[3.7523738,43.4546463],[3.7528553,43.4548594],[3.7528874,43.4549288],[3.752883,43.4549412],[3.7528675,43.4549843],[3.7527578,43.4551306],[3.7531894,43.455437]]},"properties":{"osm_id":"way/46583751","category":"road","highway":"residential","name":"Rue de la Bergeronnette","surface":"asphalt"}},{"type":"Feature","geometry":{"type":"LineString","coordinates":[[3.756695,43.4547101],[3.7566564,43.4547381],[3.7565725,43.4547988],[3.7563625,43.4548971],[3.7560912,43.4550498],[3.755529,43.455359],[3.7553606,43.4554488],[3.7551671,43.4555513],[3.755124,43.4555734],[3.7550777,43.4555972],[3.7546961,43.4557862]]},"properties":{"osm_id":"way/46583752","category":"road","highway":"residential","name":"Rue du Languedoc","surface":"asphalt"}},{"type":"Feature","geometry":{"type":"LineString","coordinates":[[3.7538186,43.4555079],[3.7538575,43.4555007],[3.7543915,43.455538],[3.7544732,43.4555602],[3.7545334,43.4556015],[3.7546961,43.4557862],[3.7551682,43.4562349]]},"properties":{"osm_id":"way/46583757","category":"road","highway":"residential","name":"Rue de Lorraine","surface":"asphalt"}},{"type":"Feature","geometry":{"type":"LineString","coordinates":[[3.7557941,43.4562426],[3.7561219,43.4560763],[3.756359,43.4561469],[3.7566144,43.4559865],[3.7566567,43.4558929],[3.756872,43.4557846],[3.7573589,43.4555327],[3.7573874,43.455518]]},"properties":{"osm_id":"way/46583812","category":"road","highway":"residential","name":"Rue de Provence","surface":"asphalt"}},{"type":"Feature","geometry":{"type":"LineString","coordinates":[[3.755124,43.4555734],[3.7557941,43.4562426],[3.7558498,43.4563176],[3.7558757,43.4564822],[3.7559235,43.45657]]},"properties":{"osm_id":"way/46583822","category":"road","highway":"residential","name":"Rue du Roussillon","surface":"asphalt"}},{"type":"Feature","geometry":{"type":"LineString","coordinates":[[3.7563625,43.4548971],[3.7566761,43.4554442],[3.7566945,43.455479],[3.7568334,43.4557276],[3.756872,43.4557846]]},"properties":{"osm_id":"way/46583826","category":"road","highway":"residential","name":"Rue d'Alsace","surface":"asphalt"}},{"type":"Feature","geometry":{"type":"LineString","coordinates":[[3.7579678,43.4608125],[3.7581851,43.4604887],[3.7582424,43.4604253],[3.7583756,43.4602823],[3.7584349,43.4602186],[3.7584982,43.4601534],[3.7585482,43.460102],[3.7587352,43.4599127],[3.7591225,43.4595879],[3.7592621,43.4594808],[3.759303,43.4594351],[3.7593439,43.4593514],[3.7593607,43.4592891],[3.7593506,43.4591471]]},"properties":{"osm_id":"way/56758807","category":"road","highway":"unclassified","name":"Rue de la Bergerie"}},{"type":"Feature","geometry":{"type":"LineString","coordinates":[[3.7377602,43.4601715],[3.7376019,43.4606767],[3.737504,43.4610369],[3.7373552,43.4612491],[3.7372465,43.4614603],[3.7367222,43.4621106],[3.7364633,43.4623091],[3.7364043,43.4623792],[3.7363453,43.4624697],[3.7363118,43.4625681],[3.7363064,43.4626605],[3.7363386,43.4628776],[3.7363373,43.4630333],[3.7363091,43.4631618],[3.7362622,43.463266],[3.736179,43.4633575],[3.7360825,43.4634402],[3.7356131,43.46374],[3.7355152,43.4638072],[3.7354361,43.463887],[3.7353918,43.463999],[3.7352805,43.4643669],[3.735086,43.4653607],[3.7350404,43.4654902],[3.7348004,43.4660761],[3.7348021,43.466129],[3.734803,43.4661569],[3.7348674,43.4662484],[3.735074,43.466409],[3.7351383,43.4664917],[3.7358317,43.4676208],[3.7362796,43.4685688],[3.736352,43.4687391],[3.7363882,43.4688618],[3.7363842,43.4690146],[3.7363641,43.4691372],[3.7363212,43.4692297],[3.736234,43.4693085],[3.7361254,43.469364],[3.7359403,43.4694158],[3.7358786,43.4694341]]},"properties":{"osm_id":"way/56758808","category":"road","highway":"unclassified"}},{"type":"Feature","geometry":{"type":"LineString","coordinates":[[3.7338327,43.4530767],[3.7338756,43.453178],[3.73433,43.4535623],[3.7345774,43.4537462],[3.7360925,43.4548063],[3.736925,43.4552022],[3.7374051,43.4554232],[3.7379112,43.4557202],[3.738188,43.4558062],[3.7387945,43.4560049],[3.7388424,43.4560487],[3.738869,43.4561207],[3.7388791,43.4563083],[3.7388957,43.4563376],[3.7395601,43.4568161]]},"properties":{"osm_id":"way/60694174","category":"road","highway":"unclassified"}},{"type":"Feature","geometry":{"type":"LineString","coordinates":[[3.7497497,43.4726537],[3.7498811,43.4721515],[3.7499794,43.4716826],[3.7499535,43.4713553],[3.7499991,43.4712619],[3.7501386,43.4710536],[3.7501386,43.470968],[3.7501198,43.4708862],[3.7500206,43.4706332],[3.7499642,43.4704482],[3.7499025,43.4701504],[3.749806,43.469876],[3.7497885,43.4697506],[3.7497604,43.4695489],[3.7497443,43.4689805],[3.7496799,43.4685309],[3.7496209,43.4678924],[3.7495887,43.467834],[3.7495217,43.4677444],[3.749401,43.4676101],[3.7491006,43.4673483],[3.7488565,43.4672383],[3.7487009,43.4671935],[3.7485266,43.4671838],[3.7482771,43.4671487],[3.7480733,43.4670709],[3.747687,43.4669813],[3.7474483,43.4668937]]},"properties":{"osm_id":"way/60711025","category":"road","highway":"unclassified"}},{"type":"Feature","geometry":{"type":"LineString","coordinates":[[3.7495718,43.4641685],[3.7493956,43.4640515],[3.749266,43.4638922],[3.7491327,43.4637284],[3.7489289,43.4634714],[3.7488753,43.4631794],[3.7488323,43.4628328],[3.7487894,43.4624279],[3.7487152,43.4622031],[3.7486956,43.4621436],[3.7487524,43.4619287],[3.7487683,43.4618563],[3.748826,43.4617351],[3.7487776,43.4614491],[3.7487089,43.4612525],[3.748636,43.460904],[3.7486801,43.4607456],[3.7487702,43.4605355],[3.7488806,43.4604168]]},"properties":{"osm_id":"way/60711048","category":"track","highway":"track","tracktype":"grade2"}},{"type":"Feature","geometry":{"type":"LineString","coordinates":[[3.7488806,43.4604168],[3.7490764,43.4601949],[3.7492454,43.4600547],[3.7493366,43.4599593],[3.7495136,43.4596283],[3.7496464,43.4594141],[3.7497389,43.4592311],[3.7497692,43.4591253],[3.7497979,43.4590248],[3.7498829,43.458842],[3.7499589,43.4587756],[3.7501466,43.4586782],[3.7502432,43.4585886],[3.7503424,43.4584563],[3.7504095,43.4583161],[3.7504309,43.4581292],[3.7506321,43.4578254],[3.7508064,43.4576054],[3.7509325,43.4574984],[3.751106,43.4573311],[3.7514064,43.4571598],[3.7516776,43.4570794],[3.7517846,43.4570429],[3.7518591,43.4570033]]},"properties":{"osm_id":"way/60711068","category":"road","highway":"unclassified","name":"Chemin du Pioch"}},{"type":"Feature","geometry":{"type":"LineString","coordinates":[[3.7518591,43.4570033],[3.7518774,43.4573891],[3.751937,43.4577542],[3.752031,43.4579532],[3.7523435,43.458325],[3.7525861,43.4585549],[3.752811,43.4587439],[3.7529844,43.4589936],[3.7532647,43.4593139],[3.7534028,43.4595972],[3.7534833,43.4597724],[3.75352,43.4598544],[3.7534511,43.4599788],[3.7532955,43.4601228],[3.7531172,43.4602572],[3.7528449,43.4604343]]},"properties":{"osm_id":"way/60711091","category":"track","highway":"track","name":"Chemin des Combes","tracktype":"grade2"}},{"type":"Feature","geometry":{"type":"LineString","coordinates":[[3.7540624,43.4662706],[3.7541182,43.4661879],[3.7561984,43.4660654],[3.7563355,43.4659953],[3.7564704,43.4658661],[3.7567042,43.4655736],[3.7568369,43.4649213],[3.756903,43.4647933],[3.7567578,43.4643839],[3.7568117,43.4641794],[3.7568006,43.4637695],[3.7568638,43.4637098],[3.7574714,43.4636676],[3.7575918,43.4636144],[3.7576821,43.4635213],[3.7581326,43.4633748],[3.7582362,43.4632955],[3.758253,43.462946],[3.7580312,43.4623354],[3.757921,43.4619967]]},"properties":{"osm_id":"way/60711122","category":"road","highway":"unclassified"}},{"type":"Feature","geometry":{"type":"LineString","coordinates":[[3.7604079,43.4664735],[3.7603928,43.4664753],[3.7602791,43.466489],[3.7601075,43.4664579],[3.7598822,43.4664267],[3.7596676,43.4663956],[3.7594959,43.4662788],[3.7593886,43.4661542],[3.7593028,43.4660997],[3.7591633,43.4661075],[3.7589917,43.4661853],[3.7587342,43.4662944],[3.7584016,43.4664112],[3.7581763,43.4664579],[3.757951,43.4664345],[3.7578437,43.4664423],[3.7568952,43.466964],[3.7568119,43.4668976],[3.7566859,43.4666465],[3.7563586,43.4662941],[3.7563417,43.4662211],[3.756449,43.4659922],[3.7564704,43.4658661]]},"properties":{"osm_id":"way/60711131","category":"track","highway":"track","tracktype":"grade2"}},{"type":"Feature","geometry":{"type":"LineString","coordinates":[[3.7680224,43.4621039],[3.7681027,43.4619529],[3.7681771,43.461803],[3.7683165,43.4615018]]},"properties":{"osm_id":"way/95313949","category":"road","highway":"primary","ref":"D 612","surface":"asphalt"}},{"type":"Feature","geometry":{"type":"LineString","coordinates":[[3.7683165,43.4615018],[3.7684268,43.4611483],[3.7687215,43.4603098],[3.7688245,43.4596432],[3.7688589,43.4588146],[3.7687902,43.4580919],[3.7686271,43.4574501],[3.7682688,43.4565351],[3.7677515,43.4556034],[3.7672281,43.454796],[3.7666702,43.4542165],[3.7657346,43.4532134],[3.7637972,43.4511943],[3.7630371,43.4503399],[3.7627423,43.4499269],[3.762488,43.449481],[3.7623088,43.4490271]]},"properties":{"osm_id":"way/95313952","category":"road","highway":"primary","ref":"D 612","surface":"asphalt"}},{"type":"Feature","geometry":{"type":"LineString","coordinates":[[3.7587188,43.4401601],[3.7590988,43.4402685],[3.759127,43.4402758],[3.7592744,43.4403109]]},"properties":{"osm_id":"way/159017692","category":"road","highway":"service"}},{"type":"Feature","geometry":{"type":"LineString","coordinates":[[3.7548817,43.4476376],[3.755036,43.4476647],[3.7550945,43.4476656],[3.7551446,43.4476649]]},"properties":{"osm_id":"way/174910970","category":"road","highway":"secondary","name":"Avenue du G\u00e9n\u00e9ral de Gaulle","surface":"asphalt"}},{"type":"Feature","geometry":{"type":"LineString","coordinates":[[3.7583394,43.4438938],[3.7582911,43.4438656],[3.7582013,43.4438646],[3.7581296,43.4438548],[3.7580726,43.4438368],[3.7580082,43.4438135],[3.7571837,43.4435155],[3.756948,43.4434522],[3.7564783,43.4432665],[3.7562772,43.443177],[3.7559419,43.4429861],[3.7558161,43.4428955],[3.7557028,43.4428073]]},"properties":{"osm_id":"way/175021028","category":"road","highway":"residential","name":"Quai Jean-Jacques Rousseau","surface":"asphalt"}},{"type":"Feature","geometry":{"type":"LineString","coordinates":[[3.7527442,43.4439585],[3.7528456,43.4439141],[3.7529153,43.4438841],[3.7529605,43.4438733]]},"properties":{"osm_id":"way/175772988","category":"road","highway":"residential","name":"Rue des Airolles","surface":"asphalt"}},{"type":"Feature","geometry":{"type":"LineString","coordinates":[[3.7529605,43.4438733],[3.7530018,43.4438646],[3.7530562,43.4438334],[3.7531012,43.4438],[3.7532111,43.4436908],[3.7532795,43.4436139],[3.7534028,43.4434844],[3.7534445,43.4434582],[3.7534945,43.4434243],[3.7535611,43.4434065],[3.7536335,43.4433996],[3.7537372,43.4434066],[3.7539554,43.443459],[3.7540412,43.4434785],[3.7541471,43.4434873],[3.7542491,43.4434727],[3.7543325,43.4434486],[3.7543926,43.4434298],[3.7544384,43.443404]]},"properties":{"osm_id":"way/175772997","category":"road","highway":"residential","name":"Rue de la Barralerie","surface":"asphalt"}},{"type":"Feature","geometry":{"type":"LineString","coordinates":[[3.7529605,43.4438733],[3.7528373,43.4437723],[3.7526008,43.4436099],[3.7522171,43.4433808],[3.7520966,43.4433124],[3.7519934,43.4432538],[3.7514322,43.4429274],[3.7512004,43.4427926],[3.7511715,43.4427758],[3.7509415,43.4426064],[3.7506733,43.4424088],[3.7503986,43.4421939],[3.7500341,43.4420214],[3.7495279,43.4416616],[3.7493096,43.4415283],[3.7492011,43.4415291],[3.7490885,43.44157],[3.7490458,43.4415832]]},"properties":{"osm_id":"way/175772999","category":"road","highway":"residential","name":"Rue des Pr\u00e9s Saint-Martin","surface":"asphalt"}},{"type":"Feature","geometry":{"type":"LineString","coordinates":[[3.7537137,43.4534484],[3.7537678,43.4534739],[3.7539989,43.4535827],[3.7540323,43.4535898],[3.7540585,43.4535969],[3.7541821,43.4536579],[3.7547835,43.4540849],[3.7549925,43.4542716],[3.7552354,43.4544364],[3.7554459,43.4545356],[3.7555222,43.4545755]]},"properties":{"osm_id":"way/175773001","category":"road","highway":"residential","name":"Chemin des Romains","surface":"asphalt"}},{"type":"Feature","geometry":{"type":"LineString","coordinates":[[3.7519038,43.4526345],[3.7521576,43.4526138],[3.7524277,43.452581],[3.7526092,43.4525863],[3.7527495,43.4526161],[3.752907,43.4526632],[3.7530706,43.4527434],[3.7532594,43.452845],[3.7535637,43.4530087],[3.7538551,43.45316],[3.7539559,43.4532034],[3.7539857,43.4532163]]},"properties":{"osm_id":"way/175773002","category":"road","highway":"residential","name":"Avenue Flemming","surface":"asphalt"}},{"type":"Feature","geometry":{"type":"LineString","coordinates":[[3.7587203,43.4443467],[3.7589298,43.4443956]]},"properties":{"osm_id":"way/177444167","category":"road","highway":"residential","surface":"asphalt"}},{"type":"Feature","geometry":{"type":"LineString","coordinates":[[3.7589298,43.4443956],[3.7591933,43.4445573],[3.7592299,43.4445759],[3.7594955,43.4446869],[3.7597692,43.4448014],[3.7599345,43.4449141],[3.7599864,43.4449393],[3.7602506,43.4450446],[3.7603645,43.445088],[3.7605536,43.4451669],[3.7606649,43.4452131],[3.7608325,43.445281],[3.7609188,43.445336],[3.7609575,43.4454018],[3.7609553,43.4454595],[3.7607929,43.4457073],[3.7607392,43.4457527],[3.7606498,43.445778],[3.7605718,43.4457753],[3.76049,43.4457461],[3.7604132,43.4457187],[3.7603214,43.4456859],[3.760221,43.4456499],[3.7601466,43.4456235],[3.7601036,43.4456082],[3.7600314,43.4455825],[3.7599839,43.4455655],[3.7595648,43.445416]]},"properties":{"osm_id":"way/177444168","category":"road","highway":"residential","name":"Quai des Jouteurs","surface":"asphalt"}},{"type":"Feature","geometry":{"type":"LineString","coordinates":[[3.7489798,43.445052],[3.7493553,43.4447638],[3.7499672,43.4442606],[3.7500364,43.4442058],[3.750127,43.44413]]},"properties":{"osm_id":"way/188186869","category":"road","highway":"residential","name":"Impasse Gay Lussac","surface":"compacted"}},{"type":"Feature","geometry":{"type":"LineString","coordinates":[[3.7680936,43.4658459],[3.7680968,43.4657692],[3.7680834,43.4656854],[3.7680485,43.4656193],[3.767968,43.465555],[3.767852,43.4654905]]},"properties":{"osm_id":"way/189130008","category":"road","highway":"residential","name":"Rue des Paluds","surface":"asphalt"}},{"type":"Feature","geometry":{"type":"LineString","coordinates":[[3.7638417,43.4441561],[3.7638471,43.4439379],[3.7639276,43.4427461],[3.763984,43.4426294],[3.7640833,43.4425086],[3.76417,43.4424353],[3.7643041,43.4423516],[3.764618,43.4421977],[3.7647377,43.4421503],[3.7648745,43.4421133],[3.7650165,43.4420918],[3.7652043,43.4420918],[3.7656211,43.4421782],[3.7660411,43.4422982],[3.766238,43.442334],[3.766363,43.4423333],[3.7664274,43.4422865],[3.7664472,43.442225],[3.766415,43.4421276],[3.7661538,43.4417724],[3.7658035,43.4413915],[3.7653867,43.4409505],[3.7651989,43.4407947],[3.7650702,43.4407441],[3.7649092,43.440709],[3.764759,43.4406935],[3.7646517,43.4406467],[3.7645659,43.4406],[3.7636872,43.4396932]]},"properties":{"osm_id":"way/189130011","category":"track","highway":"track"}},{"type":"Feature","geometry":{"type":"LineString","coordinates":[[3.7669854,43.4663261],[3.7668915,43.4663599],[3.7668147,43.466394],[3.766753,43.4664291],[3.766694,43.4664797],[3.7666001,43.4665764]]},"properties":{"osm_id":"way/189130014","category":"road","highway":"primary","ref":"D 612","surface":"asphalt"}},{"type":"Feature","geometry":{"type":"LineString","coordinates":[[3.7583442,43.443351],[3.7583428,43.4433102],[3.7583181,43.4425833],[3.7583106,43.4425491],[3.7582815,43.4424618],[3.7581705,43.4423481]]},"properties":{"osm_id":"way/189130015","category":"road","highway":"residential","name":"Rue de la Raffinerie"}},{"type":"Feature","geometry":{"type":"LineString","coordinates":[[3.7676229,43.4660141],[3.7678634,43.4659969],[3.7679799,43.4659563],[3.7680411,43.4659172]]},"properties":{"osm_id":"way/189130016","category":"road","highway":"unclassified","surface":"asphalt"}},{"type":"Feature","geometry":{"type":"LineString","coordinates":[[3.7666745,43.465977],[3.7667091,43.4659464],[3.7667505,43.4659207],[3.7667993,43.4659],[3.7668524,43.4658861],[3.7669081,43.4658794],[3.7669645,43.4658801],[3.7670199,43.4658882],[3.7670709,43.465903],[3.7671176,43.4659241],[3.7671584,43.4659508],[3.7671922,43.4659823]]},"properties":{"osm_id":"way/189130017","category":"road","highway":"primary","name":"Rond-Point du Barnier","surface":"asphalt"}},{"type":"Feature","geometry":{"type":"LineString","coordinates":[[3.7590763,43.4441542],[3.7590943,43.4441248],[3.7590316,43.443684],[3.7589907,43.4433962],[3.7589774,43.4433445],[3.758963,43.443312],[3.758942,43.4432907],[3.7588824,43.443253]]},"properties":{"osm_id":"way/189130018","category":"road","highway":"service"}},{"type":"Feature","geometry":{"type":"LineString","coordinates":[[3.7686421,43.4633161],[3.7686096,43.4635414],[3.7686313,43.4636986],[3.769097,43.4643338],[3.7698051,43.4652997]]},"properties":{"osm_id":"way/189130310","category":"road","highway":"residential","name":"Rue des Sauniers","surface":"asphalt"}},{"type":"Feature","geometry":{"type":"Polygon","coordinates":[[[3.7684801,43.4627381],[3.7688412,43.4628532],[3.7711764,43.4660522],[3.7690347,43.4669137],[3.7688446,43.4666168],[3.7682122,43.4662417],[3.7677757,43.4659379],[3.7667704,43.4654465],[3.7667739,43.4650364],[3.7667557,43.4647248],[3.7667787,43.4645285],[3.7674034,43.463627],[3.7684801,43.4627381]]]},"properties":{"osm_id":"way/189130407","category":"industrial","name":"ZI du Barnier","landuse":"industrial"}},{"type":"Feature","geometry":{"type":"LineString","coordinates":[[3.746636,43.4406409],[3.7465099,43.44054]]},"properties":{"osm_id":"way/191292536","category":"road","highway":"service","surface":"asphalt"}},{"type":"Feature","geometry":{"type":"LineString","coordinates":[[3.7472998,43.4402302],[3.747055,43.440377],[3.7468658,43.4404775],[3.746636,43.4406409],[3.7465184,43.4407246],[3.746363,43.440622]]},"properties":{"osm_id":"way/191292544","category":"road","highway":"service","surface":"asphalt"}},{"type":"Feature","geometry":{"type":"LineString","coordinates":[[3.7502363,43.4388404],[3.7502144,43.4389055],[3.7502258,43.4390752],[3.7502093,43.4391887],[3.7501707,43.4393184],[3.7501212,43.4394844],[3.7500822,43.4396304],[3.7500574,43.4397897],[3.7500386,43.4399862],[3.750034,43.4400422],[3.7500289,43.4400701]]},"properties":{"osm_id":"way/191292545","category":"road","highway":"residential","name":"Rue Jean-Baptiste Lully"}},{"type":"Feature","geometry":{"type":"LineString","coordinates":[[3.7556401,43.4437834],[3.7555322,43.443866]]},"properties":{"osm_id":"way/191296122","category":"road","highway":"service"}},{"type":"Feature","geometry":{"type":"LineString","coordinates":[[3.7538808,43.4428949],[3.7535637,43.4431106]]},"properties":{"osm_id":"way/191296123","category":"road","highway":"residential","name":"Impasse des Deux Figuiers"}},{"type":"Feature","geometry":{"type":"LineString","coordinates":[[3.7534945,43.4434243],[3.7533987,43.4433709],[3.7533519,43.4433587],[3.7531536,43.4433714],[3.7531172,43.4433695]]},"properties":{"osm_id":"way/191296124","category":"road","highway":"residential","name":"Impasse de la Tramontane"}},{"type":"Feature","geometry":{"type":"LineString","coordinates":[[3.7533477,43.4418678],[3.7533977,43.4419012],[3.7538101,43.4421786]]},"properties":{"osm_id":"way/191296125","category":"road","highway":"residential","name":"Impasse Rose Marie"}},{"type":"Feature","geometry":{"type":"LineString","coordinates":[[3.7528369,43.4408563],[3.7531101,43.4407683],[3.7534559,43.440654],[3.7537954,43.4405542],[3.7538436,43.4405401]]},"properties":{"osm_id":"way/191296126","category":"road","highway":"residential","name":"Rue Francis Poulenc"}},{"type":"Feature","geometry":{"type":"LineString","coordinates":[[3.7532111,43.4436908],[3.7534013,43.4437736],[3.753427,43.4437726],[3.7535149,43.4436848]]},"properties":{"osm_id":"way/191296127","category":"road","highway":"service"}},{"type":"Feature","geometry":{"type":"LineString","coordinates":[[3.751604,43.4412943],[3.7516783,43.4412362],[3.7518004,43.4411372],[3.7519147,43.4410348],[3.7519223,43.4409643],[3.7519319,43.4408495],[3.7522443,43.4405521],[3.7528369,43.4408563],[3.7531167,43.4410431],[3.7532672,43.4412022],[3.753494,43.4415534],[3.7535457,43.4416467],[3.7535618,43.4416757],[3.753571,43.4416923]]},"properties":{"osm_id":"way/191296128","category":"road","highway":"residential","name":"Rue \u00c9ric Satie","surface":"asphalt"}},{"type":"Feature","geometry":{"type":"LineString","coordinates":[[3.7546039,43.4439155],[3.7545321,43.4439767],[3.7544121,43.443931],[3.7543968,43.4438992],[3.7544622,43.4438457],[3.7546039,43.4439155]]},"properties":{"osm_id":"way/191296129","category":"road","highway":"residential","name":"Impasse des Gerbiers"}},{"type":"Feature","geometry":{"type":"LineString","coordinates":[[3.7530428,43.4421167],[3.7530608,43.4421104],[3.7530984,43.442088],[3.7531415,43.4420569],[3.7532958,43.4419131],[3.7533477,43.4418678],[3.753435,43.4417944],[3.753473,43.4417623],[3.753571,43.4416923],[3.754255,43.4414837],[3.754341,43.4414582],[3.754394,43.4414425]]},"properties":{"osm_id":"way/191296130","category":"road","highway":"residential","name":"Rue du N\u00e9goce","surface":"asphalt"}},{"type":"Feature","geometry":{"type":"LineString","coordinates":[[3.7512947,43.4489299],[3.7512666,43.4489491],[3.7512301,43.4489582],[3.7511917,43.4489556],[3.7511581,43.4489418]]},"properties":{"osm_id":"way/209492245","category":"road","highway":"secondary"}},{"type":"Feature","geometry":{"type":"LineString","coordinates":[[3.7431049,43.4488851],[3.7432845,43.4488789],[3.7433556,43.4488765]]},"properties":{"osm_id":"way/209513989","category":"road","highway":"secondary","name":"Rue des Thermes","ref":"D 129","surface":"asphalt"}},{"type":"Feature","geometry":{"type":"LineString","coordinates":[[3.7431377,43.4441753],[3.7430659,43.4441717],[3.7429976,43.4441541],[3.7429381,43.4441238],[3.7428988,43.4440906],[3.7428668,43.4440442],[3.7428529,43.4439933],[3.7428605,43.4439337],[3.7428862,43.4438866],[3.7429278,43.4438459],[3.7429739,43.4438183],[3.743035,43.4437968],[3.7431015,43.4437871],[3.7431772,43.4437911],[3.7432395,43.443807]]},"properties":{"osm_id":"way/209513991","category":"road","highway":"residential","surface":"asphalt"}},{"type":"Feature","geometry":{"type":"LineString","coordinates":[[3.7548817,43.4476376],[3.7543514,43.44725],[3.7541292,43.4470864],[3.7539987,43.4469904],[3.7538979,43.4469162],[3.7538154,43.4468555]]},"properties":{"osm_id":"way/209513994","category":"road","highway":"secondary","name":"Avenue du G\u00e9n\u00e9ral de Gaulle","surface":"asphalt"}},{"type":"Feature","geometry":{"type":"Polygon","coordinates":[[[3.7697637,43.466486],[3.7696157,43.4662879],[3.7692896,43.4664172],[3.769335,43.4664781],[3.7692784,43.4665006],[3.7692607,43.4664768],[3.7692255,43.4664908],[3.7692108,43.4665274],[3.7691424,43.4665545],[3.769245,43.4666917],[3.7697637,43.466486]]]},"properties":{"osm_id":"way/209515209","category":"industrial","building":"industrial"}},{"type":"Feature","geometry":{"type":"Polygon","coordinates":[[[3.7686044,43.4648578],[3.7691089,43.4655304],[3.7689265,43.4656029],[3.7685418,43.4650896],[3.768211,43.4652216],[3.7679896,43.4649338],[3.7680467,43.4649098],[3.7681758,43.4648558],[3.7681355,43.4648002],[3.7681355,43.4647805],[3.7681472,43.464768],[3.7681604,43.4647588],[3.7683788,43.4646694],[3.7684434,43.464643],[3.7685044,43.4647245],[3.7686044,43.4648578]]]},"properties":{"osm_id":"way/209515431","category":"industrial","name":"SMIL","building":"industrial"}},{"type":"Feature","geometry":{"type":"Polygon","coordinates":[[[3.7685932,43.464087],[3.7685805,43.4640703],[3.7686276,43.4640519],[3.7685951,43.464005],[3.7685465,43.4640234],[3.7685316,43.4640028],[3.7685909,43.46398],[3.7685249,43.4638922],[3.7684482,43.4639217],[3.7684123,43.4638757],[3.7683124,43.4639142],[3.7683126,43.4639188],[3.7681951,43.4639652],[3.7682905,43.4640934],[3.7683522,43.4640701],[3.768415,43.464156],[3.7683537,43.4641811],[3.7684502,43.464311],[3.7685672,43.4642644],[3.7685731,43.46427],[3.7686716,43.4642308],[3.7686369,43.4641835],[3.7687129,43.4641521],[3.7686502,43.4640656],[3.7685932,43.464087]]]},"properties":{"osm_id":"way/209515465","category":"industrial","name":"Richard Sabatier - menuiserie \u00e9b\u00e9nisterie","building":"industrial"}},{"type":"Feature","geometry":{"type":"Polygon","coordinates":[[[3.7695092,43.4661256],[3.7699396,43.4659542],[3.7697623,43.465718],[3.7693319,43.4658894],[3.7695092,43.4661256]]]},"properties":{"osm_id":"way/209515537","category":"industrial","name":"Atelier M\u00e9canique G\u00e9n\u00e9rale","building":"industrial"}},{"type":"Feature","geometry":{"type":"Polygon","coordinates":[[[3.7693446,43.4656332],[3.7693763,43.4656211],[3.7693644,43.4656044],[3.7693326,43.4656164],[3.7693446,43.4656332]]]},"properties":{"osm_id":"way/209515649","category":"critical_asset","building":"service","power":"substation"}},{"type":"Feature","geometry":{"type":"Polygon","coordinates":[[[3.7631286,43.4601806],[3.7631671,43.4602102],[3.7631903,43.4601943],[3.7631518,43.4601647],[3.7631286,43.4601806]]]},"properties":{"osm_id":"way/209516102","category":"critical_asset","building":"service","power":"substation"}},{"type":"Feature","geometry":{"type":"Polygon","coordinates":[[[3.767476,43.4643392],[3.7674594,43.4643709],[3.7674852,43.4643781],[3.7675017,43.4643466],[3.767476,43.4643392]]]},"properties":{"osm_id":"way/209516197","category":"critical_asset","building":"service","power":"substation"}},{"type":"Feature","geometry":{"type":"Polygon","coordinates":[[[3.7638262,43.4587397],[3.7638592,43.458772],[3.7638814,43.4587593],[3.7638484,43.458727],[3.7638262,43.4587397]]]},"properties":{"osm_id":"way/209516410","category":"critical_asset","building":"service","power":"substation"}},{"type":"Feature","geometry":{"type":"Polygon","coordinates":[[[3.758291,43.450543],[3.7581671,43.4505972],[3.7581593,43.4505886],[3.75808,43.4506154],[3.7581862,43.4507703],[3.7582244,43.450756],[3.7583972,43.4506915],[3.7585063,43.4506498],[3.7583738,43.4503962],[3.7582263,43.4504464],[3.758291,43.450543]]]},"properties":{"osm_id":"way/209519118","category":"industrial","building":"industrial"}},{"type":"Feature","geometry":{"type":"Polygon","coordinates":[[[3.7613482,43.4546298],[3.7613631,43.4546244],[3.7613955,43.4546109],[3.761416,43.4546031],[3.761514,43.4547405],[3.7614581,43.4547683],[3.7614262,43.4547842],[3.7613934,43.4547969],[3.7611889,43.4548764],[3.7611162,43.4547735],[3.7611718,43.4547518],[3.7611411,43.4547088],[3.7612788,43.4546568],[3.7613482,43.4546298]]]},"properties":{"osm_id":"way/209519837","category":"industrial","building":"industrial"}},{"type":"Feature","geometry":{"type":"Polygon","coordinates":[[[3.7478497,43.4427556],[3.7478077,43.4427824],[3.7477389,43.4428272],[3.7478353,43.44288],[3.7477903,43.4429186],[3.74796,43.443012],[3.7479055,43.443052],[3.7476228,43.4429008],[3.7475148,43.4428471],[3.7474209,43.4428052],[3.7473137,43.4427554],[3.7473547,43.4427268],[3.7471245,43.4425352],[3.7471859,43.4424959],[3.7471671,43.4424804],[3.7472683,43.4424164],[3.7472874,43.4424329],[3.7473487,43.4423945],[3.7473203,43.4423674],[3.7473519,43.4423478],[3.7473151,43.4423169],[3.7474556,43.4422257],[3.7475652,43.4423068],[3.7474744,43.4423647],[3.7476698,43.4425269],[3.7477742,43.442461],[3.7482013,43.4427774],[3.7481029,43.4428471],[3.7478788,43.4426801],[3.7478199,43.4427205],[3.7478587,43.4427492],[3.7478497,43.4427556]]]},"properties":{"osm_id":"way/209520404","category":"industrial","name":"Cave coop\u00e9rative","building":"industrial"}},{"type":"Feature","geometry":{"type":"Polygon","coordinates":[[[3.7542886,43.453115],[3.754263,43.4531375],[3.754298,43.4531584],[3.7543235,43.4531359],[3.7542886,43.453115]]]},"properties":{"osm_id":"way/209521127","category":"critical_asset","building":"service","power":"substation"}},{"type":"Feature","geometry":{"type":"Polygon","coordinates":[[[3.7549579,43.4555836],[3.7549105,43.4556086],[3.7549275,43.4556256],[3.7549749,43.4556006],[3.7549579,43.4555836]]]},"properties":{"osm_id":"way/209521360","category":"critical_asset","building":"service","power":"substation"}},{"type":"Feature","geometry":{"type":"LineString","coordinates":[[3.7625506,43.4621088],[3.7619339,43.4624181],[3.7620364,43.4625214]]},"properties":{"osm_id":"way/231090941","category":"road","highway":"residential","name":"Impasse des Hesperides"}},{"type":"Feature","geometry":{"type":"LineString","coordinates":[[3.7642769,43.4610022],[3.7642497,43.4610466],[3.7641749,43.4611025],[3.7633461,43.4617002],[3.7632519,43.4617494],[3.7631839,43.4617606],[3.763094,43.4617274],[3.7625522,43.4613575],[3.7624942,43.4613162],[3.7624302,43.4613069],[3.7623011,43.4613425],[3.7622237,43.4613673],[3.7621921,43.4613775]]},"properties":{"osm_id":"way/231090942","category":"road","highway":"residential","name":"Rue Eug\u00e8ne Ducretet","surface":"asphalt"}},{"type":"Feature","geometry":{"type":"LineString","coordinates":[[3.763779,43.4605454],[3.7639991,43.4603948],[3.7641057,43.4603197],[3.7640988,43.4602297],[3.7634351,43.4593264],[3.7633395,43.4591895],[3.7628248,43.4593368],[3.7627327,43.4593537],[3.7627032,43.4593593]]},"properties":{"osm_id":"way/231090943","category":"road","highway":"residential","name":"Rue des Fr\u00e8res Lumi\u00e8re","surface":"asphalt"}},{"type":"Feature","geometry":{"type":"LineString","coordinates":[[3.7604269,43.4541427],[3.7604714,43.4542072],[3.7605418,43.4543093],[3.7606844,43.4545164],[3.7610072,43.4549785],[3.7612665,43.4553374],[3.7614336,43.4555713],[3.7614911,43.4556518],[3.7615843,43.4557822],[3.7617031,43.4559484],[3.762106,43.4565348],[3.7622256,43.456709],[3.7622483,43.4567421],[3.7622809,43.4567895],[3.7623751,43.4569293],[3.7624434,43.4570306],[3.7627521,43.4574618],[3.7627946,43.4575159],[3.7628485,43.4575895],[3.7629011,43.4576615],[3.7629502,43.4577286]]},"properties":{"osm_id":"way/231092323","category":"road","highway":"secondary","name":"Route de Montpellier","surface":"asphalt"}},{"type":"Feature","geometry":{"type":"LineString","coordinates":[[3.7571788,43.4494623],[3.7579104,43.4505445],[3.7580072,43.4506877],[3.7580743,43.450787],[3.7581286,43.4508588],[3.758281,43.4510602],[3.7583722,43.4511896],[3.7591188,43.4522498]]},"properties":{"osm_id":"way/231130935","category":"road","highway":"secondary","name":"Avenue de la R\u00e9sistance","surface":"asphalt"}},{"type":"Feature","geometry":{"type":"LineString","coordinates":[[3.7621153,43.4634504],[3.7618992,43.4638493],[3.7616632,43.4644411],[3.7614378,43.4650173],[3.7613627,43.4654767],[3.7613091,43.465539],[3.7612555,43.4656169],[3.7612125,43.4658739],[3.7611996,43.4661551],[3.7617178,43.4666933],[3.7620003,43.4668427],[3.7622832,43.4670707],[3.7626213,43.467519],[3.7630442,43.4677585],[3.7634498,43.4678888],[3.7636658,43.4679922],[3.7639419,43.4680928],[3.7645765,43.468203],[3.7646696,43.4681515]]},"properties":{"osm_id":"way/231130936","category":"road","highway":"unclassified","name":"Chemin des Justices","surface":"asphalt"}},{"type":"Feature","geometry":{"type":"LineString","coordinates":[[3.7609667,43.4612331],[3.7610807,43.461253],[3.7612184,43.4612549],[3.7614651,43.4612393],[3.7617441,43.4611536],[3.7620181,43.4610486],[3.7620545,43.4610331]]},"properties":{"osm_id":"way/231130937","category":"road","highway":"residential","name":"Rue Sully","surface":"asphalt"}},{"type":"Feature","geometry":{"type":"LineString","coordinates":[[3.7599563,43.4619442],[3.760298,43.4618774],[3.7606369,43.4619126],[3.7606099,43.4620259],[3.7606436,43.4621263]]},"properties":{"osm_id":"way/231204142","category":"road","highway":"service","name":"R\u00e9sidence Les Logis de la Gardiole"}},{"type":"Feature","geometry":{"type":"LineString","coordinates":[[3.7627946,43.4575159],[3.7628539,43.4575171],[3.7629662,43.4575182],[3.7641595,43.4575817]]},"properties":{"osm_id":"way/231204272","category":"road","highway":"service","name":"Impasse de la Sagne"}},{"type":"Feature","geometry":{"type":"Polygon","coordinates":[[[3.7649305,43.4446611],[3.764892,43.4446472],[3.7648846,43.4445844],[3.7648843,43.4445467],[3.7648996,43.4445311],[3.7648978,43.4444951],[3.7648786,43.4444183],[3.7648632,43.4443834],[3.7648055,43.4443569],[3.7647267,43.4443374],[3.7645672,43.4443136],[3.7644599,43.444266],[3.7643154,43.4442229],[3.7642039,43.4441922],[3.7641709,43.4441841],[3.7641235,43.4441581],[3.7640905,43.444149],[3.7640741,43.4441485],[3.7640739,43.4441738],[3.76408,43.4441951],[3.7641025,43.4442284],[3.7640665,43.4442352],[3.7640922,43.444275],[3.764121,43.4443001],[3.7642125,43.4443401],[3.7644095,43.4444044],[3.7645403,43.4444378],[3.7646133,43.4444546],[3.7646594,43.4444839],[3.7646633,43.4445216],[3.7646671,43.4445914],[3.7646683,43.444639],[3.7646535,43.4446579],[3.7646195,43.4446665],[3.7649305,43.4446611]]]},"properties":{"osm_id":"way/231430232","category":"water_point","natural":"water"}},{"type":"Feature","geometry":{"type":"LineString","coordinates":[[3.7423037,43.4456458],[3.7423092,43.445588],[3.7423434,43.4455486],[3.7424011,43.4455062],[3.7426613,43.4453044],[3.7428964,43.4451115],[3.7433164,43.4447678],[3.7434559,43.4445964],[3.7434382,43.444499],[3.7433982,43.4443889],[3.7433332,43.4442995],[3.7433016,43.4442497]]},"properties":{"osm_id":"way/233679955","category":"road","highway":"residential","name":"Avenue de l'Europe","surface":"asphalt"}},{"type":"Feature","geometry":{"type":"LineString","coordinates":[[3.7499684,43.4483618],[3.7498455,43.4483652],[3.7496959,43.4483701],[3.7490148,43.4483394],[3.7489423,43.448343]]},"properties":{"osm_id":"way/233679956","category":"road","highway":"residential","name":"Impasse de la Patte d'Oie","surface":"asphalt"}},{"type":"Feature","geometry":{"type":"LineString","coordinates":[[3.7551536,43.445383],[3.7552485,43.4453077],[3.7553504,43.4452321],[3.7554874,43.4451542],[3.7555838,43.44509],[3.7556721,43.4450504],[3.7557353,43.4450366],[3.755839,43.4449939],[3.7559917,43.4449231],[3.7561052,43.4448751],[3.7561682,43.444845],[3.7562466,43.4448054],[3.7563377,43.444772],[3.7563981,43.4447552],[3.7565135,43.4447503],[3.7566249,43.4447568],[3.7567223,43.4447756],[3.7568029,43.4448026]]},"properties":{"osm_id":"way/233781437","category":"track","highway":"path","name":"Rue Boucari\u00e9 Basse"}},{"type":"Feature","geometry":{"type":"LineString","coordinates":[[3.7532992,43.4464826],[3.7524623,43.4458536],[3.7523769,43.4457891],[3.7518971,43.4454314],[3.7518376,43.4453863],[3.7514063,43.4450625],[3.7511434,43.4448644],[3.7506212,43.4444941],[3.7504948,43.4443981],[3.7504347,43.4443524],[3.7501839,43.4441712],[3.750127,43.44413],[3.750074,43.4440923],[3.750033,43.4440631],[3.7498873,43.4439593]]},"properties":{"osm_id":"way/233832133","category":"road","highway":"secondary","name":"Avenue des Vignerons","surface":"asphalt"}},{"type":"Feature","geometry":{"type":"LineString","coordinates":[[3.7458178,43.4409369],[3.7454147,43.4406226],[3.7452918,43.4405329],[3.7441424,43.4396943],[3.7439824,43.4395644],[3.7439617,43.4395476],[3.7438008,43.4394268],[3.7434095,43.4391449],[3.7433956,43.4391351],[3.7432865,43.4390551],[3.7432286,43.4390127],[3.7431414,43.4389488],[3.7429475,43.4388066],[3.7428007,43.4386989],[3.7422146,43.4382671],[3.7417267,43.4378968],[3.7415994,43.4378037]]},"properties":{"osm_id":"way/233832134","category":"road","highway":"secondary","name":"Avenue du Mar\u00e9chal Juin","surface":"asphalt"}},{"type":"Feature","geometry":{"type":"LineString","coordinates":[[3.7498873,43.4439593],[3.7496112,43.4437562],[3.7491973,43.4434452],[3.7490964,43.4433694],[3.7485116,43.4429301],[3.7482731,43.4427541]]},"properties":{"osm_id":"way/233832135","category":"road","highway":"secondary","name":"Avenue du Muscat","surface":"asphalt"}},{"type":"Feature","geometry":{"type":"LineString","coordinates":[[3.7538154,43.4468555],[3.75373,43.4469244],[3.7528379,43.4476242],[3.7526261,43.4477985],[3.7525876,43.447827],[3.7520071,43.4482836],[3.7519384,43.4483364],[3.7518644,43.4484027],[3.7516876,43.4485382],[3.7515134,43.4486705],[3.7513936,43.4487658],[3.7512871,43.4488475]]},"properties":{"osm_id":"way/233832763","category":"road","highway":"secondary","name":"Avenue Fr\u00e9d\u00e9ric Mistral","ref":"D 129","surface":"asphalt"}},{"type":"Feature","geometry":{"type":"LineString","coordinates":[[3.7690046,43.4595883],[3.7689909,43.4599593],[3.7689349,43.4603609],[3.7688115,43.4609706],[3.7685889,43.4615994],[3.7685272,43.4616909],[3.768436,43.4617259],[3.768318,43.4617104],[3.7681785,43.4615682],[3.7681141,43.4614748],[3.7680846,43.4613307],[3.7680712,43.4611127],[3.7679775,43.4609653],[3.7674282,43.4602177]]},"properties":{"osm_id":"way/234698306","category":"road","highway":"unclassified","surface":"paved"}},{"type":"Feature","geometry":{"type":"LineString","coordinates":[[3.758461,43.4455063],[3.7587082,43.4454787],[3.7589092,43.4454581],[3.7593034,43.4454251]]},"properties":{"osm_id":"way/234698312","category":"road","highway":"residential","name":"Rue du Bassin","surface":"asphalt"}},{"type":"Feature","geometry":{"type":"LineString","coordinates":[[3.7585055,43.4465218],[3.7584376,43.4465665],[3.7579915,43.4467244],[3.7574145,43.4469327],[3.7561634,43.4473948],[3.7561194,43.4474118],[3.7558461,43.4475244],[3.7557766,43.4475806],[3.7557381,43.4476048],[3.7556759,43.4476503],[3.7555248,43.447761],[3.7554884,43.4477859],[3.7554262,43.4478005]]},"properties":{"osm_id":"way/236092805","category":"road","highway":"secondary","name":"Boulevard Gambetta","ref":"D 129E3","surface":"asphalt"}},{"type":"Feature","geometry":{"type":"LineString","coordinates":[[3.7584415,43.4464777],[3.758454,43.4464524],[3.7584438,43.446303],[3.7584314,43.446151],[3.7584087,43.4458736],[3.7583959,43.4457106],[3.7583862,43.4455863],[3.7583796,43.4455253],[3.7583634,43.4453984],[3.7583273,43.4449283],[3.7583211,43.4448236],[3.7583186,43.4447811],[3.758296,43.4444035],[3.7582924,43.4443443],[3.7583308,43.4443124]]},"properties":{"osm_id":"way/236092806","category":"road","highway":"secondary","name":"Boulevard de la R\u00e9publique","ref":"D 129E3","surface":"asphalt"}},{"type":"Feature","geometry":{"type":"LineString","coordinates":[[3.7585332,43.4484691],[3.7587774,43.4480656],[3.7586318,43.4479156],[3.7585938,43.4478773]]},"properties":{"osm_id":"way/236094013","category":"road","highway":"residential","name":"Rue du Poste des Douanes","surface":"asphalt"}},{"type":"Feature","geometry":{"type":"LineString","coordinates":[[3.7598227,43.4493078],[3.7596692,43.4492389],[3.7593445,43.4489786],[3.7591646,43.4487215],[3.7590359,43.4486005],[3.7588295,43.4485324],[3.7585332,43.4484691]]},"properties":{"osm_id":"way/236094014","category":"road","highway":"residential","name":"Impasse des Pielles","surface":"asphalt"}},{"type":"Feature","geometry":{"type":"LineString","coordinates":[[3.7316906,43.4423518],[3.7316501,43.4423342],[3.7315955,43.442291],[3.7314999,43.4422],[3.7314471,43.4421605],[3.7313966,43.4421328],[3.7313457,43.4421096],[3.7312599,43.4420948],[3.7311866,43.4420804],[3.7311189,43.4420493],[3.7310165,43.4419648],[3.7309445,43.4418924],[3.7308924,43.441868],[3.7308298,43.4418559],[3.7307811,43.4418563],[3.7306909,43.4418824],[3.7303886,43.442001],[3.7298411,43.4422308],[3.7296595,43.44231],[3.7295949,43.4423315],[3.7295392,43.4423456],[3.7294869,43.4423524],[3.7294211,43.4423504],[3.7293511,43.4423246],[3.7293018,43.4423013],[3.7292469,43.4422572],[3.7291836,43.4421985],[3.7291087,43.4420958],[3.7290819,43.4420549],[3.7290263,43.4420266],[3.7289622,43.4420143],[3.7288499,43.4419859],[3.7287775,43.4419623],[3.7287244,43.4419283],[3.7285823,43.4418013],[3.7284881,43.4417084],[3.7284248,43.4416606],[3.7283576,43.4416278],[3.7281545,43.4415403],[3.7279231,43.4414542],[3.7278602,43.4414473],[3.727778,43.4414492],[3.7277126,43.441459],[3.7276468,43.441486],[3.7274305,43.4415997],[3.727088,43.4418088],[3.7269219,43.4418804],[3.7267325,43.4419633],[3.7265275,43.4420857],[3.7263588,43.4421555],[3.7260371,43.4422696],[3.7258969,43.442325],[3.7257335,43.4424362],[3.7255027,43.4426113],[3.7254153,43.4426616],[3.7253205,43.442701],[3.7251124,43.442764],[3.7250076,43.4428164],[3.7247313,43.4430055],[3.7245997,43.4431154],[3.724353,43.4433499],[3.7241973,43.4434781],[3.7241506,43.4435421],[3.7241506,43.4435873],[3.724257,43.4437098],[3.7243882,43.4438359],[3.7245636,43.443963],[3.7246618,43.4440131],[3.724765,43.4440498],[3.7250236,43.4441216],[3.7252352,43.4441903],[3.7256596,43.4443571],[3.7260866,43.4445073],[3.7261851,43.4445545],[3.7262795,43.4446194],[3.726356,43.4446894],[3.7264077,43.4447638],[3.7264376,43.444859],[3.7264473,43.4449288],[3.72645,43.4450237],[3.726441,43.4450649],[3.7264138,43.4451182],[3.7262891,43.4452421]]},"properties":{"osm_id":"way/236187993","category":"road","highway":"unclassified","name":"Chemin du Mas de Guiraud","ref":"C 17"}},{"type":"Feature","geometry":{"type":"LineString","coordinates":[[3.7522443,43.4405521],[3.7523931,43.4404075],[3.7524061,43.4403624],[3.7523757,43.4403266],[3.75193,43.4399712]]},"properties":{"osm_id":"way/237969409","category":"road","highway":"residential","name":"Impasse Bela Bartok"}},{"type":"Feature","geometry":{"type":"LineString","coordinates":[[3.7612791,43.4642465],[3.7605495,43.4646553],[3.7604583,43.4647137],[3.7605281,43.4647857],[3.761153,43.4655508],[3.7612555,43.4656169]]},"properties":{"osm_id":"way/242021600","category":"track","highway":"track"}},{"type":"Feature","geometry":{"type":"LineString","coordinates":[[3.7604583,43.4647137],[3.7602652,43.4645035],[3.7602035,43.4644665],[3.7601418,43.4644626],[3.7596912,43.4647312],[3.7594164,43.4648789]]},"properties":{"osm_id":"way/242021616","category":"track","highway":"track"}},{"type":"Feature","geometry":{"type":"LineString","coordinates":[[3.761153,43.4655508],[3.7611369,43.4657027],[3.7610618,43.4657766],[3.7608955,43.4658175],[3.7608246,43.4658016],[3.7606315,43.4655739],[3.7605215,43.4655155],[3.7602625,43.4654398],[3.7601526,43.4653503],[3.7600129,43.4652902],[3.759852,43.465356],[3.7594123,43.4654068],[3.7593345,43.4654009],[3.7592808,43.4653737],[3.7591529,43.4652427],[3.7590646,43.4651848],[3.7585179,43.4651553],[3.758357,43.4651884],[3.7581563,43.4652173],[3.7579662,43.4652442],[3.7582926,43.4657491],[3.7582348,43.4657727]]},"properties":{"osm_id":"way/242021665","category":"track","highway":"track"}},{"type":"Feature","geometry":{"type":"LineString","coordinates":[[3.7590463,43.4639814],[3.7593264,43.4638922],[3.7595479,43.4637576],[3.7597021,43.4638611],[3.7597717,43.4639078],[3.7600345,43.4641978],[3.7602438,43.4644684],[3.7602652,43.4645035]]},"properties":{"osm_id":"way/242021733","category":"track","highway":"track"}},{"type":"Feature","geometry":{"type":"LineString","coordinates":[[3.7597021,43.4638611],[3.7595184,43.4639406],[3.7594379,43.4640496],[3.7592755,43.4641258],[3.7591145,43.4641706],[3.7589724,43.4641686],[3.7588544,43.464155],[3.7587083,43.464182],[3.7582509,43.4642387],[3.7579397,43.4643672],[3.7577427,43.4644603],[3.7575347,43.4645969],[3.7575308,43.4647835],[3.7576688,43.4649279],[3.757921,43.4650057],[3.7580539,43.4651437],[3.7581563,43.4652173]]},"properties":{"osm_id":"way/242021762","category":"track","highway":"track"}},{"type":"Feature","geometry":{"type":"LineString","coordinates":[[3.7585179,43.4651553],[3.7583409,43.4651515],[3.7581892,43.4651783],[3.7580539,43.4651437]]},"properties":{"osm_id":"way/242021811","category":"track","highway":"track"}},{"type":"Feature","geometry":{"type":"LineString","coordinates":[[3.7581326,43.4633748],[3.7581638,43.4636602],[3.7581638,43.4638666],[3.758106,43.4639876],[3.7580726,43.4641177],[3.7577064,43.4643945],[3.7575884,43.4644606],[3.7574328,43.4645891],[3.7573926,43.464702],[3.7574489,43.4648344],[3.7576033,43.4649762],[3.7578098,43.4650736],[3.7579662,43.4652442]]},"properties":{"osm_id":"way/242021939","category":"track","highway":"track"}},{"type":"Feature","geometry":{"type":"LineString","coordinates":[[3.7537555,43.4696294],[3.7534149,43.4697575],[3.7534946,43.4699155],[3.7536536,43.4702305],[3.7541288,43.4706432]]},"properties":{"osm_id":"way/242022416","category":"track","highway":"track"}},{"type":"Feature","geometry":{"type":"LineString","coordinates":[[3.7600923,43.4707889],[3.7599931,43.4707305],[3.7599326,43.4705887],[3.7596912,43.4700884],[3.7594445,43.4698899],[3.7593559,43.4697789],[3.7592031,43.4694675],[3.7590529,43.4692183],[3.7588544,43.4689497],[3.7585259,43.4686009],[3.758444,43.4684747],[3.7578259,43.4679002],[3.757586,43.4677583],[3.7574086,43.4677369],[3.7572784,43.4677515],[3.7571706,43.4678097],[3.757072,43.46803],[3.7569022,43.4684442],[3.756789,43.4686244],[3.7565561,43.468701],[3.7563325,43.4687746],[3.7560466,43.4688458],[3.755786,43.468914],[3.7555508,43.469026],[3.7552153,43.4691246]]},"properties":{"osm_id":"way/242022887","category":"track","highway":"path"}},{"type":"Feature","geometry":{"type":"LineString","coordinates":[[3.746994,43.4451702],[3.7463265,43.4457326],[3.7462958,43.4458104]]},"properties":{"osm_id":"way/243090268","category":"road","highway":"residential","name":"Impasse de la Clairette","surface":"asphalt"}},{"type":"Feature","geometry":{"type":"LineString","coordinates":[[3.7501553,43.4456282],[3.7496473,43.4452664],[3.7495186,43.4452119],[3.7493899,43.4452275],[3.7488022,43.4456688]]},"properties":{"osm_id":"way/243090269","category":"road","highway":"residential","name":"Rue Alexandre Dumas","surface":"asphalt"}},{"type":"Feature","geometry":{"type":"LineString","coordinates":[[3.748312,43.4453811],[3.7482557,43.4453806],[3.7482014,43.4453612],[3.7479217,43.4451572],[3.7479097,43.4451143],[3.7479258,43.4450637],[3.7481537,43.4448972],[3.7482181,43.4448904],[3.7482986,43.4449215],[3.7485547,43.4451102],[3.7485856,43.4451479],[3.7485638,43.445191],[3.748312,43.4453811]]},"properties":{"osm_id":"way/243090270","category":"road","highway":"residential","name":"Rue Florian","surface":"asphalt"}},{"type":"Feature","geometry":{"type":"LineString","coordinates":[[3.7482101,43.4443682],[3.7479423,43.4442124]]},"properties":{"osm_id":"way/243329589","category":"road","highway":"residential","name":"Impasse du Servant"}},{"type":"Feature","geometry":{"type":"LineString","coordinates":[[3.744496,43.4430522],[3.7444125,43.4431065],[3.7443181,43.4431679],[3.7438664,43.4434616],[3.7436706,43.443589],[3.7433749,43.4437977]]},"properties":{"osm_id":"way/243451810","category":"road","highway":"residential","name":"Avenue de France","surface":"asphalt"}},{"type":"Feature","geometry":{"type":"LineString","coordinates":[[3.7442291,43.4447597],[3.7442683,43.444787],[3.744535,43.4449731],[3.744403,43.4450785],[3.7446956,43.4452583]]},"properties":{"osm_id":"way/244459639","category":"road","highway":"residential","name":"Impasse de Bulgarie"}},{"type":"Feature","geometry":{"type":"LineString","coordinates":[[3.7518644,43.4484027],[3.751949,43.4484666],[3.7520767,43.4485631],[3.7525135,43.4488928],[3.7525427,43.4489129]]},"properties":{"osm_id":"way/244459641","category":"road","highway":"residential","name":"Rue Aristide Briand"}},{"type":"Feature","geometry":{"type":"LineString","coordinates":[[3.7453041,43.4438163],[3.7452965,43.4438427],[3.745287,43.4438683],[3.7452671,43.4439006],[3.7447739,43.4443116],[3.7447526,43.4443295],[3.7447349,43.4443446],[3.7442994,43.4446932],[3.7442291,43.4447597],[3.7441559,43.4448183],[3.7438931,43.4450271],[3.7436788,43.445211]]},"properties":{"osm_id":"way/244459642","category":"road","highway":"residential","name":"Rue de Malte"}},{"type":"Feature","geometry":{"type":"LineString","coordinates":[[3.7397626,43.4500226],[3.7392189,43.4502437],[3.7384035,43.4506954],[3.7378885,43.4510148],[3.7378065,43.4510766],[3.7374422,43.4513508],[3.7371847,43.4514131],[3.7369379,43.4514755],[3.7354522,43.4520793],[3.7353616,43.4521016],[3.7352101,43.452139],[3.7347119,43.4522877],[3.734466,43.4525258],[3.7340476,43.4529386],[3.7338327,43.4530767],[3.7337449,43.4530791],[3.7335282,43.4529876],[3.7334616,43.4529523],[3.7333772,43.4529377],[3.7332224,43.4529741],[3.73313,43.4530108],[3.7330203,43.4530543],[3.7327707,43.4531507],[3.7318597,43.4534404],[3.7316291,43.4534963],[3.7311897,43.4535229],[3.7309778,43.4535396],[3.7308829,43.4535731],[3.7306037,43.4537174],[3.7303832,43.4538157],[3.7300867,43.4539073],[3.7297667,43.4539699],[3.7292641,43.4540717]]},"properties":{"osm_id":"way/244459643","category":"road","highway":"unclassified"}},{"type":"Feature","geometry":{"type":"LineString","coordinates":[[3.7484739,43.450777],[3.7485695,43.4508337],[3.7486269,43.450903],[3.7496082,43.4516336],[3.750222,43.4520868],[3.7505417,43.4523088],[3.7507623,43.4524169],[3.7508482,43.4524457],[3.7509791,43.4524896],[3.7511493,43.4525217],[3.7512276,43.4525178],[3.75133,43.4525003],[3.7513694,43.4524936]]},"properties":{"osm_id":"way/244459644","category":"road","highway":"residential","name":"Avenue Calmette","surface":"asphalt"}},{"type":"Feature","geometry":{"type":"LineString","coordinates":[[3.7397444,43.4403914],[3.7396153,43.4405567],[3.739505,43.4407004],[3.7394597,43.4408625],[3.7394594,43.4409546],[3.7394865,43.441255],[3.7395036,43.4414989],[3.7394999,43.4416658],[3.7394741,43.441757],[3.7394061,43.4419054],[3.7392788,43.4421138]]},"properties":{"osm_id":"way/244527976","category":"road","highway":"unclassified","surface":"asphalt"}},{"type":"Feature","geometry":{"type":"LineString","coordinates":[[3.7537561,43.4505186],[3.7537051,43.4505884],[3.7536126,43.4507458],[3.7535483,43.4508389],[3.7534868,43.4509169],[3.7533463,43.4510236],[3.7529329,43.4512853],[3.7528516,43.4513271],[3.7525984,43.4515135],[3.7525007,43.4515881],[3.7523846,43.4516913],[3.7522685,43.4517945],[3.7519957,43.4520579],[3.7519318,43.4521293],[3.7517498,43.4523327],[3.7516832,43.452401],[3.7516317,43.4524338],[3.7515971,43.4524558]]},"properties":{"osm_id":"way/244543399","category":"road","highway":"residential","name":"Avenue des Viviers","surface":"asphalt"}},{"type":"Feature","geometry":{"type":"LineString","coordinates":[[3.7518615,43.450529],[3.7514475,43.4502466],[3.7514621,43.4500664],[3.7511908,43.4498723],[3.7508324,43.4496175],[3.7505975,43.4494511],[3.750534,43.449408]]},"properties":{"osm_id":"way/244543400","category":"road","highway":"residential","name":"Impasse \u00c9mile Roux"}},{"type":"Feature","geometry":{"type":"LineString","coordinates":[[3.7460024,43.4507058],[3.7457147,43.450525],[3.7454696,43.4503028]]},"properties":{"osm_id":"way/244543401","category":"road","highway":"residential","name":"Impasse de l'Arbousier"}},{"type":"Feature","geometry":{"type":"LineString","coordinates":[[3.7503581,43.4504051],[3.7505198,43.4503038],[3.7504117,43.4502101],[3.7499776,43.4498338],[3.7499458,43.4498043]]},"properties":{"osm_id":"way/244543402","category":"road","highway":"residential","name":"Impasse de la Coste"}},{"type":"Feature","geometry":{"type":"LineString","coordinates":[[3.7427588,43.4510027],[3.7426435,43.4509632],[3.74249,43.4508832]]},"properties":{"osm_id":"way/244543403","category":"road","highway":"residential","name":"Impasse des Gattiliers","surface":"asphalt"}},{"type":"Feature","geometry":{"type":"LineString","coordinates":[[3.7523113,43.455588],[3.7522843,43.4556584],[3.7521829,43.4557723],[3.7520148,43.4559651],[3.7520322,43.4560352],[3.7518445,43.4560556],[3.7518069,43.4559164],[3.7519504,43.455894],[3.7521033,43.4557295],[3.7521958,43.4556244],[3.7523113,43.455588]]},"properties":{"osm_id":"way/244543404","category":"road","highway":"residential","name":"Impasse des Roitelets","surface":"asphalt"}},{"type":"Feature","geometry":{"type":"LineString","coordinates":[[3.7474072,43.4515337],[3.7477006,43.4516796],[3.7479705,43.4518164],[3.7482265,43.4520683]]},"properties":{"osm_id":"way/244543405","category":"road","highway":"residential","name":"Impasse des Thuyas"}},{"type":"Feature","geometry":{"type":"LineString","coordinates":[[3.7420524,43.4503556],[3.741917,43.4502526],[3.7416853,43.4500426],[3.7413209,43.4496829],[3.7412898,43.4496522]]},"properties":{"osm_id":"way/244543406","category":"road","highway":"residential","name":"Impasse du Perdrigal"}},{"type":"Feature","geometry":{"type":"LineString","coordinates":[[3.7521558,43.449222],[3.7522051,43.4492548],[3.7530913,43.449844]]},"properties":{"osm_id":"way/244543407","category":"road","highway":"residential","name":"Impasse du Petit Versailles","surface":"asphalt"}},{"type":"Feature","geometry":{"type":"LineString","coordinates":[[3.751456,43.4524216],[3.7514782,43.452346],[3.75147,43.4523112],[3.7513442,43.4522281],[3.7511362,43.4521017],[3.7509427,43.4519841],[3.7507661,43.4518768],[3.7506111,43.4517641],[3.7504706,43.4516671],[3.7503084,43.4515562],[3.7501656,43.4514627],[3.7499987,43.4513606],[3.7498123,43.4512289],[3.7497226,43.4511612],[3.7495994,43.4510938],[3.7494763,43.4510387],[3.7492928,43.4509559],[3.7491068,43.4508644],[3.7487777,43.450707]]},"properties":{"osm_id":"way/244543408","category":"road","highway":"residential","name":"Rue Koch"}},{"type":"Feature","geometry":{"type":"LineString","coordinates":[[3.7453476,43.4524083],[3.7448296,43.4526816],[3.7444326,43.453032],[3.7440464,43.4532813],[3.7437675,43.4535071],[3.7433919,43.4537096],[3.7426517,43.4539277],[3.7423405,43.4540757],[3.7420723,43.4543405],[3.7416968,43.4548078],[3.7416002,43.4549012],[3.7414715,43.4549869],[3.7411603,43.455166],[3.7406883,43.4555555],[3.7403197,43.4559384],[3.7402874,43.4559855],[3.7401633,43.4563003],[3.7401324,43.456337],[3.7400133,43.4564568],[3.7395601,43.4568161],[3.7389073,43.4575492],[3.7387571,43.4578529],[3.7386605,43.4584448],[3.738564,43.4586784],[3.7381431,43.4593918],[3.7379909,43.4596439],[3.7378903,43.4598678],[3.7377602,43.4601715]]},"properties":{"osm_id":"way/244543409","category":"road","highway":"residential","name":"Rue de la Coste"}},{"type":"Feature","geometry":{"type":"LineString","coordinates":[[3.7437473,43.4513881],[3.7440343,43.4515786],[3.7453476,43.4524083]]},"properties":{"osm_id":"way/244543410","category":"road","highway":"residential","name":"Rue des Gen\u00e9vriers","surface":"asphalt"}},{"type":"Feature","geometry":{"type":"LineString","coordinates":[[3.7499391,43.4549156],[3.7498318,43.4550324],[3.7498747,43.4551103],[3.7503146,43.4553283],[3.7506579,43.4553206],[3.7509905,43.4554374],[3.7516946,43.4553034],[3.7522035,43.4547748],[3.7522649,43.4547131],[3.7523738,43.4546463]]},"properties":{"osm_id":"way/244543411","category":"road","highway":"residential","name":"Rue des Oiseaux","surface":"asphalt"}},{"type":"Feature","geometry":{"type":"LineString","coordinates":[[3.7566257,43.454619],[3.7565895,43.4546106],[3.7564528,43.454579],[3.7563131,43.4545237],[3.7560389,43.4543957],[3.7559249,43.4543425],[3.7555474,43.4541314],[3.7554655,43.4540856],[3.7552375,43.453958],[3.7542919,43.4534127],[3.7541361,43.4533375],[3.7541196,43.4533118],[3.754103,43.453286]]},"properties":{"osm_id":"way/244582792","category":"road","highway":"residential","name":"Avenue de Paris","surface":"asphalt"}},{"type":"Feature","geometry":{"type":"LineString","coordinates":[[3.7565948,43.4489429],[3.75591,43.4494527],[3.7559299,43.4494682],[3.7562205,43.4496957]]},"properties":{"osm_id":"way/244582793","category":"road","highway":"residential","name":"Impasse Bourdelle","surface":"asphalt"}},{"type":"Feature","geometry":{"type":"LineString","coordinates":[[3.7525007,43.4515881],[3.7531782,43.4519451],[3.7533826,43.4520794]]},"properties":{"osm_id":"way/244582795","category":"road","highway":"service","name":"Impasse Gu\u00e9rin"}},{"type":"Feature","geometry":{"type":"LineString","coordinates":[[3.7567812,43.4510449],[3.7563895,43.4509248],[3.756223,43.4508743],[3.7561612,43.4508593],[3.7560764,43.450884],[3.7560586,43.4509441]]},"properties":{"osm_id":"way/244582796","category":"road","highway":"residential","name":"Impasse des Jardins de Bel Air"}},{"type":"Feature","geometry":{"type":"LineString","coordinates":[[3.7569119,43.4503983],[3.7564207,43.4503405],[3.7562815,43.4504598],[3.7561414,43.450483]]},"properties":{"osm_id":"way/244582797","category":"road","highway":"residential","name":"Impasse des Jardins d'Antan"}},{"type":"Feature","geometry":{"type":"LineString","coordinates":[[3.7534402,43.4552077],[3.7532471,43.4553847],[3.7531894,43.455437],[3.7531413,43.4554744],[3.7531038,43.4555085],[3.7530361,43.4555533],[3.7527957,43.4557212],[3.7526141,43.4558449],[3.7523537,43.4560576],[3.7522908,43.4561327],[3.7522547,43.4562267],[3.7522432,43.4564355],[3.7522296,43.4564669],[3.7521867,43.4565661],[3.7520647,43.4567517],[3.7519673,43.4568872],[3.7519252,43.4569381],[3.7518591,43.4570033]]},"properties":{"osm_id":"way/244582798","category":"road","highway":"residential","name":"Chemin de Rabassou","surface":"asphalt"}},{"type":"Feature","geometry":{"type":"LineString","coordinates":[[3.7562192,43.4529864],[3.7561963,43.4529987],[3.7561145,43.4530484],[3.7559338,43.4532727],[3.7557782,43.4534567],[3.7555851,43.4536281],[3.7554596,43.453743]]},"properties":{"osm_id":"way/244582799","category":"road","highway":"residential","name":"Rue du Poitou","surface":"asphalt"}},{"type":"Feature","geometry":{"type":"LineString","coordinates":[[3.7596635,43.4567958],[3.7595138,43.4567195],[3.7590516,43.4564884],[3.7588673,43.4563963],[3.7586703,43.4562978],[3.7586211,43.4562805],[3.7584971,43.4562375],[3.7584105,43.456189],[3.7583506,43.4561368],[3.75833,43.4561189],[3.7581873,43.4560333],[3.7579024,43.4558794],[3.7578465,43.4558492],[3.7577614,43.4558025],[3.7576005,43.4556945],[3.7573874,43.455518],[3.757284,43.4553897],[3.7572007,43.4552687],[3.7571644,43.4552028],[3.7570455,43.4549348],[3.7569452,43.4547681],[3.7568309,43.4547005],[3.7567916,43.4546773]]},"properties":{"osm_id":"way/244610210","category":"road","highway":"residential","name":"Avenue Ambroise Par\u00e9","surface":"asphalt"}},{"type":"Feature","geometry":{"type":"LineString","coordinates":[[3.7592398,43.4554111],[3.7600869,43.4557505]]},"properties":{"osm_id":"way/244610212","category":"road","highway":"residential","name":"Impasse Erasme"}},{"type":"Feature","geometry":{"type":"LineString","coordinates":[[3.7627032,43.4593593],[3.762471,43.4593959],[3.76227,43.4594395],[3.7622073,43.4594502],[3.7620917,43.4594685],[3.7620198,43.4594801],[3.7619521,43.4594821],[3.7617711,43.4593417]]},"properties":{"osm_id":"way/244610214","category":"road","highway":"residential","name":"Impasse Jules Bordet","surface":"asphalt"}},{"type":"Feature","geometry":{"type":"LineString","coordinates":[[3.7560298,43.4558347],[3.7558808,43.4556896],[3.7560091,43.4556095],[3.7561167,43.4555592],[3.7561789,43.4555455],[3.7566945,43.455479]]},"properties":{"osm_id":"way/244610216","category":"road","highway":"residential","name":"Impasse de Normandie"}},{"type":"Feature","geometry":{"type":"LineString","coordinates":[[3.7550777,43.4555972],[3.7546229,43.455134]]},"properties":{"osm_id":"way/244610218","category":"road","highway":"residential","name":"Impasse de Tourraine"}},{"type":"Feature","geometry":{"type":"LineString","coordinates":[[3.7572583,43.4565255],[3.7574848,43.456298],[3.7576792,43.4561121],[3.7579024,43.4558794]]},"properties":{"osm_id":"way/244610220","category":"road","highway":"residential","name":"Impasse de la Lavande"}},{"type":"Feature","geometry":{"type":"LineString","coordinates":[[3.7539904,43.455638],[3.75365,43.4558171],[3.753418,43.4559555],[3.7532012,43.4560954],[3.753227,43.456176]]},"properties":{"osm_id":"way/244610222","category":"road","highway":"residential","name":"Impasse des Amandiers"}},{"type":"Feature","geometry":{"type":"LineString","coordinates":[[3.7600081,43.4559943],[3.7599482,43.4559822],[3.7597188,43.4558945]]},"properties":{"osm_id":"way/244610223","category":"road","highway":"residential","name":"Impasse des Crozes"}},{"type":"Feature","geometry":{"type":"LineString","coordinates":[[3.7543905,43.4562264],[3.7543546,43.456235],[3.7542757,43.4562688],[3.7540884,43.4563983],[3.7539381,43.4564981],[3.7538773,43.4565644],[3.7538039,43.456663],[3.7537463,43.4567142],[3.7536272,43.4567844],[3.7534412,43.4568522],[3.753316,43.4569016],[3.7530877,43.4569922],[3.7528703,43.4570764]]},"properties":{"osm_id":"way/244610225","category":"road","highway":"residential","name":"Impasse des Gen\u00eats"}},{"type":"Feature","geometry":{"type":"LineString","coordinates":[[3.7597166,43.4600367],[3.76011,43.4598949]]},"properties":{"osm_id":"way/244610227","category":"road","highway":"residential","name":"Impasse des Peyrieres"}},{"type":"Feature","geometry":{"type":"LineString","coordinates":[[3.7540663,43.4573708],[3.7541654,43.4573139],[3.7542836,43.4572343],[3.7545328,43.4570655],[3.7547952,43.4568906],[3.7548234,43.4568718]]},"properties":{"osm_id":"way/244610229","category":"road","highway":"residential","name":"Impasse des Saules"}},{"type":"Feature","geometry":{"type":"LineString","coordinates":[[3.7591886,43.4587045],[3.759179,43.4586163],[3.7593502,43.4583845],[3.7594029,43.4582849],[3.7594666,43.4581534],[3.7595434,43.4578197],[3.7595499,43.4577984],[3.7595601,43.4577322],[3.7595633,43.4577114],[3.7595674,43.4576411],[3.7595728,43.4572576],[3.7596318,43.4568779],[3.7596451,43.4568342],[3.7596635,43.4567958]]},"properties":{"osm_id":"way/244610231","category":"road","highway":"residential","name":"Rue de la Croix des Malauties","surface":"asphalt"}},{"type":"Feature","geometry":{"type":"LineString","coordinates":[[3.7539857,43.4585875],[3.7540204,43.458565],[3.7541175,43.4584721],[3.7541661,43.4583317],[3.7543021,43.4581987],[3.7545278,43.4580778],[3.7548174,43.4579124],[3.754856,43.4578904]]},"properties":{"osm_id":"way/244610235","category":"road","highway":"residential","name":"Rue de la Myrte"}},{"type":"Feature","geometry":{"type":"LineString","coordinates":[[3.7584922,43.4613061],[3.7585097,43.4614693],[3.7585934,43.461698],[3.7586509,43.4617549],[3.7587252,43.4617544],[3.7587795,43.4617238],[3.7588695,43.4615832],[3.7590058,43.4612895]]},"properties":{"osm_id":"way/244610237","category":"road","highway":"residential","name":"Rue de la Peyriere"}},{"type":"Feature","geometry":{"type":"LineString","coordinates":[[3.7597749,43.460701],[3.7595372,43.4607116],[3.7592779,43.460738],[3.759053,43.460789],[3.7589016,43.4607878],[3.7586066,43.4606749],[3.7582259,43.4605067],[3.7581851,43.4604887]]},"properties":{"osm_id":"way/244610240","category":"road","highway":"residential","name":"Rue des Instituteurs"}},{"type":"Feature","geometry":{"type":"LineString","coordinates":[[3.7598874,43.4550813],[3.7599204,43.4550286],[3.7600117,43.4549914],[3.7601051,43.4549526],[3.7602053,43.4549249],[3.7602996,43.45491]]},"properties":{"osm_id":"way/244610243","category":"road","highway":"residential","name":"Rue des Lauriers"}},{"type":"Feature","geometry":{"type":"LineString","coordinates":[[3.7593926,43.4549779],[3.7595784,43.4550808],[3.7596222,43.4550957],[3.759705,43.4551048],[3.7598009,43.4550851],[3.7598874,43.4550813]]},"properties":{"osm_id":"way/244610246","category":"road","highway":"residential","name":"Rue des Lauriers"}},{"type":"Feature","geometry":{"type":"LineString","coordinates":[[3.7546794,43.4577293],[3.754513,43.4577663],[3.7543903,43.457798],[3.754064,43.4578501],[3.7538851,43.4578751],[3.7537692,43.4578663],[3.7536739,43.4577155],[3.7535536,43.4575387],[3.7535649,43.4574586]]},"properties":{"osm_id":"way/244610248","category":"road","highway":"residential","name":"Rue des Liserons"}},{"type":"Feature","geometry":{"type":"LineString","coordinates":[[3.7560991,43.4594876],[3.7557717,43.4596211],[3.7555262,43.4597373],[3.7554574,43.4597724],[3.7554423,43.4598539],[3.755544,43.4599542],[3.755651,43.4600702],[3.7558288,43.4602529],[3.7559502,43.4603535]]},"properties":{"osm_id":"way/244610251","category":"road","highway":"residential","name":"Rue du Bouton d'Or"}},{"type":"Feature","geometry":{"type":"LineString","coordinates":[[3.7554334,43.4584489],[3.7553326,43.4584572],[3.7551919,43.4584553],[3.7551677,43.458466],[3.7550435,43.4585319],[3.754807,43.4586627],[3.7548797,43.458744],[3.7549574,43.4588309],[3.7550914,43.4589513],[3.7551182,43.4590051],[3.7550857,43.4592042],[3.7550703,43.4592892]]},"properties":{"osm_id":"way/244610254","category":"road","highway":"residential","name":"Rue du Ch\u00e8vrefeuille","access":"private"}},{"type":"Feature","geometry":{"type":"LineString","coordinates":[[3.7587352,43.4599127],[3.7587699,43.4599349],[3.7590164,43.460142],[3.7590926,43.4602051],[3.7590687,43.4602629]]},"properties":{"osm_id":"way/244610256","category":"road","highway":"residential","name":"Rue des P\u00e2turages"}},{"type":"Feature","geometry":{"type":"LineString","coordinates":[[3.7573329,43.4602119],[3.7573342,43.4601926],[3.7573329,43.4601131],[3.7573329,43.4600639],[3.7572257,43.4599471],[3.7571727,43.4599086],[3.7570862,43.4598459],[3.7569581,43.4597553]]},"properties":{"osm_id":"way/244610257","category":"road","highway":"residential","name":"Impasse de la Marjolaine","surface":"asphalt"}},{"type":"Feature","geometry":{"type":"LineString","coordinates":[[3.7605541,43.4573518],[3.7607962,43.4572213],[3.7610095,43.4571241],[3.7611609,43.4572561],[3.7614433,43.457499]]},"properties":{"osm_id":"way/245364900","category":"road","highway":"residential","name":"Impasse du Jeu de Paume"}},{"type":"Feature","geometry":{"type":"LineString","coordinates":[[3.7565725,43.457172],[3.7569005,43.4568858],[3.7569274,43.4568603],[3.7569399,43.4569158],[3.7569726,43.457128],[3.7569953,43.4572101],[3.7570738,43.4573442],[3.7571247,43.4573876]]},"properties":{"osm_id":"way/245364901","category":"road","highway":"residential","name":"Impasse du Serpolet"}},{"type":"Feature","geometry":{"type":"LineString","coordinates":[[3.7591174,43.4576583],[3.7587142,43.4575871],[3.7585084,43.4575476]]},"properties":{"osm_id":"way/245364903","category":"road","highway":"residential","name":"Rue de la Pin\u00e8de"}},{"type":"Feature","geometry":{"type":"LineString","coordinates":[[3.7584971,43.4562375],[3.7584655,43.4562684],[3.7584239,43.4563066],[3.7581398,43.4565677],[3.7581005,43.4566956],[3.7580765,43.4568373],[3.7580579,43.456939]]},"properties":{"osm_id":"way/245364904","category":"road","highway":"residential","name":"Rue de la Pin\u00e8de"}},{"type":"Feature","geometry":{"type":"LineString","coordinates":[[3.7586025,43.4580646],[3.7586552,43.4579893],[3.7587323,43.4579555],[3.7588288,43.457929],[3.758941,43.4578824],[3.7590162,43.4578423],[3.759061,43.4577759],[3.7591012,43.4576881],[3.7591174,43.4576583],[3.7592723,43.4576848],[3.7595633,43.4577114]]},"properties":{"osm_id":"way/245364905","category":"road","highway":"residential","name":"Rue du Thym"}},{"type":"Feature","geometry":{"type":"LineString","coordinates":[[3.7614336,43.4555713],[3.7608263,43.4557951]]},"properties":{"osm_id":"way/245364906","category":"road","highway":"service"}},{"type":"Feature","geometry":{"type":"LineString","coordinates":[[3.762547,43.4581549],[3.762954,43.4585865]]},"properties":{"osm_id":"way/245364907","category":"road","highway":"service"}},{"type":"Feature","geometry":{"type":"LineString","coordinates":[[3.7612665,43.4553374],[3.760626,43.4555726],[3.7605743,43.4555359]]},"properties":{"osm_id":"way/245364908","category":"road","highway":"service"}},{"type":"Feature","geometry":{"type":"LineString","coordinates":[[3.7544384,43.443404],[3.7544073,43.4433354],[3.7543751,43.4432993],[3.7538808,43.4428949],[3.7535546,43.4426425],[3.7530863,43.4422078],[3.7530528,43.4421552],[3.7530428,43.4421167]]},"properties":{"osm_id":"way/279546242","category":"road","highway":"residential","name":"Rue de l'Industrie","surface":"asphalt"}},{"type":"Feature","geometry":{"type":"LineString","coordinates":[[3.7567939,43.4439882],[3.7570345,43.4440222],[3.7579468,43.4441955],[3.7581021,43.4442224],[3.7582657,43.4442531],[3.758331,43.444261]]},"properties":{"osm_id":"way/279546243","category":"road","highway":"residential","name":"Quai Voltaire","ref":"D 129","surface":"asphalt"}},{"type":"Feature","geometry":{"type":"LineString","coordinates":[[3.7591543,43.4441757],[3.7599972,43.4444912],[3.7603184,43.4445833],[3.7605508,43.4446138],[3.7606795,43.444606],[3.7608065,43.4445522],[3.7609916,43.4444704],[3.7610801,43.4444587],[3.7618624,43.4445203],[3.7620446,43.4445329],[3.7627726,43.4444957],[3.7630157,43.4444794],[3.7631177,43.4444892],[3.7632813,43.4445573],[3.7633296,43.4445748],[3.7635236,43.4445892],[3.763638,43.4445729],[3.763698,43.4445483],[3.7637399,43.4445047],[3.7637731,43.4444197],[3.7637989,43.4442905],[3.7638204,43.4442068],[3.7638417,43.4441561],[3.7638901,43.4441523],[3.7639554,43.4441705],[3.7640108,43.4442379],[3.7640859,43.4443236],[3.7641718,43.444382],[3.7642693,43.4444217],[3.7644427,43.4444502]]},"properties":{"osm_id":"way/279546244","category":"road","highway":"unclassified","name":"Quai du Caramus","surface":"asphalt"}},{"type":"Feature","geometry":{"type":"LineString","coordinates":[[3.7541225,43.4531674],[3.7541642,43.4530701],[3.7542225,43.4527232],[3.7543281,43.451802],[3.7543329,43.4517601],[3.754351,43.4515072],[3.7543562,43.4511294],[3.7543631,43.4508384],[3.7544168,43.4503403],[3.754461,43.4499913],[3.7544864,43.4499212],[3.7545908,43.4494286],[3.7546214,43.4493249],[3.7546398,43.4492659],[3.7546601,43.4492009],[3.7548903,43.4488243],[3.7550058,43.4486355],[3.755083,43.448528],[3.7551365,43.448444],[3.7553665,43.4480828],[3.7553826,43.4480363]]},"properties":{"osm_id":"way/285856600","category":"road","highway":"residential","name":"Avenue des Carri\u00e8res","surface":"asphalt"}},{"type":"Feature","geometry":{"type":"LineString","coordinates":[[3.754103,43.453286],[3.7540735,43.453289],[3.7540442,43.453285],[3.7540183,43.4532742],[3.7539987,43.4532579],[3.7539874,43.4532379],[3.7539857,43.4532163]]},"properties":{"osm_id":"way/285856601","category":"road","highway":"residential","surface":"asphalt"}},{"type":"Feature","geometry":{"type":"LineString","coordinates":[[3.748636,43.460904],[3.7485642,43.4609307],[3.7484838,43.4609794],[3.7484087,43.4610553],[3.7483497,43.4611313],[3.7483066,43.4611811],[3.7482771,43.4612317],[3.7482477,43.4612598],[3.7482102,43.4612714],[3.7481646,43.4612734],[3.7480788,43.4612656],[3.7479339,43.4612422],[3.7477998,43.4612306],[3.7477059,43.4612228],[3.7476201,43.4612267],[3.7475316,43.46125],[3.7473438,43.4612987],[3.7471641,43.4613357],[3.7470139,43.4613396],[3.746861,43.4613396],[3.7467377,43.4613298],[3.7466465,43.4613084],[3.746574,43.4613084],[3.7464775,43.4613084],[3.7463942,43.4613143],[3.7463487,43.4613201],[3.7462254,43.4613727],[3.7460161,43.4614856],[3.7458874,43.4615771],[3.7457747,43.4616511],[3.7456406,43.4617134],[3.7455253,43.4617426],[3.7453697,43.4617679],[3.7452812,43.4617971],[3.7451793,43.4617971],[3.745013,43.4618068],[3.7449486,43.4618282],[3.7449057,43.4618282],[3.7448816,43.4618088],[3.7448091,43.4617893],[3.7446724,43.4617874],[3.7445678,43.4617718],[3.7444685,43.461729],[3.7443262,43.46169],[3.7442083,43.4616667],[3.7440984,43.4616433],[3.7440286,43.4616219],[3.7439347,43.4616238],[3.7438301,43.4616589],[3.7437389,43.4616842],[3.7436692,43.4616861],[3.7436075,43.4616861],[3.7435297,43.4616725],[3.7434788,43.461653],[3.7434064,43.4616199],[3.7430872,43.4614389],[3.7429551,43.4613392],[3.7429665,43.4612851],[3.742996,43.461213],[3.7430067,43.4611644],[3.7429906,43.4611118],[3.7429665,43.4610729],[3.7429289,43.4610456],[3.7429048,43.4610261],[3.7428726,43.4609872],[3.7428538,43.4609502],[3.742827,43.4608879],[3.7427894,43.4608548],[3.7427492,43.4608159],[3.7427224,43.4607711],[3.7427278,43.4607107],[3.7427492,43.4606056],[3.7429423,43.4605745],[3.7432079,43.4605063],[3.7433447,43.4604577],[3.7434439,43.4604284]]},"properties":{"osm_id":"way/286027730","category":"track","highway":"track","tracktype":"grade2"}},{"type":"Feature","geometry":{"type":"LineString","coordinates":[[3.7523738,43.4546463],[3.7523827,43.4546005],[3.7524326,43.4543444]]},"properties":{"osm_id":"way/286027735","category":"road","highway":"service","name":"Rue des Oiseaux","surface":"asphalt"}},{"type":"Feature","geometry":{"type":"LineString","coordinates":[[3.7418009,43.4607799],[3.7417097,43.4608081],[3.7416722,43.4608733],[3.7416816,43.4610778],[3.7416628,43.461222],[3.7416924,43.4612792],[3.7417325,43.461331],[3.7417728,43.4613777],[3.7417888,43.4614264],[3.741797,43.461472],[3.7417835,43.4615101],[3.7417969,43.4615646],[3.7418212,43.4616063],[3.7418613,43.4616484],[3.7418882,43.4616997],[3.7419712,43.4617554]]},"properties":{"osm_id":"way/286027737","category":"track","highway":"track","tracktype":"grade2"}},{"type":"Feature","geometry":{"type":"LineString","coordinates":[[3.7429551,43.4613392],[3.7428833,43.4612851],[3.7427236,43.4611488],[3.7426418,43.4610758],[3.7425131,43.460997],[3.7423602,43.4609269],[3.7422958,43.4608617],[3.7422167,43.4607663],[3.7421308,43.4607779],[3.7420088,43.4608149],[3.7418734,43.4608071],[3.7418009,43.4607799],[3.741762,43.4607448],[3.7413517,43.4604908],[3.740987,43.4602805],[3.7406678,43.4600984],[3.7402481,43.4597772],[3.7400388,43.4596624],[3.7399114,43.4596117],[3.7397236,43.4595358],[3.7395467,43.4594862],[3.7393427,43.4594764],[3.7391496,43.4595086],[3.7389927,43.4595543],[3.7386587,43.4597018],[3.7386125,43.4597125],[3.7385561,43.4597154],[3.7384978,43.4597062],[3.7384468,43.4596814],[3.7382906,43.4595392],[3.7381431,43.4593918]]},"properties":{"osm_id":"way/286027740","category":"track","highway":"track","tracktype":"grade2"}},{"type":"Feature","geometry":{"type":"LineString","coordinates":[[3.7539987,43.4469904],[3.75406,43.4469382],[3.7544749,43.4472073],[3.7545765,43.4471107]]},"properties":{"osm_id":"way/286027746","category":"track","highway":"path","surface":"paving_stones"}},{"type":"Feature","geometry":{"type":"LineString","coordinates":[[3.7547553,43.4473892],[3.7550095,43.4475806],[3.7550913,43.4476254]]},"properties":{"osm_id":"way/286027748","category":"track","highway":"path","surface":"paving_stones"}},{"type":"Feature","geometry":{"type":"LineString","coordinates":[[3.7427492,43.4606056],[3.742658,43.46059],[3.7426392,43.4604654],[3.74265,43.460263],[3.7427117,43.4601423],[3.7427868,43.4599787],[3.7428753,43.4599008],[3.7429826,43.4597938],[3.7431194,43.4595913],[3.7431837,43.4594297],[3.743232,43.4593051],[3.7433044,43.4591766],[3.7433608,43.4590851],[3.7436692,43.4587677],[3.7438918,43.4583861],[3.7440313,43.4581369],[3.7442833,43.4577526],[3.7440635,43.4575684],[3.7438114,43.4573523],[3.7435539,43.4571829],[3.7433152,43.4569804],[3.7431676,43.4568071],[3.7429987,43.4564976],[3.7428967,43.456299]]},"properties":{"osm_id":"way/286027749","category":"track","highway":"track","tracktype":"grade2"}},{"type":"Feature","geometry":{"type":"LineString","coordinates":[[3.7522296,43.4564669],[3.7523195,43.4565075],[3.7523445,43.4565286],[3.7524131,43.4565864],[3.7523755,43.4566779],[3.7523246,43.4567635],[3.7522548,43.4568375],[3.7521986,43.4568987],[3.7521477,43.456922],[3.7520887,43.4569318],[3.7520431,43.4569337],[3.7519252,43.4569381]]},"properties":{"osm_id":"way/286027753","category":"road","highway":"service"}},{"type":"Feature","geometry":{"type":"LineString","coordinates":[[3.742658,43.46059],[3.7425936,43.4605978],[3.7424944,43.460627],[3.7423387,43.4607225],[3.7422167,43.4607663]]},"properties":{"osm_id":"way/286027754","category":"track","highway":"track","tracktype":"grade2"}},{"type":"Feature","geometry":{"type":"LineString","coordinates":[[3.7544749,43.4472073],[3.7547553,43.4473892]]},"properties":{"osm_id":"way/286027755","category":"track","highway":"path","surface":"paving_stones"}},{"type":"Feature","geometry":{"type":"LineString","coordinates":[[3.7549625,43.4494667],[3.754899,43.4495344],[3.7547801,43.4496615],[3.7548593,43.4497072],[3.7547452,43.4498162],[3.7548486,43.4498785],[3.7550946,43.4496608],[3.755161,43.449602],[3.7550688,43.4495392],[3.7549625,43.4494667],[3.7547815,43.4492963],[3.7546601,43.4492009]]},"properties":{"osm_id":"way/286027759","category":"road","highway":"service"}},{"type":"Feature","geometry":{"type":"LineString","coordinates":[[3.7593034,43.4454251],[3.7595648,43.445416],[3.7597106,43.4452051],[3.7598629,43.4449848],[3.7599345,43.4449141]]},"properties":{"osm_id":"way/286028189","category":"road","highway":"unclassified","name":"Chemin des Pielles","surface":"asphalt"}},{"type":"Feature","geometry":{"type":"LineString","coordinates":[[3.7774284,43.4542715],[3.7775184,43.4542008],[3.7776659,43.4540411],[3.7777571,43.4539749],[3.7778458,43.4539255],[3.7779609,43.4538299],[3.7782131,43.4536829],[3.7783016,43.4536118],[3.7784652,43.4534473],[3.77861,43.4532934],[3.7786905,43.4532409],[3.7787146,43.4531902],[3.7786959,43.4531435],[3.7786717,43.4530832],[3.7786449,43.4526645],[3.7786181,43.4521407],[3.7785966,43.4520687],[3.7785644,43.4520005],[3.7784545,43.4519382],[3.7783582,43.4518772],[3.7782157,43.4518],[3.7780519,43.4517086],[3.7779772,43.4516941],[3.7779075,43.4516836],[3.7778002,43.4516376],[3.7776553,43.4515356],[3.7775588,43.4514702],[3.7770974,43.4513066],[3.776333,43.4509943],[3.7750295,43.4504763],[3.7738707,43.4500487],[3.7730634,43.4497403],[3.7716365,43.4492251],[3.7696168,43.448459],[3.7686592,43.4480995],[3.7674469,43.4476361],[3.7662667,43.4471882],[3.7650248,43.446722],[3.7635147,43.4461534],[3.7633914,43.4461133],[3.7633431,43.4460724],[3.7633672,43.445938],[3.763504,43.445679],[3.7636515,43.4454317],[3.7637079,43.4452759],[3.763681,43.4451455],[3.7636372,43.4450769],[3.76362,43.4450768]]},"properties":{"osm_id":"way/286028190","category":"track","highway":"track"}},{"type":"Feature","geometry":{"type":"LineString","coordinates":[[3.7594116,43.44634],[3.75939,43.4462377],[3.7593538,43.446013],[3.7593081,43.44548],[3.7593034,43.4454251]]},"properties":{"osm_id":"way/286028191","category":"road","highway":"unclassified","name":"Rue des Cheminots"}},{"type":"Feature","geometry":{"type":"LineString","coordinates":[[3.7702391,43.4592316],[3.7693966,43.4591165]]},"properties":{"osm_id":"way/286028766","category":"track","highway":"track"}},{"type":"Feature","geometry":{"type":"LineString","coordinates":[[3.7790299,43.4617649],[3.7791627,43.4622293],[3.7792593,43.462642],[3.7792593,43.4627471],[3.779211,43.4628133],[3.7778538,43.4637984],[3.7763142,43.4648886],[3.7748229,43.4659476],[3.7739003,43.4666204],[3.7738252,43.4666593],[3.7737447,43.4666835],[3.7736642,43.4666796],[3.773573,43.4665737],[3.7723607,43.4650202],[3.7723502,43.4650032],[3.7723124,43.4649423],[3.7723017,43.4648761],[3.7723231,43.4648146],[3.7724197,43.4647212],[3.772468,43.4646355],[3.772468,43.4645771],[3.7720173,43.4642726],[3.7714434,43.4638646],[3.7712985,43.4638015],[3.7711644,43.463775],[3.7710035,43.4637314],[3.7709375,43.4636894],[3.7708855,43.4636271],[3.7708318,43.4631676],[3.7708019,43.4628755],[3.7707299,43.462614],[3.7705636,43.462139],[3.7701505,43.4617543],[3.7694907,43.4612442],[3.7692064,43.4610565],[3.7690937,43.4609981],[3.769083,43.460928],[3.7693083,43.4595963],[3.7694961,43.4595115],[3.7700647,43.4593323],[3.7701344,43.4593051],[3.7702042,43.4592778],[3.7702391,43.4592316]]},"properties":{"osm_id":"way/286028775","category":"track","highway":"path"}},{"type":"Feature","geometry":{"type":"LineString","coordinates":[[3.732948,43.4691297],[3.7329187,43.4690799],[3.7328527,43.4690277],[3.7328087,43.4689164],[3.7327899,43.4688638],[3.732806,43.4687587],[3.7328286,43.4686014],[3.732798,43.4685718],[3.73274,43.468543],[3.7326773,43.4684531],[3.7326424,43.4683947],[3.7326451,43.4683577],[3.7327363,43.4682526],[3.7328098,43.4681751],[3.7328248,43.4681552],[3.7328275,43.4680949],[3.732901,43.4679726],[3.7329573,43.4678442],[3.7329857,43.4677464],[3.7330287,43.4676861],[3.7330984,43.4676316],[3.7332271,43.4675615],[3.7332953,43.4675288],[3.733314,43.4674587],[3.7333505,43.4674182]]},"properties":{"osm_id":"way/300191471","category":"track","highway":"path"}},{"type":"Feature","geometry":{"type":"LineString","coordinates":[[3.7281663,43.4704033],[3.7282195,43.4703587],[3.7282114,43.4702419],[3.7281632,43.470102],[3.7281578,43.4700862],[3.7281535,43.4699056],[3.7281776,43.4697402],[3.7281917,43.469676],[3.7282021,43.4696289],[3.728206,43.4696112],[3.7282876,43.469491],[3.7283144,43.4693664],[3.7283788,43.469201],[3.7283546,43.4691309],[3.7283657,43.4690711],[3.728367,43.4690643],[3.7284448,43.4689923],[3.7284984,43.468821],[3.7285413,43.4687022],[3.7286255,43.4685722],[3.7287301,43.4684535],[3.7287452,43.4684258],[3.728839,43.4684025],[3.7288846,43.4683655],[3.7289141,43.4683188],[3.7289233,43.4682646],[3.7290322,43.4682117],[3.7290788,43.4681907],[3.7291593,43.4680953],[3.7292317,43.4680057],[3.7292612,43.4679357],[3.7293674,43.4679002],[3.7296625,43.467834],[3.729818,43.4678146],[3.730038,43.4677776],[3.7302633,43.4677211],[3.7304054,43.4677075],[3.7305959,43.4676627],[3.7306817,43.4676335],[3.7308963,43.4676024],[3.7310814,43.4675596],[3.7311511,43.4675206],[3.7313174,43.4675167],[3.7314247,43.4674836],[3.7317546,43.4674544],[3.7320067,43.4673902],[3.7321945,43.4673805],[3.7322696,43.4673902],[3.7324332,43.4674583],[3.7326354,43.4674217],[3.7328017,43.4673828],[3.7329466,43.4673867],[3.7331413,43.4673902],[3.733203,43.4673958],[3.7332953,43.4674042],[3.7333505,43.4674182],[3.7334551,43.4674447],[3.7335731,43.467472],[3.7336761,43.467523],[3.7337743,43.4675459],[3.7339068,43.4676417],[3.7340157,43.4677679],[3.734153,43.468004],[3.7341605,43.468017],[3.734233,43.4682117],[3.7343188,43.4683616],[3.7343118,43.4684554],[3.7344288,43.4686886],[3.7344288,43.4687163],[3.7344288,43.4687431],[3.7345012,43.4687957],[3.734587,43.4688288],[3.7347158,43.4689222],[3.7348713,43.4689787],[3.7349893,43.4690604],[3.7352227,43.469185],[3.7353874,43.4692048],[3.7355017,43.4692823],[3.7355644,43.4693061],[3.7356519,43.4693679],[3.7356894,43.4694341],[3.7358235,43.4695061]]},"properties":{"osm_id":"way/300191475","category":"track","highway":"path"}},{"type":"Feature","geometry":{"type":"LineString","coordinates":[[3.7335267,43.4687353],[3.7336332,43.4687085],[3.7338693,43.4687396],[3.7339862,43.4687217],[3.7340291,43.4687548],[3.7340828,43.468749],[3.734241,43.4686808],[3.7343537,43.4687003],[3.7344288,43.4687163]]},"properties":{"osm_id":"way/300191476","category":"track","highway":"path"}},{"type":"Feature","geometry":{"type":"LineString","coordinates":[[3.7331796,43.4691971],[3.7331933,43.4690413],[3.7332459,43.4689981],[3.7334068,43.4689105],[3.7334551,43.4688813],[3.7335034,43.4687957],[3.7335267,43.4687353],[3.7335393,43.4687026],[3.7335195,43.4686049],[3.7334793,43.4685348],[3.7334954,43.4684959],[3.7336482,43.4683966],[3.7338119,43.4682331],[3.7338789,43.4681786],[3.7340211,43.4680871],[3.7340329,43.4680563],[3.7340801,43.4680151],[3.734153,43.468004]]},"properties":{"osm_id":"way/300191478","category":"track","highway":"path"}},{"type":"Feature","geometry":{"type":"LineString","coordinates":[[3.7358786,43.4694341],[3.7358235,43.4695061],[3.7359067,43.4697455],[3.7359871,43.4701365],[3.736022,43.4703061],[3.7360476,43.4704521],[3.7361051,43.4706838],[3.7361025,43.4711334],[3.7360177,43.4714473],[3.7359346,43.4716361],[3.7359281,43.4718945],[3.736022,43.4720269],[3.736305,43.4722675]]},"properties":{"osm_id":"way/300191483","category":"track","highway":"track"}},{"type":"Feature","geometry":{"type":"LineString","coordinates":[[3.7510368,43.4528555],[3.7510613,43.4529354],[3.7510353,43.4531315],[3.7510069,43.4532252],[3.7509091,43.4532638],[3.7507681,43.4532593],[3.7506939,43.4532309],[3.7506376,43.453202]]},"properties":{"osm_id":"way/323148440","category":"road","highway":"service","access":"no"}},{"type":"Feature","geometry":{"type":"LineString","coordinates":[[3.7262998,43.4479316],[3.7262389,43.4482298],[3.7258017,43.4484557],[3.7251258,43.4487185],[3.7250078,43.4489035],[3.7246805,43.4488763],[3.7243268,43.4489542],[3.7240175,43.4490889],[3.7234343,43.4492332],[3.7230676,43.4493743],[3.7230496,43.4494266],[3.7230721,43.4494738],[3.7234034,43.4495892],[3.7239999,43.4498394],[3.7243577,43.4499998],[3.7247023,43.4503462],[3.7250735,43.4505194],[3.7254092,43.4505579],[3.7258466,43.4509235],[3.7259792,43.4511865],[3.7265447,43.4514271],[3.7267126,43.4516484],[3.7269556,43.4516772],[3.7271676,43.4517157],[3.7276713,43.452014],[3.7277552,43.4521327],[3.727901,43.452168],[3.7280159,43.4521006],[3.7281838,43.4519884],[3.7285151,43.452014],[3.7287979,43.4520333],[3.7291248,43.4519916],[3.7295004,43.4520333],[3.7297964,43.4522321],[3.7299775,43.4524823],[3.7300571,43.4527613],[3.730331,43.4529441],[3.7307905,43.4531622],[3.7310395,43.4533446],[3.7311897,43.4535229]]},"properties":{"osm_id":"way/337182049","category":"road","highway":"unclassified"}},{"type":"Feature","geometry":{"type":"LineString","coordinates":[[3.7589121,43.4432176],[3.7588824,43.443253],[3.7588417,43.4432838],[3.758595,43.4434432],[3.7585009,43.4434987],[3.7584407,43.4435433],[3.7583911,43.4435907],[3.7583689,43.4436231],[3.7583531,43.4436601],[3.7583421,43.4437115],[3.7583406,43.4438095],[3.7583394,43.4438938]]},"properties":{"osm_id":"way/354089556","category":"road","highway":"secondary","name":"Avenue du 81\u00e8me R\u00e9giment d'Infanterie","ref":"D 129","surface":"asphalt"}},{"type":"Feature","geometry":{"type":"LineString","coordinates":[[3.758331,43.444261],[3.7583308,43.4443124]]},"properties":{"osm_id":"way/354089558","category":"road","highway":"secondary","name":"Boulevard de la R\u00e9publique","ref":"D 129E3","surface":"asphalt"}},{"type":"Feature","geometry":{"type":"LineString","coordinates":[[3.7694109,43.4727472],[3.7692177,43.4725273],[3.768716,43.4719245],[3.7681384,43.4712303],[3.7678639,43.4709004],[3.767758,43.4707698],[3.7672964,43.4702007],[3.7664271,43.4691387],[3.766181,43.4687384],[3.7661111,43.4686029],[3.7660436,43.4684208],[3.7659921,43.4681136],[3.7659858,43.467909],[3.7660231,43.4676498],[3.7660976,43.4674255],[3.7661836,43.4672149],[3.7662897,43.467016],[3.766517,43.4666876],[3.7666001,43.4665764]]},"properties":{"osm_id":"way/367566520","category":"road","highway":"primary","ref":"D 612","surface":"asphalt"}},{"type":"Feature","geometry":{"type":"LineString","coordinates":[[3.7666001,43.4665764],[3.7666582,43.4664673],[3.7666823,43.4663934],[3.7666913,43.4663279],[3.7666754,43.4662323]]},"properties":{"osm_id":"way/367578048","category":"road","highway":"primary","ref":"D 612","surface":"asphalt"}},{"type":"Feature","geometry":{"type":"Polygon","coordinates":[[[3.7623959,43.4480542],[3.7623849,43.4480849],[3.7623559,43.4481825],[3.7623995,43.4488186],[3.7625485,43.4493517],[3.7627667,43.4496921],[3.7630357,43.4500775],[3.7630975,43.4501302],[3.7631047,43.4500854],[3.7630975,43.4500088],[3.7630102,43.4498135],[3.7628757,43.4495523],[3.7627267,43.4492699],[3.7626212,43.448969],[3.7625304,43.4486998],[3.7624904,43.448362],[3.7624795,43.4481614],[3.762454,43.4481245],[3.7624346,43.4480551],[3.7623959,43.4480542]]]},"properties":{"osm_id":"way/391619747","category":"water_point","natural":"water"}},{"type":"Feature","geometry":{"type":"Polygon","coordinates":[[[3.7634926,43.4451153],[3.7635996,43.4451135],[3.7636019,43.445127],[3.7636113,43.4451747],[3.7636341,43.4452429],[3.7636416,43.4452885],[3.7636282,43.4453347],[3.762683,43.4471928],[3.7626212,43.447396],[3.7625304,43.447813],[3.7625013,43.4480031],[3.7624649,43.4480558],[3.7624346,43.4480551],[3.7623959,43.4480542],[3.7623522,43.4480532],[3.7623304,43.4479899],[3.762345,43.4477576],[3.7623813,43.4476045],[3.7625013,43.4471928],[3.7626394,43.4468708],[3.7634683,43.4452819],[3.7634828,43.4452265],[3.763492,43.4451304],[3.7634926,43.4451153]]]},"properties":{"osm_id":"way/391619748","category":"water_point","natural":"water"}},{"type":"Feature","geometry":{"type":"LineString","coordinates":[[3.7638069,43.4450381],[3.7638989,43.4450202],[3.7641051,43.445012],[3.764255,43.4450032],[3.7642983,43.4450051],[3.7643581,43.4450058],[3.7645323,43.44499],[3.7645817,43.4450007],[3.7646544,43.4449957],[3.764878,43.4449737],[3.7650548,43.4449642],[3.7651518,43.4449561],[3.765261,43.4449529],[3.7653416,43.4449567],[3.765637,43.4449403],[3.7659117,43.4449284],[3.7663285,43.4449038],[3.7667712,43.4448825],[3.7720779,43.4447613]]},"properties":{"osm_id":"way/391619753","category":"track","highway":"path"}},{"type":"Feature","geometry":{"type":"LineString","coordinates":[[3.7636372,43.4450769],[3.7637198,43.4450429]]},"properties":{"osm_id":"way/391619754","category":"track","highway":"path"}},{"type":"Feature","geometry":{"type":"LineString","coordinates":[[3.7637198,43.4450429],[3.7638069,43.4450381]]},"properties":{"osm_id":"way/391619756","category":"track","highway":"path"}},{"type":"Feature","geometry":{"type":"LineString","coordinates":[[3.757242,43.4469293],[3.757005,43.4466495],[3.7569379,43.4465703]]},"properties":{"osm_id":"way/394091357","category":"road","highway":"residential","name":"Rue Fize","surface":"asphalt"}},{"type":"Feature","geometry":{"type":"LineString","coordinates":[[3.7540455,43.4487761],[3.7540726,43.4487948],[3.7546601,43.4492009]]},"properties":{"osm_id":"way/405104896","category":"road","highway":"residential","name":"Avenue Anatole France","surface":"asphalt"}},{"type":"Feature","geometry":{"type":"LineString","coordinates":[[3.7537137,43.4534484],[3.753184,43.4532072]]},"properties":{"osm_id":"way/405104898","category":"road","highway":"residential","name":"Chemin des Romains","surface":"asphalt"}},{"type":"Feature","geometry":{"type":"LineString","coordinates":[[3.753184,43.4532072],[3.752835,43.4530575],[3.7527374,43.4530181],[3.7525003,43.4529225],[3.752105,43.4527491],[3.7519404,43.4526692],[3.7519038,43.4526345]]},"properties":{"osm_id":"way/405104899","category":"road","highway":"residential","name":"Chemin des Romains","surface":"asphalt"}},{"type":"Feature","geometry":{"type":"LineString","coordinates":[[3.7508456,43.4462268],[3.7508652,43.4462584],[3.7509306,43.4463231],[3.7511333,43.4464623],[3.7512002,43.4465034],[3.7517125,43.4468622],[3.7518482,43.4469499]]},"properties":{"osm_id":"way/405104900","category":"road","highway":"residential","name":"Rue de l'Hospice","surface":"asphalt"}},{"type":"Feature","geometry":{"type":"LineString","coordinates":[[3.7499684,43.4483618],[3.7500528,43.4484136]]},"properties":{"osm_id":"way/405104901","category":"road","highway":"residential","name":"Rue de la Cible","surface":"asphalt"}},{"type":"Feature","geometry":{"type":"LineString","coordinates":[[3.7497172,43.4487751],[3.7495717,43.4487801],[3.7492727,43.448769],[3.7485666,43.4487362],[3.7484419,43.4487329],[3.7483153,43.4487269]]},"properties":{"osm_id":"way/405104902","category":"road","highway":"secondary","name":"Rue des Thermes","ref":"D 129","surface":"asphalt"}},{"type":"Feature","geometry":{"type":"LineString","coordinates":[[3.7550389,43.4488237],[3.7551746,43.4486396]]},"properties":{"osm_id":"way/405104904","category":"road","highway":"service"}},{"type":"Feature","geometry":{"type":"LineString","coordinates":[[3.7524832,43.4489558],[3.7520996,43.4486954]]},"properties":{"osm_id":"way/405104905","category":"road","highway":"service"}},{"type":"Feature","geometry":{"type":"LineString","coordinates":[[3.7472052,43.4471864],[3.7476636,43.4468436],[3.7478134,43.4469298],[3.7473758,43.4472646]]},"properties":{"osm_id":"way/405104908","category":"road","highway":"service"}},{"type":"Feature","geometry":{"type":"LineString","coordinates":[[3.7489459,43.4476712],[3.748941,43.4476264],[3.749044,43.4475518],[3.7490982,43.4475415],[3.7491706,43.4475424],[3.7492261,43.4475649],[3.7493239,43.4476326],[3.7493653,43.4476613]]},"properties":{"osm_id":"way/405104910","category":"road","highway":"service","surface":"asphalt"}},{"type":"Feature","geometry":{"type":"LineString","coordinates":[[3.7548903,43.4488243],[3.7550084,43.448816],[3.7550389,43.4488237],[3.7552605,43.4488797],[3.7553683,43.4487311],[3.7551746,43.4486396],[3.755083,43.448528]]},"properties":{"osm_id":"way/405104911","category":"road","highway":"service"}},{"type":"Feature","geometry":{"type":"LineString","coordinates":[[3.7575008,43.4532352],[3.7579455,43.4535381]]},"properties":{"osm_id":"way/405128849","category":"road","highway":"residential","name":"Impasse Gallieni"}},{"type":"Feature","geometry":{"type":"LineString","coordinates":[[3.7601365,43.4535459],[3.7602125,43.4535185],[3.7605526,43.4533723],[3.7606111,43.453347],[3.7613114,43.4530522]]},"properties":{"osm_id":"way/405128851","category":"road","highway":"service","name":"Impasse James Watt"}},{"type":"Feature","geometry":{"type":"LineString","coordinates":[[3.7622256,43.456709],[3.7624992,43.456642],[3.7626015,43.4566358],[3.7629325,43.4565732]]},"properties":{"osm_id":"way/405128852","category":"road","highway":"service","name":"Impasse L\u00e9on Foucault"}},{"type":"Feature","geometry":{"type":"LineString","coordinates":[[3.7606115,43.4585154],[3.7605429,43.4584662],[3.7605067,43.4584777],[3.7603457,43.4585205],[3.7602425,43.4584631],[3.7603497,43.458354],[3.7604047,43.4583531],[3.7605308,43.4584407],[3.7605429,43.4584662]]},"properties":{"osm_id":"way/405128853","category":"road","highway":"residential","name":"Rue des Mara\u00eechers"}},{"type":"Feature","geometry":{"type":"LineString","coordinates":[[3.7608777,43.4591413],[3.7611743,43.459187],[3.7613439,43.4592421]]},"properties":{"osm_id":"way/405128854","category":"road","highway":"residential","name":"Impasse des M\u00e9tairies"}},{"type":"Feature","geometry":{"type":"LineString","coordinates":[[3.7602237,43.4592957],[3.7602693,43.4592238],[3.7606242,43.4589583],[3.7608624,43.4591153],[3.7608777,43.4591413],[3.7608655,43.4591786],[3.7603658,43.4593221],[3.7602237,43.4592957]]},"properties":{"osm_id":"way/405128856","category":"road","highway":"residential","name":"Place des M\u00e9tairies"}},{"type":"Feature","geometry":{"type":"LineString","coordinates":[[3.7603761,43.454069],[3.7604666,43.454032],[3.7610228,43.4538068],[3.7612148,43.4537291]]},"properties":{"osm_id":"way/405128857","category":"road","highway":"residential","name":"Rue Antoine Lavoisier","surface":"asphalt"}},{"type":"Feature","geometry":{"type":"LineString","coordinates":[[3.7608384,43.461021],[3.7605773,43.4610785],[3.7604588,43.4608199],[3.7607202,43.4607421]]},"properties":{"osm_id":"way/405128859","category":"road","highway":"service","surface":"asphalt"}},{"type":"Feature","geometry":{"type":"LineString","coordinates":[[3.7538078,43.4452019],[3.7539615,43.4452353],[3.7544254,43.4454653],[3.7545186,43.4455111],[3.7545564,43.4455305]]},"properties":{"osm_id":"way/405128860","category":"road","highway":"residential","name":"Rue des Anciens Chais"}},{"type":"Feature","geometry":{"type":"LineString","coordinates":[[3.7553606,43.4554488],[3.7553655,43.4553488],[3.7557062,43.4549028],[3.7557676,43.4548785],[3.75583,43.4548723],[3.7559666,43.4549597],[3.7560912,43.4550498]]},"properties":{"osm_id":"way/405128862","category":"road","highway":"residential","name":"Rue du Languedoc","surface":"asphalt"}},{"type":"Feature","geometry":{"type":"LineString","coordinates":[[3.7610228,43.4538068],[3.76074,43.4535614],[3.7606111,43.453347]]},"properties":{"osm_id":"way/405128866","category":"road","highway":"residential","name":"Rue \u00c9douard Branly"}},{"type":"Feature","geometry":{"type":"LineString","coordinates":[[3.7566567,43.4558929],[3.7568742,43.4561072]]},"properties":{"osm_id":"way/405129247","category":"road","highway":"service"}},{"type":"Feature","geometry":{"type":"LineString","coordinates":[[3.7522035,43.4547748],[3.7516853,43.4545448]]},"properties":{"osm_id":"way/405129250","category":"road","highway":"service","name":"Impasse de la Bergeronette"}},{"type":"Feature","geometry":{"type":"LineString","coordinates":[[3.756359,43.4561469],[3.7565134,43.4563067]]},"properties":{"osm_id":"way/405129251","category":"road","highway":"service"}},{"type":"Feature","geometry":{"type":"LineString","coordinates":[[3.75828,43.4501377],[3.7583019,43.4501291],[3.758662,43.4499458],[3.7587208,43.4498573],[3.759005,43.4497352],[3.7589216,43.4496343]]},"properties":{"osm_id":"way/405267774","category":"road","highway":"residential","name":"Impasse Nicolas Cugnot"}},{"type":"Feature","geometry":{"type":"LineString","coordinates":[[3.7591598,43.451656],[3.7592352,43.4516374],[3.7596377,43.4515384],[3.7603161,43.4513862],[3.7604491,43.4513564]]},"properties":{"osm_id":"way/405267775","category":"road","highway":"residential","name":"Rue du Marteau Sans Ma\u00eetre","surface":"asphalt"}},{"type":"Feature","geometry":{"type":"LineString","coordinates":[[3.7572007,43.4552687],[3.7575497,43.4550043],[3.7575768,43.4548888],[3.7576383,43.4548218],[3.7577486,43.4547641],[3.7580416,43.4548357],[3.7580892,43.4548198],[3.7581447,43.4548717],[3.7581719,43.4549203]]},"properties":{"osm_id":"way/405268419","category":"road","highway":"residential","name":"Impasse Saint-Fiacre"}},{"type":"Feature","geometry":{"type":"LineString","coordinates":[[3.7597544,43.453167],[3.7592318,43.4533716],[3.7591374,43.4534085],[3.7590219,43.453592],[3.7590391,43.4537083],[3.7590724,43.4538094],[3.7590416,43.4538621],[3.758805,43.4540115],[3.7586436,43.4541194],[3.7586401,43.4541903],[3.7587715,43.4543204],[3.7587803,43.4543772],[3.7587537,43.4544532],[3.7580892,43.4548198]]},"properties":{"osm_id":"way/405268420","category":"road","highway":"residential","name":"Impasse de la Noria"}},{"type":"Feature","geometry":{"type":"LineString","coordinates":[[3.7591374,43.4534085],[3.7589401,43.4533197],[3.7588775,43.4533216],[3.7586485,43.4535259]]},"properties":{"osm_id":"way/405268422","category":"road","highway":"residential","name":"Impasse de la Noria"}},{"type":"Feature","geometry":{"type":"LineString","coordinates":[[3.759184,43.4528211],[3.759389,43.4531353],[3.759134,43.4532383]]},"properties":{"osm_id":"way/405268423","category":"road","highway":"service"}},{"type":"Feature","geometry":{"type":"LineString","coordinates":[[3.7592318,43.4533716],[3.759134,43.4532383],[3.7587822,43.4530329],[3.7588057,43.4529902],[3.759184,43.4528211],[3.7594379,43.4527078]]},"properties":{"osm_id":"way/405268424","category":"road","highway":"service"}},{"type":"Feature","geometry":{"type":"LineString","coordinates":[[3.7636161,43.4520265],[3.7628214,43.4524448],[3.7623145,43.4525743],[3.7622729,43.4525966],[3.762234,43.4526609],[3.7622635,43.4527329],[3.7624674,43.4530396],[3.7624861,43.4530756]]},"properties":{"osm_id":"way/407460583","category":"track","highway":"track"}},{"type":"Feature","geometry":{"type":"LineString","coordinates":[[3.7616147,43.4451392],[3.7611056,43.4451634]]},"properties":{"osm_id":"way/407462223","category":"track","highway":"track","surface":"compacted"}},{"type":"Feature","geometry":{"type":"LineString","coordinates":[[3.7611056,43.4451634],[3.7609666,43.4451758],[3.7608862,43.4452148],[3.7608325,43.445281]]},"properties":{"osm_id":"way/407462225","category":"track","highway":"track","surface":"compacted","tracktype":"grade2"}},{"type":"Feature","geometry":{"type":"LineString","coordinates":[[3.7584292,43.4448585],[3.758478,43.4448719],[3.7585371,43.4448882],[3.7585568,43.4451789],[3.7584476,43.4452228]]},"properties":{"osm_id":"way/407462242","category":"road","highway":"service","surface":"asphalt"}},{"type":"Feature","geometry":{"type":"LineString","coordinates":[[3.7674282,43.4602177],[3.7667219,43.4592563],[3.7664455,43.4589035],[3.7662442,43.458648],[3.7661142,43.4584605],[3.7658714,43.4581123],[3.7657758,43.4579857],[3.7656598,43.4578348],[3.7655196,43.4576352],[3.7653884,43.4574739],[3.7652365,43.4572872],[3.7652025,43.4572302],[3.7651881,43.457175],[3.7651934,43.4570649],[3.7652243,43.4568495],[3.7652566,43.4565799],[3.7652652,43.4563757],[3.76524,43.4561749],[3.7651304,43.4558637],[3.7650387,43.455701],[3.7650194,43.4555005],[3.7648747,43.4550733],[3.7648318,43.4548497],[3.7648446,43.4542437],[3.7648367,43.4540463],[3.7647941,43.4538655],[3.7647381,43.45368],[3.76463,43.4533602],[3.7645342,43.4531454],[3.7645206,43.453115],[3.7644331,43.4529188],[3.7643878,43.4528303],[3.7642726,43.4526707],[3.7640577,43.4524345],[3.7638572,43.4522401],[3.7636161,43.4520265],[3.7631066,43.4515577],[3.7626997,43.4512351],[3.7624589,43.451041],[3.7619867,43.4505784],[3.761349,43.4500669],[3.7612681,43.4500247],[3.7611645,43.450021],[3.7608885,43.4501713],[3.7608279,43.4501899],[3.7607896,43.4501938],[3.7607594,43.4501928]]},"properties":{"osm_id":"way/407663906","category":"road","highway":"unclassified","name":"Chemin des Pielles","surface":"paved"}},{"type":"Feature","geometry":{"type":"LineString","coordinates":[[3.76166,43.4486648],[3.7620053,43.4486388]]},"properties":{"osm_id":"way/408161658","category":"road","highway":"service","name":"Acc\u00e8s Distri Sud"}},{"type":"Feature","geometry":{"type":"LineString","coordinates":[[3.7620053,43.4486388],[3.7621388,43.448582],[3.7621614,43.4482362]]},"properties":{"osm_id":"way/408161659","category":"road","highway":"service","name":"Acc\u00e8s Distri Sud"}},{"type":"Feature","geometry":{"type":"LineString","coordinates":[[3.7622388,43.4488307],[3.7621095,43.4486767],[3.7620053,43.4486388]]},"properties":{"osm_id":"way/408161660","category":"road","highway":"service","name":"Acc\u00e8s Distri Sud"}},{"type":"Feature","geometry":{"type":"LineString","coordinates":[[3.762208,43.447799],[3.7622289,43.4476044],[3.7622984,43.4473031],[3.7624054,43.4469745],[3.7624915,43.4467423],[3.7625902,43.446516],[3.7627929,43.4460898],[3.7631553,43.4453198]]},"properties":{"osm_id":"way/408161661","category":"road","highway":"primary","ref":"D 612","surface":"asphalt"}},{"type":"Feature","geometry":{"type":"LineString","coordinates":[[3.7623088,43.4490271],[3.7622862,43.448997],[3.7622388,43.4488307],[3.7621614,43.4482362],[3.7621736,43.4478442],[3.762208,43.447799]]},"properties":{"osm_id":"way/408161662","category":"road","highway":"primary","ref":"D 612","surface":"asphalt"}},{"type":"Feature","geometry":{"type":"LineString","coordinates":[[3.762208,43.447799],[3.762223,43.4478459],[3.7622056,43.4482363],[3.7622713,43.4487747],[3.7623223,43.4489919],[3.7623088,43.4490271]]},"properties":{"osm_id":"way/408161663","category":"road","highway":"primary","ref":"D 612","surface":"asphalt"}},{"type":"Feature","geometry":{"type":"LineString","coordinates":[[3.7571837,43.4435155],[3.7572184,43.4434308],[3.7573319,43.4431032],[3.7573555,43.4430357],[3.7574021,43.4429026],[3.7574461,43.4427767],[3.7574575,43.4427439],[3.7574677,43.4427064],[3.7574194,43.4426479],[3.7572947,43.442535],[3.7571311,43.442608],[3.7572478,43.4427258],[3.7572692,43.442756],[3.7572505,43.4428047]]},"properties":{"osm_id":"way/413271792","category":"road","highway":"service","name":"Impasse Jean-Jacques Rousseau"}},{"type":"Feature","geometry":{"type":"LineString","coordinates":[[3.7572112,43.4430059],[3.7573555,43.4430357]]},"properties":{"osm_id":"way/413271793","category":"road","highway":"service"}},{"type":"Feature","geometry":{"type":"LineString","coordinates":[[3.7572591,43.4428752],[3.7574021,43.4429026],[3.7576563,43.442951]]},"properties":{"osm_id":"way/413271794","category":"road","highway":"service"}},{"type":"Feature","geometry":{"type":"LineString","coordinates":[[3.7574461,43.4427767],[3.7576983,43.4428241]]},"properties":{"osm_id":"way/413271795","category":"road","highway":"service"}},{"type":"Feature","geometry":{"type":"LineString","coordinates":[[3.7553522,43.4479724],[3.7553613,43.4479915],[3.7553826,43.4480363]]},"properties":{"osm_id":"way/423394927","category":"road","highway":"secondary","name":"Avenue de la Lib\u00e9ration","surface":"asphalt"}},{"type":"Feature","geometry":{"type":"LineString","coordinates":[[3.7553826,43.4480363],[3.7565948,43.4489429],[3.7568519,43.449133],[3.757077,43.4493243],[3.7570989,43.4493512],[3.7571788,43.4494623]]},"properties":{"osm_id":"way/423394928","category":"road","highway":"secondary","name":"Avenue de la Lib\u00e9ration","surface":"asphalt"}},{"type":"Feature","geometry":{"type":"LineString","coordinates":[[3.7553859,43.4478418],[3.7553522,43.4479724]]},"properties":{"osm_id":"way/423394929","category":"road","highway":"secondary","name":"Avenue de la Lib\u00e9ration","surface":"asphalt"}},{"type":"Feature","geometry":{"type":"Polygon","coordinates":[[[3.7607541,43.4444158],[3.7609791,43.4444293],[3.7618646,43.4444821],[3.7619478,43.4444762],[3.7619343,43.4444022],[3.7621221,43.4443866],[3.7621409,43.4444723],[3.7627175,43.4444392],[3.7626741,43.4436932],[3.7623024,43.4437234],[3.7622468,43.4436978],[3.762222,43.4435503],[3.7613475,43.4436674],[3.7608306,43.4437362],[3.7607963,43.4440618],[3.7607541,43.4444158]]]},"properties":{"osm_id":"way/432527714","category":"industrial","name":"Services techniques de la ville de Frontignan","landuse":"industrial"}},{"type":"Feature","geometry":{"type":"LineString","coordinates":[[3.7631177,43.4444892],[3.7631739,43.4443586],[3.7633294,43.4436887],[3.763367,43.4431473],[3.7634045,43.4423956]]},"properties":{"osm_id":"way/432527716","category":"track","highway":"track"}},{"type":"Feature","geometry":{"type":"LineString","coordinates":[[3.763604,43.4534737],[3.7645342,43.4531454]]},"properties":{"osm_id":"way/437927411","category":"track","highway":"track"}},{"type":"Feature","geometry":{"type":"LineString","coordinates":[[3.7607842,43.4521069],[3.7610083,43.4520556],[3.7612241,43.4525558]]},"properties":{"osm_id":"way/448769850","category":"road","highway":"service"}},{"type":"Feature","geometry":{"type":"LineString","coordinates":[[3.7587006,43.4508951],[3.7588023,43.4508561],[3.7589206,43.4508108],[3.759892,43.4504276],[3.7599787,43.4504112]]},"properties":{"osm_id":"way/448769852","category":"road","highway":"residential","name":"Avenue de l'Oeuvre au Noir","surface":"asphalt"}},{"type":"Feature","geometry":{"type":"LineString","coordinates":[[3.7601466,43.4456235],[3.7599852,43.4458644]]},"properties":{"osm_id":"way/452282212","category":"road","highway":"service"}},{"type":"Feature","geometry":{"type":"LineString","coordinates":[[3.7603214,43.4456859],[3.7601572,43.4459233]]},"properties":{"osm_id":"way/452282214","category":"road","highway":"service"}},{"type":"Feature","geometry":{"type":"LineString","coordinates":[[3.7599839,43.4455655],[3.759959,43.4456058],[3.7598328,43.445782],[3.7598428,43.4458106],[3.7599852,43.4458644],[3.7601572,43.4459233],[3.7602214,43.4459462],[3.760254,43.445941],[3.7603802,43.4457649],[3.7604132,43.4457187]]},"properties":{"osm_id":"way/452282216","category":"road","highway":"service"}},{"type":"Feature","geometry":{"type":"LineString","coordinates":[[3.7614911,43.4556518],[3.7620822,43.4554399],[3.7621201,43.4554399],[3.7621551,43.4554536],[3.7624684,43.4558958],[3.7625151,43.4559128],[3.7625748,43.4559181],[3.7626743,43.4558986]]},"properties":{"osm_id":"way/472891233","category":"road","highway":"residential","name":"Lotissement Le Plein Soleil","access":"private"}},{"type":"Feature","geometry":{"type":"LineString","coordinates":[[3.7614336,43.4555713],[3.7624553,43.455205],[3.7625748,43.4553944],[3.762636,43.4554282],[3.7628241,43.4557403],[3.7628532,43.4557573]]},"properties":{"osm_id":"way/472891235","category":"road","highway":"service","surface":"gravel"}},{"type":"Feature","geometry":{"type":"LineString","coordinates":[[3.7624434,43.4570306],[3.7625282,43.4570056],[3.7627089,43.4570236],[3.7637364,43.4569739],[3.7637959,43.4569962],[3.7638273,43.457038],[3.7638297,43.4573442],[3.7637976,43.4575198]]},"properties":{"osm_id":"way/472891241","category":"road","highway":"service","surface":"gravel"}},{"type":"Feature","geometry":{"type":"LineString","coordinates":[[3.767852,43.4654905],[3.7677374,43.4654343],[3.7675684,43.4653487],[3.7674718,43.4652727],[3.7674093,43.465168],[3.7673986,43.4650833],[3.7674268,43.4649392],[3.767475,43.4647543],[3.767577,43.4645275],[3.7676159,43.4644438],[3.7677138,43.4642715],[3.7678157,43.4641167],[3.767931,43.4639347],[3.7680477,43.4638247]]},"properties":{"osm_id":"way/472891248","category":"road","highway":"residential","name":"Rue des Paluds","surface":"asphalt"}},{"type":"Feature","geometry":{"type":"LineString","coordinates":[[3.7682437,43.4636571],[3.7684648,43.4636475],[3.7685481,43.4636731],[3.7686313,43.4636986]]},"properties":{"osm_id":"way/472891251","category":"road","highway":"residential","name":"Rue des Sauniers"}},{"type":"Feature","geometry":{"type":"LineString","coordinates":[[3.7674733,43.4611661],[3.7673245,43.4612307],[3.7671492,43.4615879]]},"properties":{"osm_id":"way/472891252","category":"road","highway":"service"}},{"type":"Feature","geometry":{"type":"LineString","coordinates":[[3.767577,43.4645275],[3.767538,43.4645191],[3.7674884,43.4645243],[3.7674287,43.4645561],[3.7673878,43.4646375],[3.7673762,43.4647095],[3.7672742,43.4648999],[3.7672479,43.4649168],[3.76721,43.4649221],[3.7669258,43.4648639],[3.7669025,43.4648375],[3.7668675,43.4647475],[3.7668632,43.4646069],[3.7669798,43.4644006],[3.7670308,43.4643223],[3.7670789,43.4643128],[3.7675771,43.4644358],[3.7676159,43.4644438]]},"properties":{"osm_id":"way/472891254","category":"road","highway":"service"}},{"type":"Feature","geometry":{"type":"LineString","coordinates":[[3.7660782,43.4627867],[3.7661477,43.4630116],[3.766233,43.4632878],[3.7663238,43.4636874],[3.7663453,43.4640677],[3.7663292,43.4642721],[3.7662863,43.4645252],[3.7662031,43.4648776]]},"properties":{"osm_id":"way/472891265","category":"road","highway":"secondary","name":"Route de Montpellier","surface":"asphalt"}},{"type":"Feature","geometry":{"type":"LineString","coordinates":[[3.7653911,43.4612725],[3.7654484,43.4613671],[3.7656752,43.4617903],[3.7658301,43.4621356],[3.7658561,43.4622003],[3.7658761,43.46225],[3.7659096,43.4623333],[3.766051,43.4626944],[3.7660782,43.4627867]]},"properties":{"osm_id":"way/472891266","category":"road","highway":"secondary","name":"Route de Montpellier","surface":"asphalt"}},{"type":"Feature","geometry":{"type":"LineString","coordinates":[[3.768277,43.4622451],[3.7678827,43.46171],[3.7676912,43.4614556],[3.7676421,43.4613904],[3.7675812,43.4613094],[3.7674733,43.4611661],[3.7674282,43.4611049],[3.7674033,43.461071],[3.7672971,43.4609581],[3.7672437,43.4609132],[3.7671941,43.4608777],[3.7670895,43.4608193],[3.7669943,43.4607875],[3.7669084,43.4607687],[3.7667999,43.4607571],[3.7666965,43.4607594],[3.7665993,43.4607702],[3.7665088,43.4607911],[3.7663507,43.4608482],[3.766195,43.4609205],[3.7658604,43.4610967]]},"properties":{"osm_id":"way/472891267","category":"road","highway":"residential","name":"Rue du Barnier","surface":"asphalt"}},{"type":"Feature","geometry":{"type":"LineString","coordinates":[[3.753078,43.4451942],[3.7529041,43.4450929]]},"properties":{"osm_id":"way/511567836","category":"road","highway":"residential","name":"Impasse Antherieu"}},{"type":"Feature","geometry":{"type":"LineString","coordinates":[[3.7538078,43.4452019],[3.754093,43.4448651]]},"properties":{"osm_id":"way/511568600","category":"road","highway":"residential","name":"Rue Emilien Barat"}},{"type":"Feature","geometry":{"type":"LineString","coordinates":[[3.7572796,43.4453287],[3.757247,43.4453411]]},"properties":{"osm_id":"way/511570062","category":"road","highway":"residential","name":"Rue du Plan d'Encarneau"}},{"type":"Feature","geometry":{"type":"LineString","coordinates":[[3.7573241,43.4462615],[3.7573361,43.4462339]]},"properties":{"osm_id":"way/511572602","category":"road","highway":"residential","name":"Rue de la Font"}},{"type":"Feature","geometry":{"type":"LineString","coordinates":[[3.7574807,43.4489758],[3.757681,43.4492426],[3.7579252,43.4496062],[3.7582648,43.450109],[3.75828,43.4501377],[3.7585428,43.4506341],[3.7587006,43.4508951]]},"properties":{"osm_id":"way/511637932","category":"road","highway":"residential","name":"Rue du Soufre","surface":"asphalt"}},{"type":"Feature","geometry":{"type":"LineString","coordinates":[[3.7574807,43.4489758],[3.7578651,43.4488105],[3.7581763,43.4486626],[3.7585332,43.4484691]]},"properties":{"osm_id":"way/511637935","category":"road","highway":"residential","name":"Rue des Pielles","surface":"asphalt","access":"destination"}},{"type":"Feature","geometry":{"type":"LineString","coordinates":[[3.7585938,43.4478773],[3.7586324,43.4478689],[3.7588422,43.447719]]},"properties":{"osm_id":"way/511638884","category":"road","highway":"service","name":"Rue du Quai de Wigan","surface":"asphalt"}},{"type":"Feature","geometry":{"type":"LineString","coordinates":[[3.7585938,43.4478773],[3.7580987,43.4475851],[3.7578646,43.4474089],[3.757673,43.4472238],[3.7574145,43.4469327]]},"properties":{"osm_id":"way/511638885","category":"road","highway":"residential","name":"Rue du Poste des Douanes","surface":"asphalt"}},{"type":"Feature","geometry":{"type":"LineString","coordinates":[[3.7595275,43.4524068],[3.7595324,43.4524491],[3.7596872,43.4528868],[3.7597436,43.4529734],[3.759985,43.4533414],[3.7601365,43.4535459],[3.7604666,43.454032]]},"properties":{"osm_id":"way/511646114","category":"road","highway":"residential","name":"Rue du Soufre","surface":"asphalt"}},{"type":"Feature","geometry":{"type":"LineString","coordinates":[[3.7563086,43.4536994],[3.7563075,43.4537709],[3.7563214,43.4540126],[3.7563539,43.4541181],[3.7563828,43.4541803],[3.7565585,43.4544122],[3.7566602,43.4545037],[3.7566772,43.4545454],[3.7566908,43.4545787]]},"properties":{"osm_id":"way/511687169","category":"road","highway":"residential","name":"Avenue des Jardiniers","surface":"asphalt"}},{"type":"Feature","geometry":{"type":"LineString","coordinates":[[3.750413,43.4433841],[3.7504846,43.443386],[3.7505664,43.4433656],[3.7506311,43.4433286],[3.7511715,43.4427758]]},"properties":{"osm_id":"way/527332677","category":"road","highway":"unclassified","name":"Rue Gounod","surface":"asphalt"}},{"type":"Feature","geometry":{"type":"LineString","coordinates":[[3.7606242,43.4589583],[3.7609154,43.4587336],[3.7606115,43.4585154]]},"properties":{"osm_id":"way/542092596","category":"road","highway":"residential","name":"Place des M\u00e9tairies"}},{"type":"Feature","geometry":{"type":"LineString","coordinates":[[3.7634759,43.4444512],[3.7635899,43.44398],[3.7636792,43.4433372],[3.7637048,43.4428632],[3.763706,43.4425109],[3.7636685,43.4420078],[3.7636052,43.4416349],[3.7635228,43.4412954],[3.7634297,43.4409541],[3.7633243,43.4406479],[3.7632291,43.4404142],[3.7629732,43.4398708]]},"properties":{"osm_id":"way/560526371","category":"road","highway":"primary","ref":"D 612","surface":"asphalt"}},{"type":"Feature","geometry":{"type":"LineString","coordinates":[[3.7573659,43.4458984],[3.757729,43.4458932]]},"properties":{"osm_id":"way/564226251","category":"track","highway":"path","name":"Rue de l'Orph\u00e9on"}},{"type":"Feature","geometry":{"type":"LineString","coordinates":[[3.7577432,43.4460095],[3.7576161,43.4460199],[3.7576014,43.4460414]]},"properties":{"osm_id":"way/564227393","category":"track","highway":"path","name":"Rue de la Gandide"}},{"type":"Feature","geometry":{"type":"LineString","coordinates":[[3.7405169,43.4446598],[3.7399501,43.4447122],[3.7392287,43.444773],[3.738716,43.4448331],[3.7373001,43.4451512],[3.736648,43.4453537],[3.7359367,43.4455377],[3.7353052,43.4457294],[3.7350065,43.445839],[3.7342907,43.4461491],[3.7337583,43.4463713],[3.7332782,43.4465369],[3.7332063,43.4465621],[3.7331334,43.4465836],[3.732841,43.4466618],[3.7325429,43.4466776],[3.7317775,43.446631],[3.7314101,43.4466077],[3.7310573,43.4465184],[3.730592,43.446485],[3.7302916,43.4464928],[3.7300649,43.4465281],[3.7294709,43.4466641],[3.7293891,43.4466787],[3.7293751,43.4467014],[3.7286963,43.4470871],[3.7285572,43.4471497],[3.7277332,43.4475569],[3.7273985,43.4477076],[3.7272111,43.4477656],[3.7266753,43.4478834],[3.7266133,43.4479112],[3.7265711,43.447964]]},"properties":{"osm_id":"way/565541351","category":"road","highway":"unclassified","name":"Chemin des Vignaux","ref":"C 4","surface":"asphalt"}},{"type":"Feature","geometry":{"type":"LineString","coordinates":[[3.7392788,43.4421138],[3.7390936,43.4422755],[3.7389672,43.4423539],[3.7387791,43.4424576]]},"properties":{"osm_id":"way/565739122","category":"road","highway":"unclassified","name":"Chemin Viol de Seilhac","ref":"CR 19","surface":"asphalt"}},{"type":"Feature","geometry":{"type":"LineString","coordinates":[[3.7384995,43.4468051],[3.7386467,43.4467774],[3.7388097,43.4467333],[3.7390637,43.4466829],[3.7393371,43.4466472],[3.7395113,43.4466373],[3.7398566,43.4466171],[3.740428,43.4465311]]},"properties":{"osm_id":"way/565940187","category":"track","highway":"track","name":"Rue du Souvenir Fran\u00e7ais","surface":"asphalt"}},{"type":"Feature","geometry":{"type":"LineString","coordinates":[[3.7361643,43.4418573],[3.7360369,43.4417599],[3.7358478,43.4416138],[3.7357472,43.4415048],[3.7356922,43.441421],[3.7356466,43.4412974],[3.7356278,43.4412214]]},"properties":{"osm_id":"way/565940196","category":"track","highway":"track"}},{"type":"Feature","geometry":{"type":"LineString","coordinates":[[3.7387791,43.4424576],[3.7383939,43.4422008],[3.7380351,43.4420004],[3.7376344,43.4418022],[3.7373781,43.441673],[3.7373377,43.4416683],[3.7372988,43.4416849],[3.7371692,43.441789],[3.7371138,43.4418154],[3.7370439,43.4418116],[3.7368992,43.441792],[3.7367686,43.4417774],[3.7366323,43.4417803],[3.7364566,43.4417988],[3.7362911,43.4418245],[3.7361643,43.4418573]]},"properties":{"osm_id":"way/565940197","category":"road","highway":"unclassified","name":"Chemin du Mas de Guiraud","ref":"C 17","surface":"asphalt"}},{"type":"Feature","geometry":{"type":"LineString","coordinates":[[3.7429525,43.4437038],[3.7422239,43.4431743],[3.7421456,43.4431175],[3.7415086,43.4426333],[3.7414469,43.4425798],[3.7411653,43.4423559]]},"properties":{"osm_id":"way/565940198","category":"road","highway":"residential","name":"Rue de Belgique","surface":"asphalt"}},{"type":"Feature","geometry":{"type":"LineString","coordinates":[[3.7415086,43.4426333],[3.7420101,43.4422711]]},"properties":{"osm_id":"way/565940199","category":"road","highway":"residential","name":"Impasse de Hollande"}},{"type":"Feature","geometry":{"type":"LineString","coordinates":[[3.7415485,43.4443784],[3.7409178,43.4439436],[3.7406446,43.4437603],[3.7402675,43.4434743],[3.739002,43.4426265],[3.7387791,43.4424576]]},"properties":{"osm_id":"way/565940200","category":"track","highway":"track","name":"Chemin du Mas de Guiraud","ref":"C 17","surface":"asphalt"}},{"type":"Feature","geometry":{"type":"LineString","coordinates":[[3.7550306,43.4428543],[3.7549993,43.4428402],[3.7549679,43.4428261],[3.7543282,43.4424094]]},"properties":{"osm_id":"way/566645406","category":"road","highway":"service"}},{"type":"Feature","geometry":{"type":"LineString","coordinates":[[3.7583442,43.443351],[3.7583921,43.4434325],[3.7584206,43.4434547],[3.7584588,43.4434809],[3.7585009,43.4434987]]},"properties":{"osm_id":"way/566645407","category":"road","highway":"residential","name":"Rue de la Raffinerie","surface":"asphalt"}},{"type":"Feature","geometry":{"type":"LineString","coordinates":[[3.7583911,43.4435907],[3.7583569,43.4435214],[3.7583376,43.4434625],[3.7583442,43.443351]]},"properties":{"osm_id":"way/566645408","category":"road","highway":"residential","name":"Rue de la Raffinerie","surface":"asphalt"}},{"type":"Feature","geometry":{"type":"LineString","coordinates":[[3.7583186,43.4447811],[3.7584221,43.4447967]]},"properties":{"osm_id":"way/566645409","category":"road","highway":"secondary","name":"Boulevard de la R\u00e9publique","ref":"D 129E3","surface":"asphalt"}},{"type":"Feature","geometry":{"type":"LineString","coordinates":[[3.758461,43.4455063],[3.7583796,43.4455253]]},"properties":{"osm_id":"way/566645410","category":"road","highway":"secondary","name":"Boulevard de la R\u00e9publique","ref":"D 129E3","surface":"asphalt"}},{"type":"Feature","geometry":{"type":"LineString","coordinates":[[3.7585256,43.4461457],[3.7584314,43.446151]]},"properties":{"osm_id":"way/566645411","category":"road","highway":"secondary","name":"Boulevard de la R\u00e9publique","ref":"D 129E3","surface":"asphalt"}},{"type":"Feature","geometry":{"type":"LineString","coordinates":[[3.7561634,43.4473948],[3.7560945,43.447346]]},"properties":{"osm_id":"way/566645412","category":"road","highway":"secondary","name":"Boulevard Gambetta","ref":"D 129E3","surface":"asphalt"}},{"type":"Feature","geometry":{"type":"LineString","coordinates":[[3.7557056,43.4474968],[3.7557243,43.4475524],[3.7557381,43.4476048]]},"properties":{"osm_id":"way/566645413","category":"road","highway":"secondary","name":"Boulevard Gambetta","ref":"D 129E3","surface":"asphalt"}},{"type":"Feature","geometry":{"type":"LineString","coordinates":[[3.7553468,43.4466187],[3.7554849,43.4465524],[3.755625,43.4466616]]},"properties":{"osm_id":"way/566645414","category":"road","highway":"residential","name":"Rue du Puits Saint-Paul"}},{"type":"Feature","geometry":{"type":"LineString","coordinates":[[3.7561769,43.4467458],[3.7561774,43.4467135]]},"properties":{"osm_id":"way/566645417","category":"road","highway":"residential","name":"Rue Andrans","surface":"asphalt"}},{"type":"Feature","geometry":{"type":"LineString","coordinates":[[3.7553226,43.446607],[3.7551952,43.4466844]]},"properties":{"osm_id":"way/566645419","category":"road","highway":"residential","name":"Impasse Capestang"}},{"type":"Feature","geometry":{"type":"LineString","coordinates":[[3.7552865,43.4464213],[3.7551967,43.4464604]]},"properties":{"osm_id":"way/566645420","category":"road","highway":"residential","name":"Rue Saint-Pierre"}},{"type":"Feature","geometry":{"type":"LineString","coordinates":[[3.7528516,43.4513271],[3.752346,43.4510156],[3.752232,43.4510302],[3.7521261,43.4510097],[3.7520121,43.4509406],[3.7520067,43.4508968],[3.7522455,43.4507118],[3.7523366,43.4507712]]},"properties":{"osm_id":"way/566645422","category":"road","highway":"service"}},{"type":"Feature","geometry":{"type":"LineString","coordinates":[[3.7531064,43.4506592],[3.7532969,43.4505171]]},"properties":{"osm_id":"way/566645423","category":"road","highway":"service"}},{"type":"Feature","geometry":{"type":"LineString","coordinates":[[3.7532566,43.4507605],[3.7534484,43.4506212]]},"properties":{"osm_id":"way/566645424","category":"road","highway":"service"}},{"type":"Feature","geometry":{"type":"LineString","coordinates":[[3.7534868,43.4509169],[3.7532566,43.4507605],[3.7531064,43.4506592],[3.7530863,43.4506446]]},"properties":{"osm_id":"way/566645425","category":"road","highway":"service"}},{"type":"Feature","geometry":{"type":"LineString","coordinates":[[3.7532665,43.4502613],[3.7529777,43.4504937],[3.7528557,43.450592],[3.7528074,43.450593],[3.7524528,43.4503519]]},"properties":{"osm_id":"way/566645426","category":"road","highway":"service"}},{"type":"Feature","geometry":{"type":"LineString","coordinates":[[3.7525889,43.450249],[3.7529777,43.4504937]]},"properties":{"osm_id":"way/566645427","category":"road","highway":"service"}},{"type":"Feature","geometry":{"type":"LineString","coordinates":[[3.7517947,43.4494503],[3.7513912,43.4491939]]},"properties":{"osm_id":"way/566645428","category":"road","highway":"service"}},{"type":"Feature","geometry":{"type":"LineString","coordinates":[[3.7517508,43.4495527],[3.7521677,43.4498433]]},"properties":{"osm_id":"way/566645429","category":"road","highway":"service"}},{"type":"Feature","geometry":{"type":"LineString","coordinates":[[3.7510586,43.4491774],[3.750903,43.4493088],[3.7509097,43.4493293],[3.7512906,43.449599],[3.7516862,43.4496837]]},"properties":{"osm_id":"way/566645430","category":"road","highway":"service"}},{"type":"Feature","geometry":{"type":"LineString","coordinates":[[3.7609916,43.4444704],[3.7609791,43.4444293],[3.7609908,43.4443013],[3.7610444,43.4442399],[3.7610619,43.4440764]]},"properties":{"osm_id":"way/566714301","category":"road","highway":"service"}},{"type":"Feature","geometry":{"type":"LineString","coordinates":[[3.7620154,43.4443617],[3.7626068,43.4443227]]},"properties":{"osm_id":"way/566714302","category":"road","highway":"service"}},{"type":"Feature","geometry":{"type":"LineString","coordinates":[[3.7622944,43.4441713],[3.7619832,43.4441956]]},"properties":{"osm_id":"way/566714303","category":"road","highway":"service"}},{"type":"Feature","geometry":{"type":"LineString","coordinates":[[3.7620006,43.4443042],[3.7617552,43.4443305]]},"properties":{"osm_id":"way/566714304","category":"road","highway":"service"}},{"type":"Feature","geometry":{"type":"LineString","coordinates":[[3.7621495,43.4435895],[3.7621913,43.4437666],[3.7623198,43.4440481],[3.7623695,43.444091],[3.7623936,43.4440968],[3.7626404,43.4440715],[3.7626591,43.4440452],[3.7626229,43.4437171]]},"properties":{"osm_id":"way/566714305","category":"road","highway":"service"}},{"type":"Feature","geometry":{"type":"LineString","coordinates":[[3.7620446,43.4445329],[3.7620315,43.4443957],[3.7620154,43.4443617],[3.7620006,43.4443042],[3.7619832,43.4441956],[3.7619095,43.4437989]]},"properties":{"osm_id":"way/566714306","category":"road","highway":"service"}},{"type":"Feature","geometry":{"type":"LineString","coordinates":[[3.7626229,43.4437171],[3.7621913,43.4437666],[3.7619095,43.4437989],[3.7612845,43.4438748],[3.7611987,43.4439839],[3.761078,43.4440033],[3.7610619,43.4440764]]},"properties":{"osm_id":"way/566714307","category":"road","highway":"service"}},{"type":"Feature","geometry":{"type":"LineString","coordinates":[[3.7634678,43.4450807],[3.7633377,43.4450617],[3.7630856,43.4450887],[3.7626802,43.4451162],[3.7623541,43.4451405],[3.762232,43.4451179],[3.7620466,43.4451373],[3.7616147,43.4451392]]},"properties":{"osm_id":"way/567532814","category":"track","highway":"track"}},{"type":"Feature","geometry":{"type":"LineString","coordinates":[[3.76362,43.4450768],[3.7634678,43.4450807]]},"properties":{"osm_id":"way/567532815","category":"track","highway":"track"}},{"type":"Feature","geometry":{"type":"Polygon","coordinates":[[[3.7627101,43.4558298],[3.7627891,43.4559752],[3.7628281,43.4560556],[3.7619993,43.4562231],[3.7621495,43.4564528],[3.7638097,43.4561315],[3.7634182,43.4556166],[3.7627101,43.4558298]]]},"properties":{"osm_id":"way/567532818","category":"industrial","landuse":"industrial"}},{"type":"Feature","geometry":{"type":"LineString","coordinates":[[3.7447739,43.4443116],[3.7452998,43.4446399],[3.745478,43.4444889]]},"properties":{"osm_id":"way/569645023","category":"road","highway":"residential","name":"Impasse de Chypre"}},{"type":"Feature","geometry":{"type":"LineString","coordinates":[[3.745478,43.4444889],[3.7455049,43.444466]]},"properties":{"osm_id":"way/569645029","category":"road","highway":"service","name":"Impasse de Chypre"}},{"type":"Feature","geometry":{"type":"LineString","coordinates":[[3.7455049,43.444466],[3.7455116,43.4444602],[3.7455267,43.4444473],[3.7457137,43.4442877],[3.7456141,43.444225],[3.7455621,43.4442699],[3.7454271,43.4443866],[3.7455267,43.4444473]]},"properties":{"osm_id":"way/569645031","category":"road","highway":"service","access":"destination"}},{"type":"Feature","geometry":{"type":"LineString","coordinates":[[3.7455621,43.4442699],[3.7453945,43.4441623]]},"properties":{"osm_id":"way/569645033","category":"road","highway":"service","access":"destination"}},{"type":"Feature","geometry":{"type":"LineString","coordinates":[[3.7455116,43.4444602],[3.7455896,43.4445119],[3.7457636,43.4446273],[3.7457352,43.4446506],[3.7458531,43.4447245]]},"properties":{"osm_id":"way/569645036","category":"road","highway":"service","access":"destination"}},{"type":"Feature","geometry":{"type":"LineString","coordinates":[[3.7455896,43.4445119],[3.7458034,43.4443352],[3.7458441,43.4443588],[3.7460504,43.4441869]]},"properties":{"osm_id":"way/569645038","category":"road","highway":"service","access":"destination"}},{"type":"Feature","geometry":{"type":"LineString","coordinates":[[3.7457636,43.4446273],[3.745841,43.4445654],[3.7459162,43.4446126],[3.7459894,43.4445529]]},"properties":{"osm_id":"way/569645041","category":"road","highway":"service","access":"destination"}},{"type":"Feature","geometry":{"type":"LineString","coordinates":[[3.7600081,43.4559943],[3.7600943,43.4559965],[3.7601734,43.4560179],[3.7607831,43.4564481]]},"properties":{"osm_id":"way/569951672","category":"road","highway":"residential","name":"Impasse du Jeu de Mail"}},{"type":"Feature","geometry":{"type":"LineString","coordinates":[[3.7596635,43.4567958],[3.7596882,43.4567523],[3.7598594,43.456338],[3.7600081,43.4559943]]},"properties":{"osm_id":"way/569951674","category":"road","highway":"residential","name":"Rue des Crozes","surface":"asphalt"}},{"type":"Feature","geometry":{"type":"LineString","coordinates":[[3.7519934,43.4432538],[3.7517291,43.4435603]]},"properties":{"osm_id":"way/571003796","category":"road","highway":"residential","name":"Impasse Mozart"}},{"type":"Feature","geometry":{"type":"LineString","coordinates":[[3.7439959,43.4439436],[3.7440017,43.4439741],[3.7440473,43.4441153],[3.7442015,43.4442117]]},"properties":{"osm_id":"way/571003827","category":"road","highway":"service"}},{"type":"Feature","geometry":{"type":"LineString","coordinates":[[3.7424366,43.4476463],[3.7423883,43.4476103],[3.742327,43.4472456]]},"properties":{"osm_id":"way/571003828","category":"road","highway":"residential","name":"Rue Chateaubriand","surface":"asphalt"}},{"type":"Feature","geometry":{"type":"LineString","coordinates":[[3.7424428,43.4472347],[3.7425064,43.4476069],[3.7424366,43.4476463]]},"properties":{"osm_id":"way/571003829","category":"road","highway":"residential","name":"Rue Chateaubriand","surface":"asphalt"}},{"type":"Feature","geometry":{"type":"LineString","coordinates":[[3.7478637,43.4464139],[3.7480438,43.4462847],[3.7483308,43.4460627]]},"properties":{"osm_id":"way/571003830","category":"road","highway":"residential","name":"Impasse La Fontaine"}},{"type":"Feature","geometry":{"type":"LineString","coordinates":[[3.7548562,43.4517927],[3.7550376,43.4519005],[3.7549644,43.4519691],[3.7547855,43.4518704],[3.7548562,43.4517927]]},"properties":{"osm_id":"way/571003831","category":"road","highway":"service","name":"R\u00e9sidence L'Enclos","access":"private"}},{"type":"Feature","geometry":{"type":"LineString","coordinates":[[3.7548593,43.4497072],[3.7549986,43.4495988],[3.7550688,43.4495392]]},"properties":{"osm_id":"way/571003835","category":"road","highway":"service"}},{"type":"Feature","geometry":{"type":"LineString","coordinates":[[3.7548486,43.4498785],[3.7549478,43.4499339],[3.7551862,43.4497183]]},"properties":{"osm_id":"way/571003836","category":"road","highway":"service"}},{"type":"Feature","geometry":{"type":"LineString","coordinates":[[3.754899,43.4495344],[3.7549986,43.4495988],[3.7550946,43.4496608],[3.7551862,43.4497183],[3.7552759,43.4497745]]},"properties":{"osm_id":"way/571003837","category":"road","highway":"service"}},{"type":"Feature","geometry":{"type":"LineString","coordinates":[[3.7501574,43.4538851],[3.7504134,43.4540556],[3.7504181,43.4541556]]},"properties":{"osm_id":"way/572050347","category":"road","highway":"residential","name":"Impasse des Pinsons"}},{"type":"Feature","geometry":{"type":"LineString","coordinates":[[3.7575975,43.4420567],[3.7572381,43.4417179],[3.7571524,43.4416106],[3.7569112,43.4413772],[3.7568548,43.4412253],[3.756769,43.4407696],[3.7567468,43.4406828],[3.7566,43.4401074],[3.7566349,43.4398328],[3.756659,43.4396264],[3.7563935,43.4393362],[3.7561387,43.4390889],[3.7555218,43.43912],[3.7551972,43.4390382],[3.75487,43.4390226],[3.7542075,43.4390752]]},"properties":{"osm_id":"way/572306447","category":"road","highway":"residential","name":"Rue de la Renaissance","access":"no"}},{"type":"Feature","geometry":{"type":"LineString","coordinates":[[3.7518962,43.4414651],[3.7518445,43.4415145],[3.7514348,43.4418652]]},"properties":{"osm_id":"way/573723023","category":"road","highway":"residential","name":"Impasse Berlioz","surface":"asphalt"}},{"type":"Feature","geometry":{"type":"LineString","coordinates":[[3.7564783,43.4432665],[3.7565979,43.4431812],[3.7569855,43.4430061],[3.7570784,43.4429472],[3.7571258,43.4428955]]},"properties":{"osm_id":"way/577962574","category":"road","highway":"residential","name":"Impasse Joseph Delteil"}},{"type":"Feature","geometry":{"type":"LineString","coordinates":[[3.7492648,43.4546543],[3.748711,43.4543948],[3.7486549,43.45441]]},"properties":{"osm_id":"way/577971504","category":"road","highway":"residential","name":"Impasse des Florentines"}},{"type":"Feature","geometry":{"type":"LineString","coordinates":[[3.7505417,43.4523088],[3.75011,43.4526892],[3.7496584,43.4530873]]},"properties":{"osm_id":"way/577972574","category":"road","highway":"residential","name":"Impasse des Alouettes"}},{"type":"Feature","geometry":{"type":"LineString","coordinates":[[3.7494168,43.4529948],[3.7494505,43.4530156],[3.7495552,43.4530805],[3.7496021,43.4530912],[3.7496584,43.4530873],[3.7501731,43.453391],[3.7502646,43.4534105],[3.7503666,43.4534158]]},"properties":{"osm_id":"way/577972575","category":"road","highway":"residential","name":"Rue des Rossignols"}},{"type":"Feature","geometry":{"type":"LineString","coordinates":[[3.7494168,43.4529948],[3.7491372,43.4532142],[3.7490375,43.453246],[3.7489155,43.4532947],[3.7487961,43.4533278],[3.7487344,43.4533356],[3.7486821,43.4533122]]},"properties":{"osm_id":"way/577974122","category":"road","highway":"service","name":"Impasse des Tourterelles"}},{"type":"Feature","geometry":{"type":"LineString","coordinates":[[3.7494168,43.4529948],[3.7493666,43.4529651],[3.748854,43.4526782],[3.7487826,43.4526331],[3.7486196,43.4525303],[3.7484492,43.4524228],[3.7486021,43.4522748],[3.7487582,43.4521875],[3.7488945,43.4521112]]},"properties":{"osm_id":"way/577974123","category":"road","highway":"service","name":"Impasse des Merles"}},{"type":"Feature","geometry":{"type":"LineString","coordinates":[[3.7600081,43.4559943],[3.7600869,43.4557505],[3.7602334,43.4553431],[3.7602415,43.455295],[3.7602996,43.4549512],[3.7602996,43.45491],[3.7602996,43.4544761],[3.7602989,43.4542325]]},"properties":{"osm_id":"way/583115094","category":"road","highway":"residential","name":"Rue des Crozes","surface":"asphalt"}},{"type":"Feature","geometry":{"type":"LineString","coordinates":[[3.7416924,43.4463551],[3.7412739,43.4466667]]},"properties":{"osm_id":"way/583422773","category":"road","highway":"residential","name":"Rue du Souvenir Fran\u00e7ais","surface":"asphalt"}},{"type":"Feature","geometry":{"type":"LineString","coordinates":[[3.7497336,43.4407452],[3.7496853,43.4407744],[3.7496451,43.44083],[3.7496437,43.4408475],[3.7496746,43.4409195],[3.7497255,43.4409634],[3.7497671,43.4410413]]},"properties":{"osm_id":"way/623201200","category":"road","highway":"service"}},{"type":"Feature","geometry":{"type":"LineString","coordinates":[[3.7494265,43.4405125],[3.7496826,43.4406683],[3.7497121,43.4406936],[3.7497336,43.4407452],[3.7499548,43.4411912],[3.7499508,43.4412048],[3.7498623,43.4412847]]},"properties":{"osm_id":"way/623201202","category":"road","highway":"service"}},{"type":"Feature","geometry":{"type":"LineString","coordinates":[[3.7549478,43.4435896],[3.7549062,43.4436518],[3.7547893,43.4437587],[3.7546039,43.4439155]]},"properties":{"osm_id":"way/623201211","category":"road","highway":"residential","name":"Impasse des Gerbiers"}},{"type":"Feature","geometry":{"type":"LineString","coordinates":[[3.7531172,43.4433695],[3.7531136,43.4433894],[3.7530998,43.4434068],[3.7530779,43.443419],[3.7530511,43.4434243],[3.7530237,43.4434217],[3.7529997,43.4434116],[3.7529829,43.4433957],[3.7529757,43.4433763],[3.7529792,43.4433564],[3.752993,43.443339],[3.753015,43.4433267],[3.7530417,43.4433215],[3.7530691,43.4433241],[3.7530931,43.4433341],[3.75311,43.4433501],[3.7531172,43.4433695]]},"properties":{"osm_id":"way/623201213","category":"road","highway":"residential","name":"Impasse de la Tramontane"}},{"type":"Feature","geometry":{"type":"LineString","coordinates":[[3.760103,43.4454551],[3.759816,43.4453568]]},"properties":{"osm_id":"way/623201221","category":"road","highway":"service","surface":"asphalt"}},{"type":"Feature","geometry":{"type":"LineString","coordinates":[[3.7603645,43.445088],[3.760103,43.4454551],[3.7600314,43.4455825]]},"properties":{"osm_id":"way/623201223","category":"road","highway":"service","surface":"asphalt"}},{"type":"Feature","geometry":{"type":"LineString","coordinates":[[3.7608325,43.445281],[3.7607829,43.4453295],[3.76049,43.4457461]]},"properties":{"osm_id":"way/623201225","category":"road","highway":"service","surface":"asphalt"}},{"type":"Feature","geometry":{"type":"LineString","coordinates":[[3.7605536,43.4451669],[3.760221,43.4456499]]},"properties":{"osm_id":"way/623201227","category":"road","highway":"service","surface":"asphalt"}},{"type":"Feature","geometry":{"type":"LineString","coordinates":[[3.7594955,43.4446869],[3.7593466,43.4448729]]},"properties":{"osm_id":"way/623201228","category":"road","highway":"service"}},{"type":"Feature","geometry":{"type":"LineString","coordinates":[[3.7592299,43.4445759],[3.7591508,43.4446713]]},"properties":{"osm_id":"way/623201230","category":"road","highway":"service"}},{"type":"Feature","geometry":{"type":"LineString","coordinates":[[3.7579915,43.4467244],[3.7582536,43.4469565]]},"properties":{"osm_id":"way/623201232","category":"road","highway":"service","surface":"asphalt"}},{"type":"Feature","geometry":{"type":"LineString","coordinates":[[3.7584376,43.4465665],[3.7583961,43.4465156]]},"properties":{"osm_id":"way/623201233","category":"road","highway":"secondary","name":"Boulevard de la R\u00e9publique","ref":"D 129E3","surface":"asphalt"}},{"type":"Feature","geometry":{"type":"LineString","coordinates":[[3.7573175,43.4480967],[3.757332,43.4481146],[3.757361,43.4481502],[3.7575549,43.4483887],[3.7576903,43.4485445]]},"properties":{"osm_id":"way/623201236","category":"road","highway":"service","name":"R\u00e9sidence Le Vincenot","access":"private"}},{"type":"Feature","geometry":{"type":"LineString","coordinates":[[3.7585084,43.4575476],[3.7585645,43.4574803],[3.7586327,43.4574057],[3.7587207,43.4573404],[3.758756,43.4572807],[3.75876,43.4572142],[3.7587232,43.457155],[3.7586625,43.4570924],[3.7585847,43.4570142],[3.758493,43.4569799],[3.7583439,43.4569599],[3.7582429,43.4569465],[3.7581467,43.4569314],[3.7580579,43.456939],[3.7578759,43.4569717],[3.7577011,43.4570148],[3.7575578,43.4570717],[3.7574291,43.4571495],[3.7572649,43.4572695],[3.7571247,43.4573876]]},"properties":{"osm_id":"way/654433691","category":"road","highway":"residential","name":"Rue de la Pin\u00e8de"}},{"type":"Feature","geometry":{"type":"LineString","coordinates":[[3.7585084,43.4575476],[3.7584029,43.4576556],[3.7581892,43.4578441],[3.7580107,43.4579747],[3.7578295,43.4580773],[3.7576412,43.4581853],[3.7574451,43.458253],[3.7573111,43.4582871],[3.7571551,43.4582899],[3.757035,43.4582837],[3.7569071,43.4582373],[3.7568392,43.4581818],[3.7567536,43.4580564],[3.7567258,43.4579447],[3.7567867,43.4578412]]},"properties":{"osm_id":"way/654433692","category":"road","highway":"residential","name":"Rue de la Pin\u00e8de"}},{"type":"Feature","geometry":{"type":"LineString","coordinates":[[3.7571247,43.4573876],[3.7570153,43.457474],[3.7568944,43.4575955],[3.7568035,43.4576943],[3.756771,43.4577768],[3.7567867,43.4578412]]},"properties":{"osm_id":"way/654433693","category":"road","highway":"residential","name":"Rue de la Pin\u00e8de"}},{"type":"Feature","geometry":{"type":"LineString","coordinates":[[3.7567867,43.4578412],[3.7569241,43.4578612],[3.7571066,43.4578635],[3.7572147,43.4578715],[3.7573557,43.4578181],[3.7574314,43.4577249],[3.7575,43.4576423],[3.7575642,43.4575911],[3.7576433,43.4575819],[3.7577154,43.4575849],[3.7577588,43.4576021],[3.7578208,43.4575684],[3.7579112,43.4574996],[3.7580184,43.4574307],[3.7580783,43.4574181],[3.7582323,43.4574468],[3.7583482,43.4575003],[3.7585084,43.4575476]]},"properties":{"osm_id":"way/654433694","category":"road","highway":"residential","name":"Rue de la Pin\u00e8de"}},{"type":"Feature","geometry":{"type":"LineString","coordinates":[[3.7606844,43.4545164],[3.7610295,43.4543879],[3.7615515,43.4541297]]},"properties":{"osm_id":"way/654433695","category":"road","highway":"residential","name":"Impasse Denis Papin"}},{"type":"Feature","geometry":{"type":"LineString","coordinates":[[3.7426465,43.4479457],[3.7424774,43.4478278],[3.7424507,43.4477997],[3.7424366,43.4476463]]},"properties":{"osm_id":"way/654438530","category":"road","highway":"residential","name":"Rue Chateaubriand","surface":"asphalt"}},{"type":"Feature","geometry":{"type":"LineString","coordinates":[[3.7598874,43.4550813],[3.7599134,43.455113],[3.7601329,43.4552516],[3.7601923,43.4552831],[3.7602415,43.455295]]},"properties":{"osm_id":"way/654438531","category":"road","highway":"residential","name":"Rue des Lauriers"}},{"type":"Feature","geometry":{"type":"LineString","coordinates":[[3.7519318,43.4521293],[3.7510371,43.4516036],[3.7509688,43.4515022]]},"properties":{"osm_id":"way/673722998","category":"road","highway":"service"}},{"type":"Feature","geometry":{"type":"LineString","coordinates":[[3.7537678,43.4534739],[3.7537301,43.4535102],[3.7536925,43.4535445],[3.7536077,43.453689],[3.7535457,43.4538004],[3.7534788,43.4538288]]},"properties":{"osm_id":"way/673722999","category":"road","highway":"service"}},{"type":"Feature","geometry":{"type":"LineString","coordinates":[[3.7538788,43.4542747],[3.754107,43.4544009],[3.7542049,43.4544056],[3.7544317,43.4545312]]},"properties":{"osm_id":"way/673723000","category":"road","highway":"service"}},{"type":"Feature","geometry":{"type":"LineString","coordinates":[[3.7537502,43.4546542],[3.7540792,43.4549801],[3.7540727,43.4550559]]},"properties":{"osm_id":"way/673723001","category":"road","highway":"service"}},{"type":"Feature","geometry":{"type":"LineString","coordinates":[[3.7583394,43.4438938],[3.7583348,43.4439898]]},"properties":{"osm_id":"way/685734757","category":"road","highway":"secondary","ref":"D 129","surface":"asphalt"}},{"type":"Feature","geometry":{"type":"LineString","coordinates":[[3.7583394,43.4438938],[3.758385,43.4439298],[3.7585601,43.4440017],[3.7587245,43.4440599]]},"properties":{"osm_id":"way/685734758","category":"road","highway":"unclassified","name":"Quai du Caramus","surface":"asphalt"}},{"type":"Feature","geometry":{"type":"LineString","coordinates":[[3.7588376,43.442249],[3.7587214,43.4422586]]},"properties":{"osm_id":"way/696284417","category":"track","highway":"path","surface":"asphalt"}},{"type":"Feature","geometry":{"type":"LineString","coordinates":[[3.7592987,43.440489],[3.7593748,43.4405314]]},"properties":{"osm_id":"way/696284418","category":"track","highway":"path","surface":"asphalt"}},{"type":"Feature","geometry":{"type":"LineString","coordinates":[[3.758891,43.4441113],[3.7589874,43.4441378],[3.7590763,43.4441542],[3.7591324,43.4441697],[3.7591543,43.4441757]]},"properties":{"osm_id":"way/696284925","category":"road","highway":"unclassified","name":"Quai du Caramus","surface":"asphalt"}},{"type":"Feature","geometry":{"type":"LineString","coordinates":[[3.7587245,43.4440599],[3.758891,43.4441113]]},"properties":{"osm_id":"way/696284926","category":"road","highway":"unclassified","name":"Quai du Caramus","surface":"asphalt"}},{"type":"Feature","geometry":{"type":"LineString","coordinates":[[3.7515971,43.4524558],[3.7516185,43.4524921],[3.751617,43.4525316],[3.7515927,43.452567]]},"properties":{"osm_id":"way/708291637","category":"road","highway":"residential","surface":"asphalt"}},{"type":"Feature","geometry":{"type":"LineString","coordinates":[[3.755324,43.4476327],[3.7553738,43.4476521],[3.7554123,43.4476822],[3.7554351,43.4477198],[3.7554399,43.4477607],[3.7554262,43.4478005]]},"properties":{"osm_id":"way/708291639","category":"road","highway":"secondary","name":"Rond-Point Gambetta","surface":"asphalt"}},{"type":"Feature","geometry":{"type":"LineString","coordinates":[[3.7514126,43.4525796],[3.7513845,43.4525552],[3.7513695,43.4525253],[3.7513694,43.4524936]]},"properties":{"osm_id":"way/708291641","category":"road","highway":"residential","surface":"asphalt"}},{"type":"Feature","geometry":{"type":"LineString","coordinates":[[3.7513694,43.4524936],[3.7513853,43.4524623],[3.7514155,43.4524373],[3.751456,43.4524216]]},"properties":{"osm_id":"way/708291651","category":"road","highway":"residential","surface":"asphalt"}},{"type":"Feature","geometry":{"type":"LineString","coordinates":[[3.7467479,43.4500665],[3.7470387,43.4501665],[3.7473522,43.4502742],[3.7478185,43.4504451],[3.7480705,43.4505719],[3.7482863,43.4506908],[3.7483569,43.4507233],[3.7484739,43.450777]]},"properties":{"osm_id":"way/708291655","category":"road","highway":"residential","name":"Avenue Pierre Curie","surface":"asphalt"}},{"type":"Feature","geometry":{"type":"LineString","coordinates":[[3.7512871,43.4488475],[3.7513035,43.4488662],[3.7513106,43.4488877],[3.7513076,43.4489098],[3.7512947,43.4489299]]},"properties":{"osm_id":"way/708291659","category":"road","highway":"secondary"}},{"type":"Feature","geometry":{"type":"LineString","coordinates":[[3.7552565,43.4478749],[3.7552099,43.4478676],[3.7551678,43.4478513],[3.7551336,43.4478272]]},"properties":{"osm_id":"way/708291661","category":"road","highway":"secondary","name":"Rond-Point Gambetta","surface":"asphalt"}},{"type":"Feature","geometry":{"type":"LineString","coordinates":[[3.7551015,43.4477779],[3.7550984,43.4477374],[3.7551132,43.4476984],[3.7551446,43.4476649]]},"properties":{"osm_id":"way/708291662","category":"road","highway":"secondary","name":"Rond-Point Gambetta","surface":"asphalt"}},{"type":"Feature","geometry":{"type":"LineString","coordinates":[[3.751456,43.4524216],[3.7514951,43.4524174],[3.7515342,43.4524221],[3.7515693,43.4524353],[3.7515971,43.4524558]]},"properties":{"osm_id":"way/708291665","category":"road","highway":"residential","surface":"asphalt"}},{"type":"Feature","geometry":{"type":"LineString","coordinates":[[3.7538154,43.4468555],[3.7537304,43.4467924],[3.7536705,43.4467479],[3.7535671,43.4466711],[3.7533551,43.446522],[3.7532992,43.4464826]]},"properties":{"osm_id":"way/708291674","category":"road","highway":"secondary","name":"Avenue du G\u00e9n\u00e9ral de Gaulle","surface":"asphalt"}},{"type":"Feature","geometry":{"type":"LineString","coordinates":[[3.7511581,43.4489418],[3.7511284,43.4489014],[3.7511418,43.4488566]]},"properties":{"osm_id":"way/708291678","category":"road","highway":"secondary"}},{"type":"Feature","geometry":{"type":"LineString","coordinates":[[3.7554262,43.4478005],[3.755409,43.4478226],[3.7553859,43.4478418]]},"properties":{"osm_id":"way/708291681","category":"road","highway":"secondary","name":"Rond-Point Gambetta","surface":"asphalt"}},{"type":"Feature","geometry":{"type":"LineString","coordinates":[[3.7511418,43.4488566],[3.7511841,43.4488307],[3.7512392,43.4488273],[3.7512871,43.4488475]]},"properties":{"osm_id":"way/708291686","category":"road","highway":"secondary"}},{"type":"Feature","geometry":{"type":"LineString","coordinates":[[3.7551446,43.4476649],[3.7551827,43.447643],[3.7552278,43.4476298],[3.7552762,43.4476262],[3.755324,43.4476327]]},"properties":{"osm_id":"way/708291687","category":"road","highway":"secondary","name":"Rond-Point Gambetta","surface":"asphalt"}},{"type":"Feature","geometry":{"type":"LineString","coordinates":[[3.7551336,43.4478272],[3.7551138,43.4478038],[3.7551015,43.4477779]]},"properties":{"osm_id":"way/708291688","category":"road","highway":"secondary","name":"Rond-Point Gambetta","surface":"asphalt"}},{"type":"Feature","geometry":{"type":"LineString","coordinates":[[3.7487026,43.4411776],[3.7487248,43.4411535],[3.7487494,43.4411411],[3.7487936,43.4411343],[3.7488276,43.4411397],[3.7488594,43.4411558],[3.7488801,43.4411808],[3.7488848,43.441209],[3.748876,43.4412326],[3.7488601,43.4412496],[3.7488322,43.4412647],[3.7488007,43.4412713],[3.7487676,43.4412696],[3.7487357,43.441259],[3.7487128,43.4412421],[3.7487006,43.4412243],[3.748696,43.4412006],[3.7487026,43.4411776]]},"properties":{"osm_id":"way/779925267","category":"road","highway":"residential","surface":"asphalt"}},{"type":"Feature","geometry":{"type":"LineString","coordinates":[[3.7488322,43.4412647],[3.7488903,43.4413377],[3.7489558,43.4414204],[3.7490458,43.4415832],[3.7490767,43.4416597],[3.7490831,43.4417161],[3.7490764,43.4418183],[3.7490644,43.4418898],[3.7490335,43.4419819],[3.749018,43.4420256],[3.7489437,43.4421289],[3.7488941,43.4421697],[3.748408,43.4425003]]},"properties":{"osm_id":"way/779925271","category":"road","highway":"residential","name":"Rue de la Gendarmerie","surface":"asphalt"}},{"type":"Feature","geometry":{"type":"LineString","coordinates":[[3.7594752,43.440156],[3.7595798,43.4399398],[3.7597718,43.4395359],[3.7597695,43.4395077]]},"properties":{"osm_id":"way/779925276","category":"track","highway":"path","surface":"asphalt"}},{"type":"Feature","geometry":{"type":"LineString","coordinates":[[3.7551976,43.4427783],[3.7552407,43.4428459],[3.7552446,43.442852],[3.7555848,43.4433853],[3.7556799,43.4434972],[3.7559243,43.4436061]]},"properties":{"osm_id":"way/779963255","category":"road","highway":"residential","name":"Quai Voltaire","surface":"asphalt"}},{"type":"Feature","geometry":{"type":"LineString","coordinates":[[3.7530428,43.4421167],[3.7529965,43.4421231],[3.7529509,43.4421114],[3.7528785,43.4420647],[3.7527649,43.4419908],[3.7525702,43.4418728],[3.7524721,43.4418134],[3.7523151,43.4417146],[3.7519772,43.4415135],[3.7519271,43.4414836],[3.7518962,43.4414651],[3.751604,43.4412943],[3.7515764,43.4412759],[3.7514381,43.4411835],[3.7512825,43.4410676],[3.7511425,43.4409529],[3.7510183,43.4408358],[3.7508389,43.4406616],[3.750382,43.4402568],[3.7502212,43.4401344],[3.7501614,43.4400948],[3.7500916,43.4400763],[3.7500289,43.4400701]]},"properties":{"osm_id":"way/779963258","category":"road","highway":"residential","name":"Rue de l'Industrie","surface":"asphalt"}},{"type":"Feature","geometry":{"type":"Polygon","coordinates":[[[3.758907,43.4407443],[3.759127,43.4402758],[3.7592565,43.4400002],[3.7596162,43.4393135],[3.758193,43.4396152],[3.7582684,43.4402262],[3.758907,43.4407443]]]},"properties":{"osm_id":"way/796865148","category":"critical_asset","name":"Centre d'incendie et de secours de Frontignan la Peyrade","ref":"FRON","amenity":"fire_station"}},{"type":"Feature","geometry":{"type":"LineString","coordinates":[[3.7554574,43.4597724],[3.7553233,43.4597344],[3.7550604,43.4597529]]},"properties":{"osm_id":"way/830351625","category":"road","highway":"service","name":"Rue du Bouton d'Or"}},{"type":"Feature","geometry":{"type":"LineString","coordinates":[[3.7671947,43.462166],[3.7670419,43.4620453],[3.7668876,43.4619208],[3.766838,43.4618808]]},"properties":{"osm_id":"way/830351638","category":"road","highway":"service","name":"R\u00e9sidence Le Triangle Barnier","access":"private"}},{"type":"Feature","geometry":{"type":"LineString","coordinates":[[3.7660782,43.4627867],[3.7661473,43.4627676],[3.7664102,43.462716],[3.7666865,43.4625778],[3.7668005,43.4624717],[3.7668134,43.4624474],[3.7668568,43.4623656],[3.766893,43.4622468],[3.7670419,43.4620453]]},"properties":{"osm_id":"way/830351639","category":"road","highway":"service","name":"R\u00e9sidence Le Triangle Barnier","access":"private"}},{"type":"Feature","geometry":{"type":"LineString","coordinates":[[3.7571727,43.4599086],[3.7572552,43.4599082],[3.7576662,43.460007],[3.7576394,43.4600586],[3.75741,43.4600917],[3.7573329,43.4601131]]},"properties":{"osm_id":"way/830351640","category":"road","highway":"service","name":"Impasse de la Marjolaine"}},{"type":"Feature","geometry":{"type":"LineString","coordinates":[[3.760996,43.4603397],[3.7612067,43.4606465],[3.7613274,43.4606572],[3.7616748,43.4608656],[3.761778,43.4608938]]},"properties":{"osm_id":"way/830351641","category":"road","highway":"service","name":"Impasse Mazarin"}},{"type":"Feature","geometry":{"type":"LineString","coordinates":[[3.7607121,43.4604006],[3.760996,43.4603397],[3.7610632,43.4603253]]},"properties":{"osm_id":"way/830351642","category":"road","highway":"residential","name":"Impasse Sully","surface":"asphalt"}},{"type":"Feature","geometry":{"type":"LineString","coordinates":[[3.7590368,43.4478795],[3.7591245,43.4479363],[3.7592205,43.4479983],[3.7593493,43.448084],[3.7594646,43.4482281],[3.7595102,43.4483547],[3.7596232,43.4487345],[3.7596336,43.4487694],[3.7598227,43.4493078],[3.760052,43.449929],[3.760103,43.4500634],[3.7600949,43.450114],[3.7599787,43.4504112],[3.7600306,43.4504294],[3.7600547,43.4504509],[3.7600909,43.4505297],[3.760412,43.4512708],[3.7604491,43.4513564],[3.7604829,43.4514334],[3.7607428,43.4520264],[3.7607663,43.4520799],[3.7607842,43.4521069],[3.760799,43.4521397],[3.7609815,43.4525437],[3.7610152,43.452625],[3.7611479,43.452727],[3.7615339,43.4529588],[3.7615661,43.4529929],[3.761609,43.4530581],[3.7619296,43.4535517],[3.7621402,43.4539003],[3.7622345,43.4540494],[3.7623242,43.4541981],[3.76245,43.4544087]]},"properties":{"osm_id":"way/830713259","category":"road","highway":"residential","name":"Boulevard des R\u00e9publicains Espagnols","surface":"asphalt"}},{"type":"Feature","geometry":{"type":"LineString","coordinates":[[3.7610152,43.452625],[3.7609181,43.4526388],[3.7601861,43.4528021]]},"properties":{"osm_id":"way/830713264","category":"road","highway":"residential","name":"Impasse des 2 Palais"}},{"type":"Feature","geometry":{"type":"LineString","coordinates":[[3.7636135,43.4586925],[3.7636825,43.4586645],[3.7647472,43.4582431],[3.7645514,43.4579569],[3.7645903,43.4579413]]},"properties":{"osm_id":"way/831284603","category":"road","highway":"service","name":"R\u00e9sidence Les Jardins de la Gardiole","access":"private"}},{"type":"Feature","geometry":{"type":"LineString","coordinates":[[3.7615843,43.4557822],[3.7615058,43.4558054],[3.7614808,43.455815],[3.7608553,43.4560566]]},"properties":{"osm_id":"way/831284635","category":"road","highway":"service","name":"R\u00e9sidence Sous Les Pins","access":"private"}},{"type":"Feature","geometry":{"type":"LineString","coordinates":[[3.7621852,43.4545194],[3.7624124,43.4549069],[3.7626873,43.4548163],[3.7624861,43.4544629],[3.76245,43.4544087]]},"properties":{"osm_id":"way/831284663","category":"road","highway":"residential","name":"Rue de l'Enracinement"}},{"type":"Feature","geometry":{"type":"LineString","coordinates":[[3.7674282,43.4602177],[3.7685287,43.4596423]]},"properties":{"osm_id":"way/845026661","category":"track","highway":"track"}},{"type":"Feature","geometry":{"type":"Polygon","coordinates":[[[3.773762,43.4668283],[3.7739349,43.4667698],[3.7742289,43.4665815],[3.7749493,43.466113],[3.7750473,43.4660252],[3.7751857,43.4659038],[3.7755545,43.4656528],[3.7758485,43.4654813],[3.7761079,43.4653893],[3.7760963,43.4652722],[3.7762289,43.4651676],[3.7764191,43.4650002],[3.7766151,43.4649333],[3.7768168,43.4651634],[3.7771338,43.4653475],[3.7772376,43.4653391],[3.7775085,43.4656738],[3.7775488,43.4660377],[3.7768399,43.4664226],[3.7769782,43.4665146],[3.7770531,43.4665564],[3.7772434,43.4665313],[3.7773298,43.4664477],[3.7773759,43.4663389],[3.7774912,43.4664686],[3.7777275,43.4664895],[3.7779927,43.4664184],[3.778327,43.4664435],[3.7784711,43.4665523],[3.7784422,43.4667614],[3.7782463,43.467506],[3.7780561,43.4678658],[3.7780906,43.4679913],[3.7780388,43.4681251],[3.778131,43.4682004],[3.7783097,43.468213],[3.7784941,43.4681042],[3.7789494,43.4675688],[3.7790993,43.467619],[3.7792953,43.4676566],[3.7792434,43.4675395],[3.7791685,43.4674642],[3.779399,43.4670752],[3.779474,43.4668869],[3.7795547,43.466728],[3.779716,43.4665523],[3.779814,43.4663891],[3.7799524,43.4661967],[3.7803789,43.4662803],[3.7801887,43.4661465],[3.7803501,43.4660001],[3.7804653,43.4659331],[3.7803846,43.4658118],[3.7803731,43.4656612],[3.7803328,43.4655775],[3.780425,43.4653014],[3.7804308,43.4650923],[3.7805403,43.4649249],[3.780523,43.4647032],[3.7805114,43.4645652],[3.7808746,43.4644815],[3.7809322,43.4642933],[3.780938,43.4641343],[3.7808688,43.4640841],[3.7807881,43.4640841],[3.7808169,43.4640213],[3.780961,43.4640506],[3.7810763,43.4639335],[3.7811628,43.4637996],[3.7815259,43.4637201],[3.7818429,43.4637034],[3.7821657,43.4637034],[3.7825115,43.4636448],[3.7826729,43.4635779],[3.7827132,43.4634942],[3.7825807,43.4634984],[3.7826268,43.4633813],[3.7826902,43.4632683],[3.7825403,43.4630801],[3.7825518,43.4629755],[3.7824423,43.462896],[3.7822175,43.4629294],[3.7819409,43.4629964],[3.7818025,43.4629838],[3.7816873,43.4629462],[3.7815028,43.4630508],[3.781278,43.4631554],[3.7811628,43.4632767],[3.781059,43.4632934],[3.780863,43.4631972],[3.7806325,43.4630717],[3.780621,43.4629755],[3.7807017,43.4628876],[3.7808054,43.4628374],[3.7809034,43.462737],[3.7810302,43.462645],[3.7809726,43.4625069],[3.7808112,43.4624149],[3.7805921,43.46244],[3.7804077,43.4624902],[3.7802751,43.4626157],[3.7802405,43.4627412],[3.7800676,43.4629169],[3.7798659,43.4631135],[3.7797564,43.4632014],[3.7797218,43.4633687],[3.7796296,43.4634273],[3.7795835,43.4635193],[3.7795028,43.4636532],[3.7794451,43.4637369],[3.7794797,43.4638205],[3.7793587,43.4639126],[3.7792088,43.4640046],[3.779082,43.4640841],[3.7788284,43.4641259],[3.7787823,43.4642389],[3.7786209,43.4642974],[3.7787938,43.4643351],[3.7788976,43.4643267],[3.7789725,43.4642389],[3.7791108,43.464264],[3.7795201,43.4644062],[3.7797506,43.4644941],[3.7799869,43.464766],[3.7799293,43.4648622],[3.7800042,43.4649793],[3.7802175,43.465063],[3.7803328,43.4651843],[3.7803328,43.4653433],[3.7802636,43.465565],[3.7802463,43.4658076],[3.7800792,43.4659122],[3.7800388,43.4660879],[3.7798544,43.4661674],[3.7796815,43.4663222],[3.779595,43.4662803],[3.7795835,43.4661548],[3.7792838,43.4661381],[3.7791224,43.4662176],[3.7789149,43.4661674],[3.7787881,43.4660712],[3.7787304,43.4661716],[3.7785345,43.4660293],[3.7782808,43.4658285],[3.7780964,43.465611],[3.7779811,43.4654855],[3.7778313,43.4654144],[3.7778889,43.4652429],[3.7777102,43.4651132],[3.7776007,43.4651006],[3.7775488,43.4649835],[3.7774797,43.4647827],[3.7774912,43.4645986],[3.7776065,43.4644355],[3.7777679,43.4642765],[3.7779062,43.464218],[3.7781022,43.4642514],[3.77835,43.4642682],[3.7783731,43.4641552],[3.7783097,43.4641092],[3.7784826,43.4640757],[3.7785748,43.463992],[3.7782405,43.4639837],[3.7781022,43.4639586],[3.7780791,43.4639084],[3.7782232,43.4638916],[3.7782059,43.4638456],[3.7782059,43.4637829],[3.7783154,43.4636992],[3.7784826,43.4636406],[3.7787189,43.4634775],[3.7789091,43.4632767],[3.7789956,43.4631428],[3.7791569,43.4631177],[3.7793817,43.462942],[3.779693,43.4628207],[3.780033,43.4626533],[3.7801253,43.4625446],[3.7800907,43.4624274],[3.7799351,43.4624609],[3.7796526,43.4623103],[3.7794106,43.4620927],[3.7794106,43.4619631],[3.7795978,43.461856],[3.7791226,43.4617911],[3.7791742,43.4620174],[3.7793126,43.4624651],[3.779376,43.4627747],[3.7791742,43.4629462],[3.7788572,43.4631595],[3.7784826,43.4634022],[3.7778082,43.4639042],[3.7773759,43.4642138],[3.7767707,43.4646572],[3.7759695,43.4652094],[3.7737389,43.4667781],[3.7736467,43.4667531],[3.7734507,43.4665397],[3.7731049,43.4660712],[3.7727533,43.4655943],[3.7722403,43.4649124],[3.7722403,43.4648287],[3.7724075,43.4646112],[3.7722692,43.4644941],[3.7713066,43.4638456],[3.7710415,43.4638122],[3.7708916,43.4637201],[3.7708109,43.4636072],[3.770736,43.4628792],[3.7704766,43.4621346],[3.7697273,43.4614987],[3.7691106,43.4610552],[3.7690068,43.4610092],[3.7691567,43.4600344],[3.7691855,43.4595742],[3.7701077,43.4592771],[3.7699002,43.4592269],[3.7692777,43.4594319],[3.769197,43.4593232],[3.7690933,43.4593985],[3.7690472,43.4601264],[3.7689607,43.4607247],[3.7688916,43.4611012],[3.7697388,43.4616116],[3.7698311,43.461712],[3.7702922,43.4621011],[3.7704536,43.4623981],[3.7706553,43.4629462],[3.7705861,43.4630382],[3.7705804,43.4631679],[3.7706726,43.463239],[3.7707187,43.4635821],[3.7708224,43.4637912],[3.7709838,43.4638875],[3.7712605,43.4639251],[3.7722749,43.4645903],[3.7721251,43.4648162],[3.7721251,43.4649877],[3.7736871,43.4669204],[3.7741712,43.467552],[3.7742029,43.4675394],[3.7742346,43.4675269],[3.7737447,43.4668911],[3.773762,43.4668283]]]},"properties":{"osm_id":"way/845026662","category":"water_point","landuse":"salt_pond","natural":"water"}},{"type":"Feature","geometry":{"type":"LineString","coordinates":[[3.7553522,43.4479724],[3.755285,43.4479039],[3.7552565,43.4478749]]},"properties":{"osm_id":"way/857279141","category":"road","highway":"secondary","name":"Avenue de la Lib\u00e9ration","surface":"asphalt"}},{"type":"Feature","geometry":{"type":"LineString","coordinates":[[3.7549574,43.4588309],[3.7547909,43.4589148],[3.754712,43.4588315]]},"properties":{"osm_id":"way/864830882","category":"road","highway":"service"}},{"type":"Feature","geometry":{"type":"LineString","coordinates":[[3.7548797,43.458744],[3.754712,43.4588315],[3.7546568,43.4588602],[3.7544328,43.4588544]]},"properties":{"osm_id":"way/864830883","category":"road","highway":"service"}},{"type":"Feature","geometry":{"type":"LineString","coordinates":[[3.7551919,43.4584553],[3.7552053,43.4583287],[3.7552266,43.4582488]]},"properties":{"osm_id":"way/864830886","category":"road","highway":"residential","name":"Rue du Ch\u00e8vrefeuille","access":"private"}},{"type":"Feature","geometry":{"type":"LineString","coordinates":[[3.7437884,43.4414162],[3.7432909,43.4416489],[3.7431541,43.4416907],[3.7429985,43.4418105],[3.7428188,43.4419069]]},"properties":{"osm_id":"way/919291681","category":"road","highway":"residential","name":"Impasse des Mille Vignes"}},{"type":"Feature","geometry":{"type":"LineString","coordinates":[[3.7492937,43.4444201],[3.7496746,43.444126],[3.7497175,43.444054],[3.7497171,43.4439933]]},"properties":{"osm_id":"way/919623924","category":"road","highway":"service","name":"Impasse de l'Anc\u00eatre"}},{"type":"Feature","geometry":{"type":"LineString","coordinates":[[3.7509415,43.4426064],[3.7513483,43.4422818],[3.7514234,43.4423295]]},"properties":{"osm_id":"way/919623958","category":"road","highway":"residential","name":"Impasse Bizet"}},{"type":"Feature","geometry":{"type":"LineString","coordinates":[[3.7607594,43.4501928],[3.7607226,43.4501856],[3.7606839,43.4501687],[3.7606381,43.4501383],[3.7605945,43.4500984],[3.7605388,43.450022],[3.7605053,43.4499599],[3.7602129,43.4492409],[3.7600194,43.4486161],[3.7599221,43.4483054],[3.7597576,43.4477982],[3.7596986,43.4475543],[3.7596348,43.4473361],[3.7594964,43.4467189],[3.7594116,43.44634]]},"properties":{"osm_id":"way/919623959","category":"road","highway":"unclassified","name":"Rue des Cheminots","surface":"paved"}},{"type":"Feature","geometry":{"type":"LineString","coordinates":[[3.7503146,43.4553283],[3.7501211,43.4555348],[3.7501131,43.4555874],[3.7506817,43.4559271]]},"properties":{"osm_id":"way/919623960","category":"road","highway":"residential","name":"Impasse des Oiseaux"}},{"type":"Feature","geometry":{"type":"LineString","coordinates":[[3.7479609,43.4425114],[3.7472843,43.4420082],[3.7467708,43.4416248],[3.7467116,43.4415919],[3.7466371,43.4415504]]},"properties":{"osm_id":"way/923381434","category":"road","highway":"secondary","name":"Avenue du Muscat","surface":"asphalt"}},{"type":"Feature","geometry":{"type":"LineString","coordinates":[[3.7591188,43.4522498],[3.7591648,43.4522819],[3.7592312,43.4523134],[3.7592691,43.45233]]},"properties":{"osm_id":"way/923381435","category":"road","highway":"secondary","name":"Avenue de la R\u00e9sistance","surface":"asphalt"}},{"type":"Feature","geometry":{"type":"LineString","coordinates":[[3.7593661,43.4526036],[3.7594379,43.4527078],[3.7594694,43.4527535],[3.7597544,43.453167],[3.7600316,43.4535692],[3.7603761,43.454069],[3.7604269,43.4541427]]},"properties":{"osm_id":"way/923381436","category":"road","highway":"secondary","name":"Avenue de la R\u00e9sistance","surface":"asphalt"}},{"type":"Feature","geometry":{"type":"LineString","coordinates":[[3.7631256,43.4579569],[3.7631392,43.4579979],[3.763192,43.458088],[3.7636135,43.4586925],[3.7639387,43.4591472],[3.7640602,43.4593195],[3.7641082,43.4593878],[3.7646208,43.4601171],[3.7646431,43.4601488],[3.76469,43.4602144],[3.7647225,43.4602586]]},"properties":{"osm_id":"way/923381437","category":"road","highway":"secondary","name":"Route de Montpellier","surface":"asphalt"}},{"type":"Feature","geometry":{"type":"LineString","coordinates":[[3.757921,43.4619967],[3.7577951,43.4616186],[3.757781,43.4613621],[3.7578097,43.4610505],[3.7578309,43.4609793],[3.7579678,43.4608125]]},"properties":{"osm_id":"way/926627505","category":"road","highway":"unclassified","name":"Rue de la Bergerie"}},{"type":"Feature","geometry":{"type":"LineString","coordinates":[[3.7458567,43.4497476],[3.7459982,43.4497962],[3.7462937,43.4498976]]},"properties":{"osm_id":"way/926627506","category":"road","highway":"residential","name":"Avenue Pierre Curie","surface":"asphalt"}},{"type":"Feature","geometry":{"type":"LineString","coordinates":[[3.7511418,43.4488566],[3.7509914,43.4488328],[3.7503049,43.4487799],[3.7498224,43.4487688],[3.7497172,43.4487751]]},"properties":{"osm_id":"way/926627507","category":"road","highway":"secondary","name":"Rue des Thermes","ref":"D 129","surface":"asphalt"}},{"type":"Feature","geometry":{"type":"LineString","coordinates":[[3.7392126,43.4483488],[3.7397425,43.4484439],[3.7405228,43.4485947],[3.7406326,43.4486143],[3.7409801,43.448676],[3.7416015,43.448797],[3.7416676,43.4488071],[3.7419522,43.4488339],[3.7423298,43.4488478],[3.7431049,43.4488851]]},"properties":{"osm_id":"way/926627508","category":"road","highway":"secondary","name":"Rue des Thermes","ref":"D 129","surface":"asphalt"}},{"type":"Feature","geometry":{"type":"LineString","coordinates":[[3.7581396,43.442211],[3.7581706,43.4422136],[3.7581987,43.4422232],[3.7582212,43.4422387],[3.7582356,43.4422587],[3.7582406,43.4422809],[3.7582356,43.4423031],[3.7582211,43.442323],[3.7581986,43.4423386],[3.7581705,43.4423481],[3.7581376,43.4423506],[3.7581056,43.4423448],[3.7580781,43.4423316],[3.7580584,43.4423124],[3.7580487,43.4422895],[3.7580503,43.4422655],[3.758062,43.4422445],[3.7580823,43.4422273],[3.7581091,43.4422157],[3.7581396,43.442211]]},"properties":{"osm_id":"way/948127258","category":"road","highway":"residential"}},{"type":"Feature","geometry":{"type":"LineString","coordinates":[[3.7581089,43.4419713],[3.7581262,43.4420832],[3.7581518,43.4421612],[3.7581706,43.4422136]]},"properties":{"osm_id":"way/948127259","category":"road","highway":"residential","name":"Rue de la Raffinerie"}},{"type":"Feature","geometry":{"type":"LineString","coordinates":[[3.7287138,43.4706017],[3.7288151,43.470561],[3.7289845,43.4704756],[3.7291016,43.4703745],[3.7291692,43.4702635],[3.729218,43.4700913],[3.7293205,43.4694335],[3.729402,43.469152],[3.7295205,43.4689706],[3.7297823,43.4688347],[3.7302317,43.4687365],[3.7308149,43.4686933],[3.7311985,43.4687046],[3.7313425,43.4687807],[3.731491,43.4688962],[3.7317157,43.4690678],[3.7320006,43.4691621],[3.7323076,43.4691581],[3.7325905,43.4691211],[3.7329307,43.4691255],[3.732948,43.4691297],[3.733154,43.4691792],[3.7331796,43.4691971],[3.7333824,43.4693389],[3.7336967,43.4696642],[3.7339577,43.4698309],[3.7341133,43.4699009],[3.734237,43.4700023],[3.7343695,43.4702032],[3.7344538,43.4704698],[3.7344892,43.4708174],[3.7345273,43.4712663],[3.7344441,43.4719753],[3.7344538,43.4722988],[3.7345202,43.4725748],[3.7345531,43.4726847],[3.7346546,43.472807],[3.7349488,43.4730166],[3.7351395,43.473184],[3.7351897,43.473228],[3.7353458,43.4734967],[3.7355067,43.4738938],[3.7357106,43.4741429],[3.7361178,43.4745404],[3.7365571,43.4748424],[3.7366693,43.4749877],[3.7367208,43.4750543],[3.7368184,43.4758351],[3.7370673,43.476767],[3.7371491,43.4770511],[3.7373194,43.4773056],[3.7376537,43.4777115],[3.738054,43.4779894],[3.7386503,43.4782711],[3.7391465,43.4784035],[3.7395059,43.4784492],[3.7398224,43.478495],[3.7399338,43.4785585],[3.7400853,43.4786448],[3.7404876,43.4790282],[3.7407102,43.479507],[3.7407531,43.4801065],[3.740736,43.480502],[3.7407961,43.4805892]]},"properties":{"osm_id":"way/951585585","category":"track","highway":"track","surface":"gravel","tracktype":"grade2","access":"destination"}},{"type":"Feature","geometry":{"type":"LineString","coordinates":[[3.7479842,43.4511329],[3.7474805,43.4507673]]},"properties":{"osm_id":"way/965926136","category":"road","highway":"service"}},{"type":"Feature","geometry":{"type":"LineString","coordinates":[[3.7568239,43.4509469],[3.7569273,43.4509425],[3.7569836,43.4509201],[3.7570211,43.4508851],[3.7570453,43.4507235],[3.7570775,43.4507021],[3.757803,43.4505639],[3.7579104,43.4505445]]},"properties":{"osm_id":"way/965930811","category":"road","highway":"service","surface":"asphalt"}},{"type":"Feature","geometry":{"type":"LineString","coordinates":[[3.7527578,43.4551306],[3.7523113,43.455588]]},"properties":{"osm_id":"way/965935094","category":"road","highway":"residential","name":"Impasse des Roitelets","surface":"asphalt"}},{"type":"Feature","geometry":{"type":"LineString","coordinates":[[3.750046,43.4546703],[3.7501574,43.4546946],[3.7506321,43.4548504]]},"properties":{"osm_id":"way/965935115","category":"road","highway":"service"}},{"type":"Feature","geometry":{"type":"LineString","coordinates":[[3.7622832,43.4670707],[3.762985,43.4668067]]},"properties":{"osm_id":"way/990856112","category":"road","highway":"unclassified"}},{"type":"Feature","geometry":{"type":"LineString","coordinates":[[3.7519665,43.4660528],[3.752283,43.4660508],[3.7526518,43.4661073],[3.7529723,43.4661978],[3.7531489,43.4662244],[3.7536067,43.4662328],[3.7541182,43.4661879]]},"properties":{"osm_id":"way/990863391","category":"track","highway":"path","surface":"dirt"}},{"type":"Feature","geometry":{"type":"LineString","coordinates":[[3.7452549,43.4437407],[3.7452749,43.44373],[3.745299,43.4437257],[3.7453262,43.4437295],[3.7453485,43.4437414],[3.7453615,43.4437591],[3.7453628,43.4437791],[3.7453518,43.4437977],[3.7453309,43.443811],[3.7453041,43.4438163],[3.7452806,43.4438138],[3.7452602,43.4438051],[3.7452456,43.4437915],[3.7452391,43.4437741],[3.7452423,43.4437563],[3.7452549,43.4437407]]},"properties":{"osm_id":"way/1015699069","category":"road","highway":"residential"}},{"type":"Feature","geometry":{"type":"LineString","coordinates":[[3.7437365,43.4497718],[3.743543,43.4496817],[3.7434599,43.4496846]]},"properties":{"osm_id":"way/1015704964","category":"road","highway":"service"}},{"type":"Feature","geometry":{"type":"LineString","coordinates":[[3.7433734,43.4501829],[3.7430924,43.4500468],[3.7430723,43.4500069]]},"properties":{"osm_id":"way/1015704965","category":"road","highway":"service"}},{"type":"Feature","geometry":{"type":"LineString","coordinates":[[3.7443665,43.4505273],[3.7441479,43.4505219],[3.7438421,43.450408],[3.7437429,43.4504061]]},"properties":{"osm_id":"way/1015704982","category":"road","highway":"residential"}},{"type":"Feature","geometry":{"type":"LineString","coordinates":[[3.7489852,43.447678],[3.7489698,43.4477914],[3.7487707,43.4479915],[3.748654,43.448194],[3.7486204,43.4482816],[3.7486406,43.4483401],[3.7487103,43.4483722],[3.7487613,43.4483829],[3.748839,43.4483761],[3.7488887,43.4483576],[3.7489423,43.448343]]},"properties":{"osm_id":"way/1015704983","category":"road","highway":"service"}},{"type":"Feature","geometry":{"type":"LineString","coordinates":[[3.7534259,43.439802],[3.7537354,43.4403626],[3.7538436,43.4405401],[3.754394,43.4414425]]},"properties":{"osm_id":"way/1015705079","category":"road","highway":"service"}},{"type":"Feature","geometry":{"type":"LineString","coordinates":[[3.7534559,43.440654],[3.75342,43.4405931],[3.7531343,43.4401061],[3.753371,43.4400295]]},"properties":{"osm_id":"way/1015705081","category":"road","highway":"service","access":"private"}},{"type":"Feature","geometry":{"type":"LineString","coordinates":[[3.7526854,43.4401626],[3.7529733,43.4403159],[3.7530415,43.4403508]]},"properties":{"osm_id":"way/1015705083","category":"road","highway":"service"}},{"type":"Feature","geometry":{"type":"LineString","coordinates":[[3.7526685,43.440012],[3.7527835,43.4399761],[3.752824,43.4399885],[3.7529776,43.4402223],[3.7529968,43.4402602],[3.7529925,43.4402896],[3.7529733,43.4403159]]},"properties":{"osm_id":"way/1015705084","category":"road","highway":"service"}},{"type":"Feature","geometry":{"type":"LineString","coordinates":[[3.7524061,43.4403624],[3.7524722,43.4403453],[3.7526854,43.4401626],[3.7527355,43.4401061],[3.752743,43.4400744],[3.7526685,43.440012],[3.7526385,43.4399869],[3.7525948,43.4399436]]},"properties":{"osm_id":"way/1015705085","category":"road","highway":"service"}},{"type":"Feature","geometry":{"type":"LineString","coordinates":[[3.7596441,43.4438197],[3.7597235,43.4436986]]},"properties":{"osm_id":"way/1015920881","category":"road","highway":"service"}},{"type":"Feature","geometry":{"type":"LineString","coordinates":[[3.7594486,43.4437553],[3.7595223,43.4436479]]},"properties":{"osm_id":"way/1015920882","category":"road","highway":"service"}},{"type":"Feature","geometry":{"type":"LineString","coordinates":[[3.7590316,43.443684],[3.7591598,43.4436828],[3.759238,43.4436859],[3.7594486,43.4437553],[3.7596441,43.4438197],[3.7597731,43.4438622]]},"properties":{"osm_id":"way/1015920883","category":"road","highway":"service"}},{"type":"Feature","geometry":{"type":"LineString","coordinates":[[3.763905,43.4623432],[3.7636902,43.4621883]]},"properties":{"osm_id":"way/1015920901","category":"road","highway":"service"}},{"type":"Feature","geometry":{"type":"LineString","coordinates":[[3.7433687,43.4692861],[3.743358,43.4692141],[3.743374,43.4691538],[3.7434357,43.4690642],[3.7437764,43.4687547],[3.7438542,43.4686496],[3.7439346,43.4685523],[3.7440446,43.4684549],[3.7441841,43.4683323],[3.7442994,43.4682038]]},"properties":{"osm_id":"way/1015934563","category":"track","highway":"track","tracktype":"grade2"}},{"type":"Feature","geometry":{"type":"LineString","coordinates":[[3.7583506,43.4561368],[3.7583995,43.4560888],[3.7585547,43.4559373],[3.7585882,43.4559174],[3.7586331,43.455913],[3.7586861,43.4559257],[3.7587183,43.455949],[3.7587384,43.4559812],[3.7587257,43.4560079],[3.7585641,43.4561735],[3.7584971,43.4562375]]},"properties":{"osm_id":"way/1015936963","category":"road","highway":"service"}},{"type":"Feature","geometry":{"type":"LineString","coordinates":[[3.7497692,43.4591253],[3.7498958,43.4593051],[3.7499307,43.45942],[3.749983,43.4596079],[3.7500916,43.4597441],[3.7501654,43.4598298]]},"properties":{"osm_id":"way/1017804663","category":"road","highway":"service"}},{"type":"Feature","geometry":{"type":"LineString","coordinates":[[3.7488806,43.4604168],[3.7490898,43.4604246],[3.7492427,43.4603934],[3.7492937,43.4603866]]},"properties":{"osm_id":"way/1017804664","category":"track","highway":"track","tracktype":"grade2"}},{"type":"Feature","geometry":{"type":"LineString","coordinates":[[3.7591213,43.4466907],[3.7591602,43.4468481],[3.7591977,43.4470003],[3.7592419,43.4471692],[3.7592829,43.4473262],[3.7593225,43.4474774]]},"properties":{"osm_id":"way/1062458433","category":"road","highway":"service","surface":"asphalt"}},{"type":"Feature","geometry":{"type":"LineString","coordinates":[[3.7591602,43.4468481],[3.7588636,43.4468778]]},"properties":{"osm_id":"way/1062458434","category":"road","highway":"service","surface":"asphalt"}},{"type":"Feature","geometry":{"type":"LineString","coordinates":[[3.7592419,43.4471692],[3.7589164,43.4472087]]},"properties":{"osm_id":"way/1062458435","category":"road","highway":"service","surface":"asphalt"}},{"type":"Feature","geometry":{"type":"LineString","coordinates":[[3.7592829,43.4473262],[3.7589558,43.4473769]]},"properties":{"osm_id":"way/1062458436","category":"road","highway":"service","surface":"asphalt"}},{"type":"Feature","geometry":{"type":"LineString","coordinates":[[3.7589558,43.4473769],[3.7588278,43.4473943],[3.758805,43.4473974],[3.7587464,43.4474054]]},"properties":{"osm_id":"way/1062458437","category":"road","highway":"service","surface":"asphalt"}},{"type":"Feature","geometry":{"type":"LineString","coordinates":[[3.7593225,43.4474774],[3.7592054,43.4475005],[3.759006,43.4475397],[3.7589558,43.4473769],[3.7589174,43.4472525],[3.7589164,43.4472087],[3.7589148,43.4471454],[3.7589107,43.447051],[3.7588732,43.4469],[3.7588636,43.4468778],[3.7588316,43.4468036],[3.7588169,43.4467141],[3.7591213,43.4466907]]},"properties":{"osm_id":"way/1062458438","category":"road","highway":"service","surface":"asphalt"}},{"type":"Feature","geometry":{"type":"LineString","coordinates":[[3.7587042,43.4470578],[3.75877,43.4470556],[3.7588119,43.4470542],[3.7589107,43.447051],[3.7591977,43.4470003]]},"properties":{"osm_id":"way/1062458439","category":"road","highway":"service","surface":"asphalt"}},{"type":"Feature","geometry":{"type":"LineString","coordinates":[[3.7622345,43.4540494],[3.7619859,43.4541212],[3.7618893,43.4539966],[3.7621402,43.4539003]]},"properties":{"osm_id":"way/1062458445","category":"road","highway":"service"}},{"type":"Feature","geometry":{"type":"LineString","coordinates":[[3.76245,43.4544087],[3.7623985,43.4544303],[3.7621852,43.4545194],[3.7620184,43.4545822],[3.76179,43.4546688],[3.7610072,43.4549785]]},"properties":{"osm_id":"way/1062458449","category":"road","highway":"residential","name":"Rue du S\u00e9maphore","surface":"asphalt"}},{"type":"Feature","geometry":{"type":"LineString","coordinates":[[3.749426,43.4432906],[3.7493205,43.4432731],[3.7492521,43.4432594],[3.7491837,43.4432292]]},"properties":{"osm_id":"way/1080951390","category":"road","highway":"service"}},{"type":"Feature","geometry":{"type":"LineString","coordinates":[[3.7490964,43.4433694],[3.7491757,43.4432779],[3.7491837,43.4432292],[3.748666,43.442829],[3.7486392,43.4427911],[3.7486513,43.4427502],[3.7487251,43.4426947],[3.7493178,43.4422886],[3.7493835,43.4422623],[3.7494372,43.4422906],[3.7501319,43.4427132],[3.7501399,43.4427463],[3.7500662,43.4428154],[3.7494774,43.4432604],[3.749426,43.4432906],[3.7493446,43.4433441],[3.7492347,43.443425],[3.7491973,43.4434452]]},"properties":{"osm_id":"way/1080951391","category":"road","highway":"service"}},{"type":"Feature","geometry":{"type":"LineString","coordinates":[[3.7480961,43.4425439],[3.7481205,43.4425339],[3.7481478,43.4425294],[3.7481758,43.442531],[3.7482018,43.4425385],[3.7482238,43.4425511],[3.7482403,43.4425687],[3.7482486,43.4425891],[3.7482479,43.4426104],[3.7482395,43.4426289],[3.7482243,43.4426449]]},"properties":{"osm_id":"way/1080951392","category":"road","highway":"secondary","surface":"asphalt"}},{"type":"Feature","geometry":{"type":"LineString","coordinates":[[3.7479609,43.4425114],[3.7480559,43.4425342],[3.7480961,43.4425439]]},"properties":{"osm_id":"way/1080951393","category":"road","highway":"secondary","name":"Avenue du Muscat","surface":"asphalt"}},{"type":"Feature","geometry":{"type":"LineString","coordinates":[[3.7424567,43.4415447],[3.7423696,43.4415437],[3.7422918,43.4415856],[3.7421228,43.4417015],[3.7420423,43.4417667]]},"properties":{"osm_id":"way/1080951394","category":"track","highway":"track","access":"private"}},{"type":"Feature","geometry":{"type":"LineString","coordinates":[[3.7430014,43.442051],[3.7428135,43.4421932],[3.7427531,43.4421854],[3.7426673,43.4421114],[3.7426753,43.4420822],[3.7428721,43.4419505]]},"properties":{"osm_id":"way/1080951397","category":"road","highway":"service"}},{"type":"Feature","geometry":{"type":"LineString","coordinates":[[3.7457277,43.4412652],[3.7451443,43.4416167],[3.7451483,43.4416888],[3.7451617,43.4417404],[3.7451389,43.4417686],[3.745092,43.4417755],[3.7450129,43.4417073],[3.7450263,43.441681],[3.7451443,43.4416167]]},"properties":{"osm_id":"way/1080951398","category":"road","highway":"service"}},{"type":"Feature","geometry":{"type":"LineString","coordinates":[[3.7455721,43.4410286],[3.7456271,43.441126],[3.7457277,43.4412652],[3.745898,43.4415009]]},"properties":{"osm_id":"way/1080951399","category":"road","highway":"service"}},{"type":"Feature","geometry":{"type":"LineString","coordinates":[[3.7514348,43.4418652],[3.7512624,43.4418407],[3.7511793,43.4418446],[3.7511283,43.4418972],[3.7510894,43.4419176],[3.7510237,43.4419429]]},"properties":{"osm_id":"way/1080951400","category":"road","highway":"service"}},{"type":"Feature","geometry":{"type":"LineString","coordinates":[[3.7510183,43.4408358],[3.7511699,43.4407579],[3.7512128,43.4407258],[3.7513871,43.4403109],[3.7514435,43.4402126],[3.7515575,43.4401084]]},"properties":{"osm_id":"way/1080951401","category":"road","highway":"service"}},{"type":"Feature","geometry":{"type":"LineString","coordinates":[[3.7514327,43.4530523],[3.7515266,43.4529247],[3.7518686,43.4530669],[3.7517251,43.4532635]]},"properties":{"osm_id":"way/1080960235","category":"road","highway":"service","access":"private"}},{"type":"Feature","geometry":{"type":"LineString","coordinates":[[3.7522924,43.453541],[3.7518619,43.4533473],[3.7517251,43.4532635],[3.7516192,43.4531623],[3.7514327,43.4530523],[3.7512316,43.4529705]]},"properties":{"osm_id":"way/1080960236","category":"road","highway":"service","access":"private"}},{"type":"Feature","geometry":{"type":"LineString","coordinates":[[3.7527374,43.4530181],[3.7526867,43.4530795],[3.7522924,43.453541],[3.7522119,43.4536374],[3.7521382,43.4536607],[3.7518659,43.4535527],[3.7518337,43.453505],[3.751819,43.4534154],[3.7518619,43.4533473]]},"properties":{"osm_id":"way/1080960237","category":"road","highway":"service","access":"private"}},{"type":"Feature","geometry":{"type":"LineString","coordinates":[[3.7496021,43.4530912],[3.7494948,43.4531818],[3.7498556,43.4533843],[3.7497886,43.4534612],[3.7497309,43.4534758],[3.7493983,43.4532742],[3.7494948,43.4531818]]},"properties":{"osm_id":"way/1080960242","category":"road","highway":"service"}},{"type":"Feature","geometry":{"type":"LineString","coordinates":[[3.7506589,43.452216],[3.7505417,43.4523088]]},"properties":{"osm_id":"way/1080960246","category":"road","highway":"service"}},{"type":"Feature","geometry":{"type":"LineString","coordinates":[[3.7504658,43.4520943],[3.7506589,43.452216],[3.7508936,43.4523562]]},"properties":{"osm_id":"way/1080960247","category":"road","highway":"service"}},{"type":"Feature","geometry":{"type":"LineString","coordinates":[[3.7487582,43.4521875],[3.7491944,43.4524565]]},"properties":{"osm_id":"way/1080960250","category":"road","highway":"service","name":"Impasse des Merles"}},{"type":"Feature","geometry":{"type":"LineString","coordinates":[[3.7486196,43.4525303],[3.7488216,43.4523484]]},"properties":{"osm_id":"way/1080960251","category":"road","highway":"service","name":"Impasse des Merles"}},{"type":"Feature","geometry":{"type":"LineString","coordinates":[[3.7487826,43.4526331],[3.7489825,43.4524487]]},"properties":{"osm_id":"way/1080960252","category":"road","highway":"service","name":"Impasse des Merles"}},{"type":"Feature","geometry":{"type":"LineString","coordinates":[[3.7499389,43.4525767],[3.749983,43.4525966],[3.7500782,43.4526628],[3.75011,43.4526892]]},"properties":{"osm_id":"way/1080960253","category":"road","highway":"service","name":"Impasse des Tourterelles"}},{"type":"Feature","geometry":{"type":"LineString","coordinates":[[3.7494505,43.4530156],[3.74993,43.4525957],[3.7499389,43.4525767],[3.7499374,43.4525553],[3.7498784,43.4524993],[3.7497051,43.4523902],[3.7496021,43.4523255]]},"properties":{"osm_id":"way/1080960254","category":"road","highway":"service","name":"Impasse des Tourterelles"}},{"type":"Feature","geometry":{"type":"LineString","coordinates":[[3.7452731,43.4514313],[3.7453441,43.4514196],[3.7453948,43.4513808]]},"properties":{"osm_id":"way/1080960259","category":"road","highway":"residential","name":"Rue des Collines"}},{"type":"Feature","geometry":{"type":"LineString","coordinates":[[3.7455422,43.4511642],[3.7452985,43.4510029],[3.7454125,43.4509085],[3.7456594,43.4510481]]},"properties":{"osm_id":"way/1080960260","category":"road","highway":"service"}},{"type":"Feature","geometry":{"type":"LineString","coordinates":[[3.7594256,43.4611581],[3.7595049,43.4612257],[3.7595974,43.4613192]]},"properties":{"osm_id":"way/1080965992","category":"road","highway":"service"}},{"type":"Feature","geometry":{"type":"LineString","coordinates":[[3.7618007,43.4618821],[3.7616238,43.4619042]]},"properties":{"osm_id":"way/1080965994","category":"road","highway":"service","surface":"asphalt","access":"private"}},{"type":"Feature","geometry":{"type":"LineString","coordinates":[[3.7609667,43.4612331],[3.760837,43.4612786],[3.7606735,43.4613283],[3.7604328,43.4614095],[3.7602144,43.4614757],[3.7600335,43.4615131],[3.7597205,43.461584]]},"properties":{"osm_id":"way/1080965995","category":"track","highway":"track","surface":"ground"}},{"type":"Feature","geometry":{"type":"LineString","coordinates":[[3.7601754,43.462535],[3.7600802,43.4622488],[3.760048,43.4622098],[3.7599563,43.4619442],[3.759938,43.4619052],[3.7598683,43.461728],[3.7598763,43.4616696],[3.7599125,43.4616239],[3.7599729,43.4615908],[3.760162,43.4615567],[3.7604141,43.4615177],[3.7609828,43.4613455],[3.7610431,43.4613231],[3.7610672,43.4612919],[3.7610807,43.461253]]},"properties":{"osm_id":"way/1080965999","category":"road","highway":"service","name":"R\u00e9sidence Les Logis de la Gardiole"}},{"type":"Feature","geometry":{"type":"LineString","coordinates":[[3.7606369,43.4619126],[3.7606676,43.461911],[3.7608578,43.4618612]]},"properties":{"osm_id":"way/1080966001","category":"road","highway":"service","name":"R\u00e9sidence Les Logis de la Gardiole"}},{"type":"Feature","geometry":{"type":"LineString","coordinates":[[3.7583756,43.4602823],[3.7580933,43.4601554],[3.7581926,43.4600235],[3.7584982,43.4601534]]},"properties":{"osm_id":"way/1080966002","category":"road","highway":"service"}},{"type":"Feature","geometry":{"type":"LineString","coordinates":[[3.7559788,43.4590995],[3.7559187,43.4591318],[3.7556733,43.4592613],[3.7556465,43.4593538],[3.7556089,43.4593947],[3.7555271,43.4594229],[3.7554628,43.459418],[3.7554212,43.4593849],[3.7554534,43.4592321]]},"properties":{"osm_id":"way/1080966003","category":"road","highway":"service","access":"private"}},{"type":"Feature","geometry":{"type":"LineString","coordinates":[[3.7621388,43.4567731],[3.7620945,43.4568266],[3.7620597,43.4568568],[3.7617566,43.4569785],[3.7616587,43.4568607]]},"properties":{"osm_id":"way/1080966004","category":"road","highway":"service","access":"private"}},{"type":"Feature","geometry":{"type":"LineString","coordinates":[[3.7622483,43.4567421],[3.7621388,43.4567731],[3.7620905,43.4567604],[3.7619792,43.4566154],[3.7619939,43.4565842],[3.762106,43.4565348]]},"properties":{"osm_id":"way/1080966005","category":"road","highway":"service","surface":"asphalt"}},{"type":"Feature","geometry":{"type":"LineString","coordinates":[[3.7623751,43.4569293],[3.7616305,43.4572131]]},"properties":{"osm_id":"way/1080966006","category":"road","highway":"service"}},{"type":"Feature","geometry":{"type":"LineString","coordinates":[[3.7550376,43.4519005],[3.7550926,43.4519064],[3.7557256,43.4522909]]},"properties":{"osm_id":"way/1080966008","category":"road","highway":"service"}},{"type":"Feature","geometry":{"type":"LineString","coordinates":[[3.754351,43.4515072],[3.7543711,43.4515111],[3.7544382,43.4515423],[3.7544958,43.4515666],[3.7548562,43.4517927]]},"properties":{"osm_id":"way/1080966010","category":"road","highway":"service","name":"R\u00e9sidence L'Enclos","access":"private"}},{"type":"Feature","geometry":{"type":"LineString","coordinates":[[3.7569555,43.4501196],[3.7564901,43.4500965],[3.7564082,43.4500566]]},"properties":{"osm_id":"way/1080966011","category":"road","highway":"service","name":"R\u00e9sidence Les Jardins","access":"private"}},{"type":"Feature","geometry":{"type":"LineString","coordinates":[[3.76227,43.4594395],[3.7623493,43.4596741],[3.7624392,43.4596575]]},"properties":{"osm_id":"way/1080983608","category":"road","highway":"service"}},{"type":"Feature","geometry":{"type":"LineString","coordinates":[[3.7486042,43.4418141],[3.7483227,43.4420053],[3.7483107,43.4420413],[3.748202,43.4421114]]},"properties":{"osm_id":"way/1083458913","category":"road","highway":"service"}},{"type":"Feature","geometry":{"type":"LineString","coordinates":[[3.7488333,43.4419168],[3.7483844,43.4422166]]},"properties":{"osm_id":"way/1083458914","category":"road","highway":"service"}},{"type":"Feature","geometry":{"type":"LineString","coordinates":[[3.750259,43.4495841],[3.7511426,43.4501656]]},"properties":{"osm_id":"way/1084126592","category":"road","highway":"service"}},{"type":"Feature","geometry":{"type":"LineString","coordinates":[[3.7504117,43.4502101],[3.7502224,43.450338]]},"properties":{"osm_id":"way/1084126593","category":"road","highway":"residential","name":"Impasse de la Coste"}},{"type":"Feature","geometry":{"type":"LineString","coordinates":[[3.7580781,43.4423316],[3.7579505,43.4423802],[3.7578526,43.4424064],[3.757685,43.4424064],[3.7576246,43.4423831],[3.7576085,43.4422964],[3.757575,43.4422691]]},"properties":{"osm_id":"way/1098851727","category":"road","highway":"service"}},{"type":"Feature","geometry":{"type":"LineString","coordinates":[[3.7571311,43.442608],[3.757001,43.4424688],[3.7571673,43.4423918],[3.7572719,43.4425097],[3.7572947,43.442535]]},"properties":{"osm_id":"way/1098851728","category":"road","highway":"service"}},{"type":"Feature","geometry":{"type":"LineString","coordinates":[[3.7409228,43.4445974],[3.7413074,43.4448952]]},"properties":{"osm_id":"way/1098851736","category":"road","highway":"service"}},{"type":"Feature","geometry":{"type":"LineString","coordinates":[[3.7491602,43.4536856],[3.7490711,43.4536539],[3.7489463,43.4536393],[3.7489061,43.4536539],[3.7488793,43.4536841],[3.7488525,43.453799],[3.7488667,43.453857]]},"properties":{"osm_id":"way/1098851749","category":"road","highway":"service"}},{"type":"Feature","geometry":{"type":"LineString","coordinates":[[3.7638901,43.4441523],[3.763975,43.4441084],[3.7641077,43.4441174],[3.7646935,43.4442575],[3.7649518,43.4443667],[3.7650792,43.44449],[3.7651819,43.4445889]]},"properties":{"osm_id":"way/1113466354","category":"track","highway":"track"}},{"type":"Feature","geometry":{"type":"Polygon","coordinates":[[[3.7607527,43.4466694],[3.7606429,43.446755],[3.7610332,43.4472863],[3.7613584,43.4477172],[3.7615983,43.4480301],[3.7617447,43.448275],[3.7618097,43.4482928],[3.7618382,43.448095],[3.7618341,43.4475667],[3.7618138,43.4474161],[3.7618707,43.4471535],[3.7619276,43.4469764],[3.7619764,43.4468347],[3.7620292,43.4467402],[3.7619642,43.4466989],[3.7618666,43.4466694],[3.7617894,43.4467816],[3.7617365,43.4468878],[3.7615698,43.4470561],[3.761517,43.4471269],[3.7614316,43.4472331],[3.7613462,43.4472981],[3.7612838,43.4473373],[3.7612254,43.4473509],[3.7611437,43.4473407],[3.7611133,43.4472916],[3.7610876,43.4472254],[3.7611087,43.4471746],[3.7611484,43.4470644],[3.7611927,43.4469627],[3.7612207,43.4469017],[3.7611857,43.4468372],[3.761167,43.446805],[3.7611133,43.446766],[3.7610736,43.4467304],[3.7610013,43.4467423],[3.7609219,43.446727],[3.7608355,43.4467118],[3.7607527,43.4466694]]]},"properties":{"osm_id":"way/1113466355","category":"water_point","natural":"water"}},{"type":"Feature","geometry":{"type":"LineString","coordinates":[[3.7580503,43.4422655],[3.7579828,43.4422333],[3.757842,43.4421592],[3.7576576,43.4421004],[3.7575975,43.4420567]]},"properties":{"osm_id":"way/1113744020","category":"road","highway":"residential","name":"Rue de la Renaissance"}},{"type":"Feature","geometry":{"type":"LineString","coordinates":[[3.7646696,43.4681515],[3.7652622,43.4684165],[3.7653196,43.4684697],[3.7653568,43.4685166],[3.765428,43.4685208],[3.7658301,43.4682312]]},"properties":{"osm_id":"way/1160638329","category":"track","highway":"path","name":"Chemin des Justices","surface":"dirt","access":"unknown"}},{"type":"Feature","geometry":{"type":"LineString","coordinates":[[3.7462937,43.4498976],[3.7464166,43.4499398],[3.7467016,43.4500506],[3.7467479,43.4500665]]},"properties":{"osm_id":"way/1165052927","category":"road","highway":"residential","name":"Avenue Pierre Curie","surface":"asphalt"}},{"type":"Feature","geometry":{"type":"LineString","coordinates":[[3.7480615,43.4425844],[3.7479609,43.4425114]]},"properties":{"osm_id":"way/1169307935","category":"road","highway":"secondary","name":"Avenue du Muscat","surface":"asphalt"}},{"type":"Feature","geometry":{"type":"LineString","coordinates":[[3.7482238,43.4425511],[3.7482976,43.4425353],[3.748408,43.4425003]]},"properties":{"osm_id":"way/1169307936","category":"road","highway":"residential","name":"Rue de la Gendarmerie","surface":"asphalt"}},{"type":"Feature","geometry":{"type":"LineString","coordinates":[[3.748408,43.4425003],[3.7483348,43.4425437],[3.7482817,43.4425852],[3.7482479,43.4426104]]},"properties":{"osm_id":"way/1169307937","category":"road","highway":"residential","name":"Rue de la Gendarmerie","surface":"asphalt"}},{"type":"Feature","geometry":{"type":"LineString","coordinates":[[3.7482243,43.4426449],[3.7482405,43.442701],[3.7482731,43.4427541]]},"properties":{"osm_id":"way/1169307938","category":"road","highway":"secondary","name":"Avenue du Muscat","surface":"asphalt"}},{"type":"Feature","geometry":{"type":"LineString","coordinates":[[3.7482731,43.4427541],[3.7481966,43.4426852],[3.7481747,43.4426655]]},"properties":{"osm_id":"way/1169307939","category":"road","highway":"secondary","name":"Avenue du Muscat","surface":"asphalt"}},{"type":"Feature","geometry":{"type":"LineString","coordinates":[[3.7481747,43.4426655],[3.7481435,43.4426666],[3.7481134,43.4426603],[3.7480878,43.4426472],[3.7480695,43.4426288],[3.7480604,43.4426071],[3.7480615,43.4425844]]},"properties":{"osm_id":"way/1169307940","category":"road","highway":"secondary","surface":"asphalt"}},{"type":"Feature","geometry":{"type":"LineString","coordinates":[[3.7482243,43.4426449],[3.7482017,43.442658],[3.7481747,43.4426655]]},"properties":{"osm_id":"way/1169307941","category":"road","highway":"secondary","surface":"asphalt"}},{"type":"Feature","geometry":{"type":"LineString","coordinates":[[3.7480615,43.4425844],[3.7480685,43.442569],[3.7480802,43.4425553],[3.7480961,43.4425439]]},"properties":{"osm_id":"way/1169307942","category":"road","highway":"secondary","surface":"asphalt"}},{"type":"Feature","geometry":{"type":"LineString","coordinates":[[3.7658604,43.4610967],[3.7657943,43.4611312],[3.7655673,43.4612133],[3.7655348,43.4612247],[3.765447,43.4612519],[3.7653911,43.4612725]]},"properties":{"osm_id":"way/1169307945","category":"road","highway":"residential","name":"Rue du Barnier","surface":"asphalt"}},{"type":"Feature","geometry":{"type":"LineString","coordinates":[[3.7658163,43.4615934],[3.7670572,43.4609921],[3.7671171,43.4610384]]},"properties":{"osm_id":"way/1169307946","category":"road","highway":"service"}},{"type":"Feature","geometry":{"type":"LineString","coordinates":[[3.7670572,43.4609921],[3.7669534,43.4608783],[3.7667156,43.4609942]]},"properties":{"osm_id":"way/1169307947","category":"road","highway":"service"}},{"type":"Feature","geometry":{"type":"LineString","coordinates":[[3.7671171,43.4610384],[3.7672401,43.4611391],[3.767285,43.4611531],[3.7674282,43.4611049]]},"properties":{"osm_id":"way/1169307949","category":"road","highway":"service"}},{"type":"Feature","geometry":{"type":"LineString","coordinates":[[3.7686901,43.4627997],[3.7685849,43.4627238],[3.7684732,43.4626427],[3.7683935,43.4625849],[3.768277,43.4622451]]},"properties":{"osm_id":"way/1169307950","category":"road","highway":"residential","name":"Rue du Barnier","surface":"asphalt"}},{"type":"Feature","geometry":{"type":"LineString","coordinates":[[3.7680477,43.4638247],[3.7682437,43.4636571],[3.7686421,43.4633161]]},"properties":{"osm_id":"way/1169307951","category":"road","highway":"residential","name":"Rue du Barnier","surface":"asphalt"}},{"type":"Feature","geometry":{"type":"LineString","coordinates":[[3.768277,43.4622451],[3.7685339,43.4625426],[3.7685665,43.4625996],[3.7686901,43.4627997]]},"properties":{"osm_id":"way/1169307952","category":"road","highway":"residential","name":"Rue du Barnier","surface":"asphalt"}},{"type":"Feature","geometry":{"type":"LineString","coordinates":[[3.7685665,43.4625996],[3.7684732,43.4626427]]},"properties":{"osm_id":"way/1169307953","category":"road","highway":"residential"}},{"type":"Feature","geometry":{"type":"LineString","coordinates":[[3.7686421,43.4633161],[3.7687021,43.4632387],[3.7687491,43.463154],[3.7687736,43.4630815],[3.7687722,43.4630075],[3.7687464,43.4629136],[3.7686901,43.4627997]]},"properties":{"osm_id":"way/1169307954","category":"road","highway":"residential","name":"Rue du Barnier","surface":"asphalt"}},{"type":"Feature","geometry":{"type":"LineString","coordinates":[[3.7700111,43.4655379],[3.7701943,43.4658014],[3.7702028,43.4658279],[3.7702015,43.4658688],[3.7701854,43.4659087],[3.7701492,43.4659535],[3.7700897,43.4659986],[3.769187,43.4663535],[3.7691186,43.4663978],[3.7690549,43.4664509],[3.7689784,43.466483],[3.7689047,43.4665049],[3.7688497,43.4665117],[3.7688054,43.4665131],[3.7687591,43.4665049],[3.7687035,43.466483],[3.768601,43.466431],[3.7685313,43.4663843],[3.7684642,43.4663318],[3.7684294,43.4662885]]},"properties":{"osm_id":"way/1169307955","category":"road","highway":"residential","name":"Rue des Sauniers","surface":"asphalt"}},{"type":"Feature","geometry":{"type":"LineString","coordinates":[[3.7698051,43.4652997],[3.7699346,43.4654308],[3.7699936,43.465497],[3.7700111,43.4655379]]},"properties":{"osm_id":"way/1169307956","category":"road","highway":"residential","name":"Rue des Sauniers","surface":"asphalt"}},{"type":"Feature","geometry":{"type":"LineString","coordinates":[[3.7700111,43.4655379],[3.7699095,43.4655272],[3.7698082,43.4655445],[3.7696999,43.4655612]]},"properties":{"osm_id":"way/1169307957","category":"road","highway":"residential","name":"Rue des Joncs","surface":"asphalt"}},{"type":"Feature","geometry":{"type":"LineString","coordinates":[[3.7685597,43.466009],[3.7685351,43.4660602]]},"properties":{"osm_id":"way/1169307958","category":"road","highway":"residential","surface":"asphalt"}},{"type":"Feature","geometry":{"type":"LineString","coordinates":[[3.7559243,43.4436061],[3.7560233,43.4436513],[3.756279,43.4437834],[3.7565639,43.4438882],[3.7567939,43.4439882]]},"properties":{"osm_id":"way/1169313025","category":"road","highway":"residential","name":"Quai Voltaire","surface":"asphalt"}},{"type":"Feature","geometry":{"type":"LineString","coordinates":[[3.7466371,43.4415504],[3.746586,43.4414911],[3.7465194,43.4414431],[3.7461728,43.441193],[3.7459953,43.441065],[3.7458178,43.4409369]]},"properties":{"osm_id":"way/1169595296","category":"road","highway":"secondary","name":"Avenue du Muscat","surface":"asphalt"}},{"type":"Feature","geometry":{"type":"LineString","coordinates":[[3.7432965,43.4441278],[3.7433016,43.4442497]]},"properties":{"osm_id":"way/1169595297","category":"road","highway":"residential","name":"Avenue de l'Europe","surface":"asphalt"}},{"type":"Feature","geometry":{"type":"LineString","coordinates":[[3.7433016,43.4442497],[3.7432043,43.4441965],[3.7431377,43.4441753]]},"properties":{"osm_id":"way/1169595298","category":"road","highway":"residential","name":"Avenue de l'Europe","surface":"asphalt"}},{"type":"Feature","geometry":{"type":"LineString","coordinates":[[3.7433876,43.4439674],[3.7434816,43.4440237]]},"properties":{"osm_id":"way/1169595299","category":"road","highway":"residential","name":"Avenue d'Italie","surface":"asphalt"}},{"type":"Feature","geometry":{"type":"LineString","coordinates":[[3.7434816,43.4440237],[3.7434213,43.444045],[3.7433613,43.4440663]]},"properties":{"osm_id":"way/1169595300","category":"road","highway":"residential","name":"Avenue d'Italie","surface":"asphalt"}},{"type":"Feature","geometry":{"type":"LineString","coordinates":[[3.7432395,43.443807],[3.7433749,43.4437977]]},"properties":{"osm_id":"way/1169595301","category":"road","highway":"residential","name":"Avenue de France","surface":"asphalt"}},{"type":"Feature","geometry":{"type":"LineString","coordinates":[[3.7433749,43.4437977],[3.7433528,43.443847],[3.7433417,43.4438716]]},"properties":{"osm_id":"way/1169595302","category":"road","highway":"residential","name":"Avenue de France","surface":"asphalt"}},{"type":"Feature","geometry":{"type":"LineString","coordinates":[[3.7429739,43.4438183],[3.7429525,43.4437038]]},"properties":{"osm_id":"way/1169595303","category":"road","highway":"residential","name":"Rue de Belgique","surface":"asphalt"}},{"type":"Feature","geometry":{"type":"LineString","coordinates":[[3.7429525,43.4437038],[3.7430586,43.4437716],[3.7431015,43.4437871]]},"properties":{"osm_id":"way/1169595304","category":"road","highway":"residential","name":"Rue de Belgique","surface":"asphalt"}},{"type":"Feature","geometry":{"type":"LineString","coordinates":[[3.7428988,43.4440906],[3.7427533,43.4440638]]},"properties":{"osm_id":"way/1169595305","category":"road","highway":"residential","name":"Rue du Luxembourg","surface":"asphalt"}},{"type":"Feature","geometry":{"type":"LineString","coordinates":[[3.7427533,43.4440638],[3.7428379,43.4440191],[3.7428529,43.4439933]]},"properties":{"osm_id":"way/1169595306","category":"road","highway":"residential","name":"Rue du Luxembourg","surface":"asphalt"}},{"type":"Feature","geometry":{"type":"LineString","coordinates":[[3.7433417,43.4438716],[3.7433734,43.4439173],[3.7433876,43.4439674],[3.7433834,43.4440181],[3.7433613,43.4440663],[3.7433325,43.4441],[3.7432965,43.4441278]]},"properties":{"osm_id":"way/1169595307","category":"road","highway":"residential","surface":"asphalt"}},{"type":"Feature","geometry":{"type":"LineString","coordinates":[[3.7412613,43.4463896],[3.7413722,43.4463289],[3.741514,43.4461757],[3.7416173,43.4460686],[3.7417212,43.445988],[3.7420048,43.4457735],[3.7421362,43.4456839],[3.7421952,43.4456596],[3.7422596,43.4456499],[3.7423037,43.4456458]]},"properties":{"osm_id":"way/1169595308","category":"road","highway":"residential","name":"Avenue de l'Europe","surface":"asphalt"}},{"type":"Feature","geometry":{"type":"LineString","coordinates":[[3.7429559,43.44702],[3.7427078,43.446894],[3.7427967,43.4468017]]},"properties":{"osm_id":"way/1169595309","category":"road","highway":"service"}},{"type":"Feature","geometry":{"type":"LineString","coordinates":[[3.7454239,43.4478239],[3.7452548,43.4479742],[3.745211,43.4480131],[3.7451422,43.4480621],[3.7445432,43.4484891],[3.7444276,43.4485703],[3.7443988,43.4485853]]},"properties":{"osm_id":"way/1169603641","category":"road","highway":"residential","name":"Avenue Jean Moulin","surface":"asphalt"}},{"type":"Feature","geometry":{"type":"LineString","coordinates":[[3.7439263,43.4488693],[3.7440567,43.4488201],[3.7441493,43.4487498],[3.7442177,43.4486938],[3.7443988,43.4485853]]},"properties":{"osm_id":"way/1169603642","category":"road","highway":"residential","name":"Avenue Jean Moulin","surface":"asphalt"}},{"type":"Feature","geometry":{"type":"LineString","coordinates":[[3.744373,43.4488495],[3.7441643,43.4488606],[3.7439263,43.4488693]]},"properties":{"osm_id":"way/1169603644","category":"road","highway":"secondary","name":"Rue des Thermes","ref":"D 129","surface":"asphalt"}},{"type":"Feature","geometry":{"type":"LineString","coordinates":[[3.7438253,43.4489622],[3.7439006,43.4490496]]},"properties":{"osm_id":"way/1169603645","category":"road","highway":"residential","name":"Avenue Pierre Curie","surface":"asphalt"}},{"type":"Feature","geometry":{"type":"LineString","coordinates":[[3.7439006,43.4490496],[3.7438124,43.4490189],[3.7437456,43.4490019]]},"properties":{"osm_id":"way/1169603646","category":"road","highway":"residential","name":"Avenue Pierre Curie","surface":"asphalt"}},{"type":"Feature","geometry":{"type":"LineString","coordinates":[[3.7434839,43.4490328],[3.7433826,43.4490623],[3.7433075,43.4490974],[3.7430969,43.449193]]},"properties":{"osm_id":"way/1169603647","category":"road","highway":"unclassified","name":"Avenue de la Gardiole","surface":"asphalt"}},{"type":"Feature","geometry":{"type":"LineString","coordinates":[[3.7430969,43.449193],[3.7432559,43.4490713],[3.7433082,43.4490258],[3.7433444,43.4489943]]},"properties":{"osm_id":"way/1169603648","category":"road","highway":"unclassified","name":"Avenue de la Gardiole","surface":"asphalt"}},{"type":"Feature","geometry":{"type":"LineString","coordinates":[[3.7437981,43.4488648],[3.7439263,43.4488693]]},"properties":{"osm_id":"way/1169603650","category":"road","highway":"secondary","name":"Rue des Thermes","surface":"asphalt"}},{"type":"Feature","geometry":{"type":"LineString","coordinates":[[3.7438321,43.4489105],[3.7438343,43.4489372],[3.7438253,43.4489622]]},"properties":{"osm_id":"way/1169603651","category":"road","highway":"secondary","surface":"asphalt"}},{"type":"Feature","geometry":{"type":"LineString","coordinates":[[3.7484739,43.450777],[3.7486363,43.4507719],[3.7487487,43.4507281],[3.7487777,43.450707],[3.748821,43.4506647],[3.7493042,43.4502903],[3.749676,43.450002],[3.7498318,43.4498855],[3.7499458,43.4498043],[3.7500044,43.4497625],[3.7502207,43.4496091],[3.750259,43.4495841],[3.7504185,43.44948],[3.7505223,43.4494153],[3.750534,43.449408],[3.750961,43.449134],[3.7510549,43.4490718],[3.7511009,43.4490237],[3.7511581,43.4489418]]},"properties":{"osm_id":"way/1169603652","category":"road","highway":"residential","name":"Rue de la Coste"}},{"type":"Feature","geometry":{"type":"LineString","coordinates":[[3.7539857,43.4532163],[3.7539939,43.4531953],[3.7540112,43.4531774],[3.7540356,43.4531646],[3.7540644,43.4531583],[3.7540945,43.4531593],[3.7541225,43.4531674],[3.7541448,43.4531813],[3.7541598,43.4531996],[3.7541658,43.4532205],[3.7541623,43.4532417],[3.7541497,43.453261],[3.7541292,43.4532763],[3.754103,43.453286]]},"properties":{"osm_id":"way/1169603653","category":"road","highway":"residential","surface":"asphalt"}},{"type":"Feature","geometry":{"type":"LineString","coordinates":[[3.7567916,43.4546773],[3.756774,43.4546934],[3.7567505,43.4547049],[3.7567233,43.4547106],[3.756695,43.4547101],[3.7566691,43.4547038],[3.756647,43.4546923],[3.7566304,43.4546765],[3.7566209,43.454658],[3.7566193,43.4546382],[3.7566257,43.454619]]},"properties":{"osm_id":"way/1169603657","category":"road","highway":"residential","surface":"asphalt"}},{"type":"Feature","geometry":{"type":"LineString","coordinates":[[3.7593506,43.4591471],[3.7593229,43.4590446],[3.7591886,43.4587045]]},"properties":{"osm_id":"way/1169603658","category":"road","highway":"unclassified","name":"Rue de la Bergerie"}},{"type":"Feature","geometry":{"type":"LineString","coordinates":[[3.7620545,43.4610331],[3.7620837,43.4611808],[3.7621921,43.4613775],[3.7623896,43.4617106],[3.7625506,43.4621088],[3.7625837,43.462324],[3.7625711,43.4625313],[3.7624472,43.4628566],[3.7624217,43.4628985],[3.7621153,43.4634504]]},"properties":{"osm_id":"way/1169603659","category":"road","highway":"residential","name":"Avenue Claude Bernard","surface":"asphalt"}},{"type":"Feature","geometry":{"type":"LineString","coordinates":[[3.7629973,43.4579257],[3.7629299,43.4579288],[3.7628874,43.4579417],[3.7628087,43.4579876],[3.7625816,43.4581328],[3.762547,43.4581549],[3.7624861,43.4581937],[3.7624,43.4582487],[3.7622796,43.4583196],[3.7621549,43.4583706],[3.7620409,43.4583901],[3.7619123,43.4583871]]},"properties":{"osm_id":"way/1169603660","category":"road","highway":"residential","name":"Avenue Albert Schweitzer","surface":"asphalt"}},{"type":"Feature","geometry":{"type":"LineString","coordinates":[[3.7629502,43.4577286],[3.7629823,43.4577729],[3.7630002,43.4577934],[3.7630316,43.4578192]]},"properties":{"osm_id":"way/1169603661","category":"road","highway":"secondary","name":"Route de Montpellier","surface":"asphalt"}},{"type":"Feature","geometry":{"type":"LineString","coordinates":[[3.7590727,43.4407205],[3.7592066,43.4404489],[3.7592183,43.4404252],[3.7592744,43.4403109],[3.7593615,43.4401356],[3.7596836,43.4394875],[3.7599326,43.4389651]]},"properties":{"osm_id":"way/1169603664","category":"road","highway":"secondary","name":"Avenue du 81\u00e8me R\u00e9giment d'Infanterie","ref":"D 129","surface":"asphalt"}},{"type":"Feature","geometry":{"type":"LineString","coordinates":[[3.7437981,43.4488648],[3.7438321,43.4489105]]},"properties":{"osm_id":"way/1169637408","category":"road","highway":"secondary","surface":"asphalt"}},{"type":"Feature","geometry":{"type":"LineString","coordinates":[[3.7438253,43.4489622],[3.7437968,43.4489795],[3.7437456,43.4490019]]},"properties":{"osm_id":"way/1169637409","category":"road","highway":"secondary","surface":"asphalt"}},{"type":"Feature","geometry":{"type":"LineString","coordinates":[[3.7432965,43.4441278],[3.7432225,43.444161],[3.7431377,43.4441753]]},"properties":{"osm_id":"way/1169637410","category":"road","highway":"residential","surface":"asphalt"}},{"type":"Feature","geometry":{"type":"LineString","coordinates":[[3.7432395,43.443807],[3.7432963,43.4438345],[3.7433417,43.4438716]]},"properties":{"osm_id":"way/1169637411","category":"road","highway":"residential","surface":"asphalt"}},{"type":"Feature","geometry":{"type":"LineString","coordinates":[[3.7591245,43.4479363],[3.7591707,43.4478864],[3.7591932,43.4478659],[3.7593796,43.4478235],[3.759431,43.4478123]]},"properties":{"osm_id":"way/1170054620","category":"road","highway":"service"}},{"type":"Feature","geometry":{"type":"LineString","coordinates":[[3.7593493,43.448084],[3.7592766,43.4481164],[3.7591618,43.4481731]]},"properties":{"osm_id":"way/1170054624","category":"road","highway":"service"}},{"type":"Feature","geometry":{"type":"LineString","coordinates":[[3.7594962,43.4489156],[3.7594301,43.4487689],[3.7591618,43.4481731],[3.7589178,43.4479606]]},"properties":{"osm_id":"way/1170054625","category":"road","highway":"service"}},{"type":"Feature","geometry":{"type":"LineString","coordinates":[[3.7594301,43.4487689],[3.7595619,43.4487447],[3.7596232,43.4487345]]},"properties":{"osm_id":"way/1170054626","category":"road","highway":"service"}},{"type":"Feature","geometry":{"type":"LineString","coordinates":[[3.7685351,43.4660602],[3.7684918,43.4661044],[3.7684463,43.4661323],[3.7683934,43.4661521],[3.7683357,43.466163],[3.7682762,43.4661643],[3.7682177,43.4661561],[3.7681673,43.4661403],[3.7681224,43.4661174],[3.7680849,43.4660883]]},"properties":{"osm_id":"way/1172152788","category":"road","highway":"residential","surface":"asphalt"}},{"type":"Feature","geometry":{"type":"LineString","coordinates":[[3.7669854,43.4663261],[3.7669265,43.4663295],[3.7668679,43.4663249],[3.7668114,43.4663122],[3.7667594,43.466292],[3.7667135,43.4662651],[3.7666754,43.4662323]]},"properties":{"osm_id":"way/1172152789","category":"road","highway":"primary","name":"Rond-Point du Barnier","surface":"asphalt"}},{"type":"Feature","geometry":{"type":"LineString","coordinates":[[3.7672277,43.4661706],[3.7672098,43.4662034],[3.7671851,43.4662337],[3.7671542,43.4662608],[3.7671178,43.4662842],[3.7670769,43.4663031],[3.7670324,43.4663172],[3.7669854,43.4663261]]},"properties":{"osm_id":"way/1172152790","category":"road","highway":"primary","name":"Rond-Point du Barnier","surface":"asphalt"}},{"type":"Feature","geometry":{"type":"LineString","coordinates":[[3.7671922,43.4659823],[3.7672222,43.4660261],[3.7672386,43.4660736],[3.7672404,43.4661225],[3.7672277,43.4661706]]},"properties":{"osm_id":"way/1172152791","category":"road","highway":"primary","name":"Rond-Point du Barnier","surface":"asphalt"}},{"type":"Feature","geometry":{"type":"LineString","coordinates":[[3.7680849,43.4660883],[3.7680534,43.4660495],[3.7680351,43.4660065],[3.7680309,43.4659616],[3.7680411,43.4659172]]},"properties":{"osm_id":"way/1172152807","category":"road","highway":"residential","surface":"asphalt"}},{"type":"Feature","geometry":{"type":"LineString","coordinates":[[3.7680411,43.4659172],[3.768054,43.4658917],[3.7680716,43.4658678],[3.7680936,43.4658459]]},"properties":{"osm_id":"way/1172152808","category":"road","highway":"residential","surface":"asphalt"}},{"type":"Feature","geometry":{"type":"LineString","coordinates":[[3.7666754,43.4662323],[3.7666553,43.466208],[3.7666396,43.4661821]]},"properties":{"osm_id":"way/1172611459","category":"road","highway":"primary","name":"Rond-Point du Barnier","surface":"asphalt"}},{"type":"Feature","geometry":{"type":"LineString","coordinates":[[3.7666396,43.4661821],[3.7666245,43.4661407],[3.7666205,43.4660979],[3.7666278,43.4660553],[3.766646,43.4660146],[3.7666745,43.465977]]},"properties":{"osm_id":"way/1172684958","category":"road","highway":"primary","name":"Rond-Point du Barnier","surface":"asphalt"}},{"type":"Feature","geometry":{"type":"LineString","coordinates":[[3.7588102,43.4476498],[3.7588422,43.447719],[3.7588906,43.4477802],[3.7590368,43.4478795]]},"properties":{"osm_id":"way/1250607987","category":"road","highway":"residential","name":"Boulevard des R\u00e9publicains Espagnols","surface":"asphalt"}},{"type":"Feature","geometry":{"type":"LineString","coordinates":[[3.7584376,43.4465665],[3.7586251,43.4468455],[3.7586787,43.4469604],[3.7587042,43.4470578],[3.7587056,43.4471435],[3.7587029,43.4472389],[3.7587464,43.4474054],[3.7588102,43.4476498]]},"properties":{"osm_id":"way/1250607988","category":"road","highway":"residential","name":"Boulevard des R\u00e9publicains Espagnols","surface":"asphalt"}},{"type":"Feature","geometry":{"type":"LineString","coordinates":[[3.752883,43.4549412],[3.752975,43.4549653],[3.7531158,43.4550315],[3.7531641,43.4549886]]},"properties":{"osm_id":"way/1250607996","category":"road","highway":"service"}},{"type":"Feature","geometry":{"type":"LineString","coordinates":[[3.7684294,43.4662885],[3.768357,43.4662286],[3.7683006,43.4661955],[3.7682177,43.4661561]]},"properties":{"osm_id":"way/1310430438","category":"road","highway":"residential","name":"Rue des Sauniers","surface":"asphalt"}},{"type":"Feature","geometry":{"type":"LineString","coordinates":[[3.7595434,43.4578197],[3.7596257,43.4578347],[3.7596551,43.45784],[3.7597516,43.4578839],[3.7598428,43.45795],[3.7598911,43.4580162],[3.76004,43.4580542],[3.7601352,43.4580669],[3.7602572,43.4580688]]},"properties":{"osm_id":"way/1311812940","category":"road","highway":"service","access":"private"}},{"type":"Feature","geometry":{"type":"LineString","coordinates":[[3.7483286,43.4454322],[3.7483466,43.4454148],[3.7483732,43.4454048],[3.7484032,43.4454042],[3.7484306,43.4454131],[3.74845,43.4454297],[3.7484575,43.4454508],[3.7484517,43.4454721],[3.7484336,43.4454896],[3.748407,43.4454996],[3.748377,43.4455002],[3.7483496,43.4454913],[3.7483303,43.4454747],[3.7483227,43.4454536],[3.7483286,43.4454322]]},"properties":{"osm_id":"way/1314353237","category":"road","highway":"residential"}},{"type":"Feature","geometry":{"type":"LineString","coordinates":[[3.748312,43.4453811],[3.7483466,43.4454148]]},"properties":{"osm_id":"way/1314353238","category":"road","highway":"residential","name":"Rue Florian","surface":"asphalt"}},{"type":"Feature","geometry":{"type":"LineString","coordinates":[[3.748377,43.4455002],[3.7483361,43.4455427],[3.7479975,43.4457779],[3.747483,43.446199],[3.7474429,43.4462318]]},"properties":{"osm_id":"way/1314353239","category":"road","highway":"residential","name":"Rue Florian","surface":"asphalt"}},{"type":"Feature","geometry":{"type":"LineString","coordinates":[[3.7481897,43.4443866],[3.7485118,43.444572]]},"properties":{"osm_id":"way/1314353240","category":"road","highway":"service","surface":"ground"}},{"type":"Feature","geometry":{"type":"LineString","coordinates":[[3.7631256,43.4579569],[3.76312,43.4579584],[3.7631104,43.4579602],[3.7630984,43.4579616],[3.7630821,43.4579619],[3.7630745,43.4579615],[3.7630609,43.4579596],[3.7630517,43.4579575],[3.7630307,43.4579501],[3.7630123,43.4579394],[3.7629973,43.4579257]]},"properties":{"osm_id":"way/1332064628","category":"road","highway":"secondary","name":"Route de Montpellier","surface":"asphalt"}},{"type":"Feature","geometry":{"type":"LineString","coordinates":[[3.7595875,43.4523695],[3.7595275,43.4524068],[3.7594505,43.4524089],[3.7593912,43.4524167]]},"properties":{"osm_id":"way/1332073382","category":"road","highway":"residential","name":"Avenue des Justes","surface":"asphalt"}},{"type":"Feature","geometry":{"type":"LineString","coordinates":[[3.7587006,43.4508951],[3.7587418,43.4509756],[3.7588008,43.4510749],[3.7589494,43.4512887],[3.7590418,43.4514529],[3.7591598,43.451656]]},"properties":{"osm_id":"way/1332073383","category":"road","highway":"residential","name":"Rue du Soufre","surface":"asphalt"}},{"type":"Feature","geometry":{"type":"LineString","coordinates":[[3.7592146,43.4523781],[3.7592252,43.452358],[3.759244,43.4523415],[3.7592691,43.45233]]},"properties":{"osm_id":"way/1332073384","category":"road","highway":"secondary","name":"Avenue de la R\u00e9sistance","surface":"asphalt"}},{"type":"Feature","geometry":{"type":"LineString","coordinates":[[3.7593661,43.4526036],[3.75932,43.4525398],[3.7593036,43.4524962],[3.7592893,43.4524582]]},"properties":{"osm_id":"way/1332073385","category":"road","highway":"secondary","name":"Avenue de la R\u00e9sistance","surface":"asphalt"}},{"type":"Feature","geometry":{"type":"LineString","coordinates":[[3.7592146,43.4523781],[3.7591843,43.4523496],[3.7591407,43.4523047],[3.7591188,43.4522498]]},"properties":{"osm_id":"way/1332073389","category":"road","highway":"secondary","name":"Avenue de la R\u00e9sistance","surface":"asphalt"}},{"type":"Feature","geometry":{"type":"LineString","coordinates":[[3.7593748,43.4524362],[3.7593558,43.4524897],[3.7593569,43.4525336],[3.7593661,43.4526036]]},"properties":{"osm_id":"way/1332073390","category":"road","highway":"secondary","name":"Avenue de la R\u00e9sistance","surface":"asphalt"}},{"type":"Feature","geometry":{"type":"LineString","coordinates":[[3.7591595,43.4524709],[3.7591945,43.4524362],[3.7592038,43.4524179],[3.7592132,43.4523996]]},"properties":{"osm_id":"way/1332073391","category":"road","highway":"residential","name":"Rue Mar\u00e9chal Leclerc","surface":"asphalt"}},{"type":"Feature","geometry":{"type":"LineString","coordinates":[[3.7592613,43.4524511],[3.759215,43.4524643],[3.7591595,43.4524709]]},"properties":{"osm_id":"way/1332073392","category":"road","highway":"residential","name":"Rue Mar\u00e9chal Leclerc","surface":"asphalt"}},{"type":"Feature","geometry":{"type":"LineString","coordinates":[[3.7593791,43.4523515],[3.7594663,43.4523666],[3.7595875,43.4523695]]},"properties":{"osm_id":"way/1332073393","category":"road","highway":"residential","name":"Avenue des Justes","surface":"asphalt"}},{"type":"Feature","geometry":{"type":"LineString","coordinates":[[3.7596185,43.4523612],[3.7595875,43.4523695]]},"properties":{"osm_id":"way/1332073394","category":"road","highway":"residential","name":"Rue du Soufre","surface":"asphalt"}},{"type":"Feature","geometry":{"type":"LineString","coordinates":[[3.7630316,43.4578192],[3.7630497,43.4578127],[3.7630603,43.4578102],[3.7630835,43.4578077],[3.7631042,43.4578086],[3.7631304,43.4578142],[3.763145,43.4578199],[3.7631542,43.4578247],[3.7631661,43.4578328],[3.7631727,43.4578386],[3.7631834,43.4578514],[3.7631903,43.4578649],[3.7631931,43.4578752],[3.7631939,43.457885],[3.763193,43.4578951],[3.7631901,43.4579052],[3.7631811,43.4579215],[3.7631622,43.4579398],[3.7631463,43.4579492],[3.7631256,43.4579569]]},"properties":{"osm_id":"way/1332185561","category":"road","highway":"secondary","name":"Route de Montpellier","surface":"asphalt"}},{"type":"Feature","geometry":{"type":"LineString","coordinates":[[3.7629973,43.4579257],[3.7629889,43.4579137],[3.762985,43.4579052],[3.7629821,43.4578947],[3.7629813,43.4578809],[3.7629833,43.4578697],[3.7629909,43.4578527],[3.7629984,43.4578428],[3.7630072,43.4578343],[3.7630162,43.4578276],[3.7630316,43.4578192]]},"properties":{"osm_id":"way/1332185562","category":"road","highway":"secondary","name":"Route de Montpellier","surface":"asphalt"}},{"type":"Feature","geometry":{"type":"LineString","coordinates":[[3.7592691,43.45233],[3.7592979,43.4523249],[3.7593274,43.4523267],[3.7593562,43.4523359],[3.7593791,43.4523515],[3.7593935,43.4523718],[3.7593977,43.4523944],[3.7593912,43.4524167],[3.7593748,43.4524362]]},"properties":{"osm_id":"way/1332230679","category":"road","highway":"secondary","name":"Avenue de la R\u00e9sistance","surface":"asphalt"}},{"type":"Feature","geometry":{"type":"LineString","coordinates":[[3.7592893,43.4524582],[3.7592613,43.4524511],[3.7592378,43.4524381],[3.7592212,43.4524203],[3.7592132,43.4523996],[3.7592146,43.4523781]]},"properties":{"osm_id":"way/1332230680","category":"road","highway":"secondary","name":"Avenue de la R\u00e9sistance","surface":"asphalt"}},{"type":"Feature","geometry":{"type":"LineString","coordinates":[[3.7593748,43.4524362],[3.7593504,43.4524506],[3.7593207,43.4524582],[3.7592893,43.4524582]]},"properties":{"osm_id":"way/1332230681","category":"road","highway":"secondary","name":"Avenue de la R\u00e9sistance","surface":"asphalt"}},{"type":"Feature","geometry":{"type":"LineString","coordinates":[[3.7330203,43.4530543],[3.7330046,43.4529829],[3.7329837,43.4529495],[3.7325556,43.4527167],[3.7319492,43.4524343],[3.7317916,43.4523402],[3.7315964,43.4522663],[3.7314013,43.4522177],[3.7312674,43.4521681],[3.7311949,43.4521277]]},"properties":{"osm_id":"way/1356349880","category":"track","highway":"track"}},{"type":"Feature","geometry":{"type":"LineString","coordinates":[[3.73313,43.4530108],[3.7330383,43.4529456],[3.7328682,43.4528449],[3.7326024,43.4527094],[3.7322639,43.4525218],[3.7319746,43.452377],[3.7317596,43.4522524],[3.7317493,43.4522074],[3.7330137,43.4510592],[3.7332356,43.4508429],[3.7332922,43.4508122],[3.7333608,43.450775],[3.733383,43.450763],[3.7335908,43.450663],[3.7337394,43.4505155],[3.7345259,43.449464],[3.7346133,43.4494212],[3.7347662,43.4494069],[3.7351677,43.4487098],[3.7355636,43.4480605],[3.735598,43.4479943]]},"properties":{"osm_id":"way/1356349881","category":"track","highway":"track"}},{"type":"Feature","geometry":{"type":"LineString","coordinates":[[3.7317493,43.4522074],[3.7316497,43.4522043],[3.7315011,43.4521688],[3.7313525,43.4521155],[3.7313525,43.452065],[3.7313864,43.451994],[3.7317532,43.4515393],[3.7321237,43.4510778],[3.7321764,43.4510601],[3.7322365,43.4510874],[3.7324397,43.4512021],[3.7324773,43.4511993],[3.7324848,43.4511693],[3.732545,43.4508457],[3.7327495,43.4506817],[3.7328544,43.4506421],[3.7329702,43.4506706],[3.7332922,43.4508122]]},"properties":{"osm_id":"way/1356349882","category":"track","highway":"track"}},{"type":"Feature","geometry":{"type":"LineString","coordinates":[[3.7327495,43.4506817],[3.7328063,43.4506262],[3.7328937,43.4506104],[3.7330161,43.4506231],[3.7333608,43.450775]]},"properties":{"osm_id":"way/1356349883","category":"track","highway":"track"}},{"type":"Feature","geometry":{"type":"LineString","coordinates":[[3.7353616,43.4521016],[3.7354445,43.4521762],[3.7358501,43.4525105],[3.7360074,43.4526548],[3.7360161,43.4526944],[3.7359615,43.4527832],[3.7358841,43.4528569],[3.7358972,43.4528923],[3.7362481,43.4531318],[3.7366346,43.4534655],[3.736698,43.453488],[3.7367772,43.4534671],[3.7369321,43.4533852],[3.7370281,43.453325],[3.7371049,43.4533024],[3.7371938,43.4533093],[3.7372994,43.4533451],[3.737459,43.4534732],[3.7375551,43.4534984],[3.7376904,43.4534914],[3.7382397,43.4531277],[3.7389824,43.4520532],[3.7389843,43.4519454],[3.7388959,43.4518757],[3.7378065,43.4510766]]},"properties":{"osm_id":"way/1356349885","category":"track","highway":"track"}},{"type":"Feature","geometry":{"type":"Polygon","coordinates":[[[3.7368539,43.451131],[3.7371991,43.4513005],[3.7375594,43.4511568],[3.7380796,43.4508216],[3.7388434,43.4503703],[3.7389652,43.4502837],[3.7384976,43.4499241],[3.7383707,43.4498781],[3.737919,43.449972],[3.7373709,43.4502797],[3.7369424,43.4506597],[3.7368239,43.4508222],[3.7368051,43.4509273],[3.7368671,43.450997],[3.7368446,43.4510407],[3.7368539,43.451131]]]},"properties":{"osm_id":"way/1356349886","category":"water_point","natural":"water"}},{"type":"Feature","geometry":{"type":"LineString","coordinates":[[3.7299724,43.4584913],[3.7299764,43.4586101],[3.7299858,43.4586782],[3.7300059,43.4587123],[3.7300448,43.4587376],[3.7301441,43.4587785],[3.7302071,43.4587911],[3.7302741,43.4587911],[3.7303492,43.4587775],[3.730431,43.4587308],[3.7305222,43.4586899],[3.7306268,43.4586587],[3.7310453,43.4585624],[3.7311311,43.4585234],[3.7312518,43.4584524],[3.7313792,43.4583978],[3.7315173,43.4583599],[3.7316112,43.4583073],[3.7316501,43.4582509],[3.7316367,43.4581924],[3.731571,43.4581574],[3.7314878,43.4581331],[3.731398,43.4581253],[3.7310158,43.4581671],[3.7305897,43.4582124]]},"properties":{"osm_id":"way/1390231343","category":"track","highway":"track","tracktype":"grade4"}},{"type":"Feature","geometry":{"type":"LineString","coordinates":[[3.7386654,43.4692521],[3.7386185,43.46911],[3.7384187,43.4687907],[3.7383677,43.4686924],[3.7383677,43.4686476],[3.7383825,43.4686009],[3.7384482,43.4685581]]},"properties":{"osm_id":"way/1390231344","category":"track","highway":"track","tracktype":"grade4"}},{"type":"Feature","geometry":{"type":"LineString","coordinates":[[3.7359562,43.4695313],[3.7360369,43.4694827],[3.7363359,43.4693611],[3.7364218,43.4693168],[3.7364814,43.4692803],[3.7365217,43.4692438],[3.7365431,43.4692083],[3.7365619,43.4691324],[3.736582,43.4689937],[3.7365995,43.4689484],[3.7366377,43.4689182],[3.7369488,43.4687956],[3.737909,43.468452],[3.7379694,43.4684384],[3.7380137,43.4684423],[3.7380485,43.4684666],[3.738369,43.4689221],[3.7385756,43.4691888],[3.7386131,43.469218],[3.7386654,43.4692521],[3.7387821,43.4694419],[3.7389565,43.4696657],[3.7390007,43.4697387],[3.7391429,43.4701115],[3.7391563,43.4702098],[3.7391523,43.4702945],[3.7391201,43.4704327],[3.7391147,43.470566],[3.739159,43.4707704],[3.7391536,43.4708093],[3.7391335,43.4708473],[3.7390785,43.470893],[3.7389752,43.4709563],[3.7387164,43.4711003],[3.7381732,43.4714429],[3.7380069,43.4715334],[3.737893,43.4715782],[3.7378031,43.4716025],[3.7377468,43.4716025],[3.7376958,43.4715928],[3.7375697,43.4715578],[3.7374933,43.4715675]]},"properties":{"osm_id":"way/1390231346","category":"track","highway":"track","tracktype":"grade4"}},{"type":"Feature","geometry":{"type":"LineString","coordinates":[[3.7351383,43.4664917],[3.7352201,43.4664752],[3.7352872,43.4664333],[3.735369,43.4663506],[3.7354602,43.4662143],[3.7355085,43.466155],[3.7355822,43.4661102],[3.7358974,43.4659798],[3.7359524,43.4659788],[3.7360087,43.4660099]]},"properties":{"osm_id":"way/1390231347","category":"track","highway":"track","tracktype":"grade2"}},{"type":"Feature","geometry":{"type":"LineString","coordinates":[[3.7416628,43.461222],[3.7416105,43.4612588],[3.741581,43.461324],[3.7415233,43.4613455],[3.7415153,43.4614603],[3.741459,43.4614895],[3.7414254,43.4615255],[3.7413825,43.4615285],[3.741172,43.4615995],[3.7411371,43.4616268],[3.7411156,43.4616784],[3.7409882,43.4617115],[3.7409252,43.4617115],[3.7408327,43.4616818],[3.7408085,43.4616448],[3.7407991,43.4615903],[3.7407663,43.4615669],[3.7406583,43.4615358],[3.7405135,43.4615372]]},"properties":{"osm_id":"way/1390231348","category":"track","highway":"path"}},{"type":"Feature","geometry":{"type":"LineString","coordinates":[[3.7393977,43.4669249],[3.7393816,43.4667808],[3.7393923,43.4667156],[3.7394272,43.4666757],[3.7394245,43.4666426],[3.7394111,43.4665998],[3.7394178,43.466481],[3.7394835,43.4664324],[3.7394956,43.4663642],[3.7395117,43.4663409],[3.7394942,43.4662941],[3.7394433,43.4662416],[3.7394419,43.4662134],[3.7394245,43.4661842],[3.7394205,43.4661462],[3.7393628,43.4661102],[3.739336,43.4660751],[3.7393481,43.4660313],[3.7392515,43.4657286],[3.739273,43.465677],[3.7392595,43.4656099],[3.739273,43.465568],[3.7392595,43.4655048],[3.7392797,43.4654746],[3.7392649,43.4654356],[3.7392703,43.4654133],[3.7393025,43.4653899],[3.7392904,43.4653646],[3.7392917,43.4653422],[3.7392488,43.4652906],[3.7392475,43.4652312],[3.739336,43.4651592],[3.739336,43.4650015],[3.739277,43.464947],[3.7392716,43.4649217],[3.7392984,43.4649003],[3.7392984,43.4648691],[3.7392421,43.464802],[3.7392139,43.4647806],[3.7392072,43.4647543],[3.7392166,43.4646608],[3.7392448,43.4646297],[3.7392461,43.4646141],[3.7392046,43.4645723],[3.7391965,43.4645158],[3.7390718,43.4644068],[3.7390785,43.464362],[3.7390423,43.4642822],[3.7390865,43.4641518],[3.7390865,43.4640282],[3.7390812,43.4640038],[3.7390973,43.4639795],[3.7390986,43.4639415],[3.7391697,43.4638783],[3.739167,43.463851],[3.7391898,43.4637965],[3.7392609,43.4637459],[3.7392957,43.4636923],[3.739344,43.4636622],[3.7393628,43.4636369],[3.7393346,43.4635775],[3.73934,43.4635327],[3.7393601,43.4635152],[3.7394366,43.4632543],[3.7394406,43.4631599],[3.739509,43.4631034],[3.7395599,43.4630051],[3.7396243,43.4627102],[3.7396552,43.4626732],[3.7396927,43.4625165],[3.7397142,43.462351],[3.7396847,43.4622644],[3.739682,43.4622206],[3.7396941,43.4621768],[3.7397316,43.4621271],[3.739749,43.4620356],[3.7397785,43.462021],[3.7398,43.4619879],[3.7398255,43.4619733],[3.739863,43.4619733],[3.739965,43.4619344],[3.7400012,43.4619013],[3.7400749,43.4618711],[3.7401688,43.4618516],[3.7403391,43.4618078],[3.7405027,43.4617465],[3.7405336,43.4617008],[3.7404813,43.4616287],[3.7404826,43.4615937],[3.7405135,43.4615372],[3.7404679,43.4614613],[3.7404236,43.4614379],[3.7403619,43.4613591],[3.7403552,43.4613124],[3.7403204,43.461253],[3.7401983,43.4611654],[3.740142,43.4611001],[3.7400763,43.4609717],[3.7400039,43.4609279],[3.7398724,43.4608091],[3.7397651,43.4607565]]},"properties":{"osm_id":"way/1390231349","category":"track","highway":"path"}},{"type":"Feature","geometry":{"type":"LineString","coordinates":[[3.7435297,43.4616725],[3.7435015,43.4617757],[3.7434599,43.4618838],[3.7434532,43.4619295],[3.7433995,43.4619869],[3.7433955,43.4620843],[3.7433445,43.4622293],[3.7433137,43.4622829],[3.743307,43.4624941],[3.7432815,43.4625612],[3.7433057,43.4626323],[3.7433204,43.4627949],[3.743185,43.4628932],[3.7431434,43.462899],[3.7430978,43.4629428],[3.7430696,43.4629496],[3.7430012,43.4629827],[3.7429878,43.4629993],[3.7428215,43.463083],[3.7426753,43.4631784],[3.7426458,43.4632894],[3.7425841,43.4633361],[3.7425144,43.4634597],[3.742446,43.4636135],[3.7424125,43.4637099],[3.7424138,43.4637556],[3.7423776,43.4638014],[3.7423481,43.4638529],[3.7423468,43.4639493],[3.7423119,43.4640126],[3.7423079,43.4640788],[3.7423213,43.464108],[3.7423146,43.4641381],[3.7422623,43.4642131],[3.742222,43.4643542],[3.7422059,43.4644779],[3.742214,43.464508],[3.7422059,43.4645343],[3.742155,43.4645888],[3.742104,43.4646842],[3.7420665,43.4647066],[3.7420155,43.4647601],[3.7419324,43.4648906],[3.7417902,43.4650239],[3.7417808,43.4650531],[3.741754,43.4650813],[3.7416574,43.4651261],[3.7415139,43.4652663],[3.7414831,43.4652838],[3.741475,43.4653072],[3.7414831,43.465348],[3.741471,43.465388],[3.7414093,43.4654395],[3.7413892,43.4654775],[3.7413584,43.4655953],[3.7413557,43.4656313],[3.7413302,43.4656693],[3.7411652,43.4658065],[3.7411304,43.4658211],[3.7410834,43.465823],[3.7410539,43.4658396],[3.741011,43.4658435],[3.7409829,43.4658668],[3.7407656,43.4659467],[3.7407187,43.4659418],[3.7406342,43.4660128],[3.740547,43.4660333],[3.7405349,43.4660927],[3.7404987,43.4661491],[3.7404478,43.466153],[3.7404236,43.4662026],[3.7402734,43.4663418],[3.7402238,43.4663389],[3.7401849,43.4663506],[3.7401299,43.4663895],[3.7400776,43.4664577],[3.7400602,43.4665462],[3.7399891,43.4665881],[3.739973,43.4666737],[3.7399274,43.4667399],[3.7398885,43.4667769],[3.7397477,43.4668334],[3.7397262,43.4668489],[3.7396739,43.4668694],[3.7396002,43.4668694],[3.7394755,43.4669044],[3.7394325,43.4669073],[3.7393977,43.4669249]]},"properties":{"osm_id":"way/1390231350","category":"track","highway":"path"}},{"type":"Feature","geometry":{"type":"LineString","coordinates":[[3.7390463,43.4604285],[3.7390248,43.460446],[3.7389658,43.4605463],[3.7389135,43.4606115],[3.7388867,43.460665],[3.7388545,43.4608656],[3.7388438,43.4611284],[3.7388277,43.4611712],[3.7388264,43.4612676],[3.7388183,43.4613513],[3.7388344,43.4615528],[3.7389243,43.4618643],[3.7389283,43.4619753],[3.7389135,43.4621291],[3.7387995,43.4624289],[3.7387741,43.4624542],[3.7386882,43.4624892],[3.7386158,43.4625389],[3.7385313,43.4625544],[3.738416,43.4626158],[3.7383583,43.4626119],[3.7382758,43.4625642],[3.7381833,43.4625471],[3.7381203,43.4624985],[3.7380606,43.4624994],[3.7380157,43.4624931],[3.7379808,43.4624654],[3.7379446,43.4624556],[3.7379097,43.46246],[3.7378762,43.4624727],[3.7377924,43.4624503],[3.7377293,43.4624542],[3.7374765,43.4625291]]},"properties":{"osm_id":"way/1390231351","category":"track","highway":"path"}},{"type":"Feature","geometry":{"type":"LineString","coordinates":[[3.7399114,43.4596117],[3.7399408,43.4597315],[3.7399448,43.4598415],[3.739922,43.459895],[3.739851,43.4599817],[3.7397879,43.4600177],[3.7397303,43.4600342],[3.7395747,43.4600488],[3.7392367,43.4601793],[3.7391281,43.4602484],[3.7390798,43.4602951],[3.7390476,43.4603457],[3.7390369,43.4603983],[3.7390463,43.4604285],[3.7390839,43.4604713],[3.7391496,43.4605161],[3.7392515,43.4605521],[3.7394862,43.4606232],[3.739619,43.4606796],[3.7397651,43.4607565]]},"properties":{"osm_id":"way/1390231352","category":"track","highway":"track","tracktype":"grade4"}},{"type":"Feature","geometry":{"type":"LineString","coordinates":[[3.7362622,43.463266],[3.7363896,43.4633361],[3.7364446,43.4633818],[3.7364955,43.4634646],[3.736521,43.4635551],[3.7365854,43.4638578],[3.7366404,43.4640058],[3.7367155,43.4645051],[3.7367745,43.4646793],[3.7367611,43.4646988],[3.7366913,43.4647699],[3.7366793,43.4648331],[3.7366806,43.4648614],[3.7367356,43.4649266],[3.7367637,43.4650171],[3.7368187,43.4650872],[3.7368643,43.4650959],[3.7370333,43.4654045],[3.7371258,43.4655349],[3.737264,43.4657014],[3.7372667,43.4657637],[3.737276,43.4657938],[3.7373619,43.4658415],[3.7373874,43.46586],[3.7374276,43.4658707],[3.7375027,43.4659214],[3.7376784,43.4659817],[3.7377226,43.4659924],[3.7378138,43.4660255],[3.7378567,43.4660566],[3.737901,43.4661014],[3.7379707,43.4661141],[3.7380069,43.4661306],[3.7381089,43.4661452],[3.7381665,43.4661384],[3.7382483,43.4661559],[3.7383543,43.4661686],[3.7384039,43.4662056],[3.738416,43.4662387],[3.7384991,43.4663058],[3.7385635,43.4664236],[3.7387486,43.46652],[3.7387754,43.4665414],[3.7388049,43.4665949],[3.7388317,43.4666046],[3.7388532,43.4666222],[3.7389685,43.4668013],[3.7390155,43.4668489],[3.7390597,43.4668704],[3.7390932,43.4669463],[3.7391201,43.4669657],[3.7391657,43.4669706],[3.7393279,43.4669473],[3.7393977,43.4669249]]},"properties":{"osm_id":"way/1390231353","category":"track","highway":"path"}},{"type":"Feature","geometry":{"type":"LineString","coordinates":[[3.7367222,43.4621106],[3.7367772,43.4621398],[3.7368281,43.4621524],[3.7370011,43.4621991],[3.7370628,43.4622069],[3.7371151,43.4622313],[3.7373149,43.4623695],[3.7373914,43.4624454],[3.7374765,43.4625291],[3.7375,43.4625768],[3.7375872,43.4629126],[3.7377548,43.4634412],[3.7377843,43.4635152],[3.7377951,43.4635989],[3.7377615,43.4637167],[3.7377696,43.4639951],[3.7377226,43.4641839],[3.7377669,43.4644934],[3.7378138,43.4646268],[3.7378152,43.4647572],[3.7378031,43.4647903],[3.7377615,43.4648351],[3.7375979,43.4651086],[3.7375657,43.4651826],[3.7375577,43.4652419],[3.7375242,43.4653062],[3.7374839,43.4654619],[3.7374584,43.4654853],[3.737441,43.4655379],[3.737445,43.4655709],[3.7373619,43.4658415],[3.7373444,43.4659116],[3.7372868,43.466045],[3.7371862,43.4661248],[3.737154,43.4661725],[3.7371352,43.4662445],[3.7371325,43.4663165],[3.7370548,43.4664071],[3.7370548,43.4664518],[3.7379439,43.4678992],[3.7379493,43.4679605],[3.7381129,43.4682934],[3.7383677,43.4686924]]},"properties":{"osm_id":"way/1390231354","category":"track","highway":"path"}},{"type":"Feature","geometry":{"type":"LineString","coordinates":[[3.7385561,43.4597154],[3.7384817,43.4597393],[3.7383945,43.459749],[3.7382899,43.4597529],[3.7382269,43.4597646],[3.7381518,43.4597957],[3.7380834,43.4598483],[3.7380418,43.459898],[3.7380002,43.4600128],[3.737956,43.4600732],[3.7378795,43.4602435],[3.7378165,43.4604421],[3.7377709,43.460631],[3.7377575,43.4607088],[3.7377629,43.4607731],[3.737779,43.460848],[3.7377776,43.4608957],[3.7377548,43.4609434],[3.7376381,43.4611147],[3.7375148,43.4613766],[3.7374826,43.4614204],[3.7373257,43.4615839],[3.7372586,43.4616239],[3.7371406,43.4617358],[3.7370682,43.461839],[3.7369649,43.4619324],[3.7368281,43.4621524],[3.736753,43.4621914],[3.7366605,43.4622848],[3.7366095,43.4623101],[3.7364043,43.4623792]]},"properties":{"osm_id":"way/1390231355","category":"track","highway":"path"}},{"type":"Feature","geometry":{"type":"LineString","coordinates":[[3.7315013,43.4588612],[3.7318808,43.4591435],[3.7320524,43.4592827],[3.7321705,43.4593548],[3.732255,43.4594258],[3.7323193,43.4595027],[3.7324615,43.4597714],[3.7325205,43.4598561],[3.7325889,43.459934],[3.7326613,43.4599992],[3.7327324,43.4600323],[3.732833,43.4600586],[3.7341191,43.4601248],[3.7341633,43.4601394],[3.7341942,43.4601705],[3.7342666,43.4602591],[3.7343082,43.4602893],[3.7344611,43.4603321],[3.7346636,43.4603652],[3.734787,43.460374],[3.7350069,43.4603681],[3.7353462,43.4603214],[3.7355648,43.4603195],[3.7362085,43.4603681],[3.7365089,43.4603769],[3.7366216,43.4603876],[3.7367704,43.4604149],[3.7372774,43.4605716],[3.737433,43.4606456],[3.7374987,43.4606689],[3.7376019,43.4606767]]},"properties":{"osm_id":"way/1390231356","category":"track","highway":"track","tracktype":"grade4"}},{"type":"Feature","geometry":{"type":"LineString","coordinates":[[3.7292554,43.4592826],[3.7293461,43.4593265],[3.7294668,43.4594025],[3.7295365,43.4594161],[3.7296358,43.4594083],[3.7297806,43.4593655],[3.7299657,43.4593441],[3.7300649,43.4592876],[3.730132,43.4592117],[3.7302607,43.4588826],[3.7303305,43.4588301],[3.7304136,43.4588125],[3.7307435,43.4587989],[3.7311834,43.4588106],[3.7313309,43.4588252],[3.7314302,43.458833],[3.7315013,43.4588612]]},"properties":{"osm_id":"way/1390231357","category":"track","highway":"path"}},{"type":"Feature","geometry":{"type":"LineString","coordinates":[[3.7299536,43.4580065],[3.729798,43.4581798],[3.7297712,43.4582557],[3.7297779,43.4583346],[3.7298101,43.4584027],[3.7298584,43.4584533],[3.7299094,43.4584816],[3.7299724,43.4584913],[3.7300421,43.4584806],[3.7302178,43.4583735],[3.7304552,43.4582664],[3.7305897,43.4582124],[3.7307073,43.4581652],[3.7313578,43.4579471],[3.7315321,43.4579023],[3.7316783,43.457878],[3.7318379,43.4578683],[3.7323944,43.4578644],[3.7325057,43.457877],[3.7331736,43.4580279],[3.7332702,43.4580717],[3.7336805,43.4583648],[3.7338214,43.4584835],[3.7339501,43.4585925],[3.7343712,43.458906],[3.7344597,43.4589858],[3.7344973,43.4590549],[3.7345496,43.4592097]]},"properties":{"osm_id":"way/1390231358","category":"track","highway":"track","tracktype":"grade2"}},{"type":"Feature","geometry":{"type":"LineString","coordinates":[[3.7318597,43.4534404],[3.7327445,43.4545642],[3.7327538,43.454646],[3.7327512,43.4547667],[3.7327364,43.4548494],[3.7326935,43.4549215],[3.7326385,43.4549818],[3.7325983,43.4549906],[3.7323891,43.4549429],[3.7323394,43.4549448],[3.7322898,43.4549604],[3.7320149,43.4551688],[3.7315723,43.4554092],[3.7305397,43.4567731],[3.7303479,43.4570467],[3.7299147,43.4579608],[3.7299201,43.45799],[3.7299536,43.4580065],[3.7299992,43.4580114],[3.7300488,43.4579948],[3.7302634,43.4578761],[3.7308428,43.4576755],[3.7312075,43.4575655],[3.7314664,43.4575052],[3.7318204,43.4574604],[3.7319827,43.4574507],[3.7324843,43.4575168],[3.7326063,43.4575558],[3.7328652,43.4576872],[3.7329148,43.457696],[3.7329684,43.4576901],[3.7330811,43.4576561],[3.7331374,43.4576512],[3.7331951,43.4576619],[3.7332997,43.4577213],[3.7336081,43.4579131],[3.7336725,43.4579851],[3.7337396,43.4580883],[3.7337811,43.458207],[3.7338026,43.4583112],[3.7338214,43.4584835]]},"properties":{"osm_id":"way/1390231359","category":"track","highway":"track","tracktype":"grade2"}},{"type":"Feature","geometry":{"type":"LineString","coordinates":[[3.749266,43.4638922],[3.7491958,43.4639259],[3.7491314,43.4639269],[3.7491019,43.4639454],[3.7490496,43.4640174],[3.7490831,43.4640651],[3.7490939,43.4641401],[3.7490724,43.4641664],[3.7490644,43.4642978],[3.7490469,43.464326],[3.7490308,43.4643737],[3.749059,43.4644068],[3.7490442,43.4645489],[3.7490161,43.4645898],[3.7490349,43.4646939],[3.749063,43.4647854],[3.7490563,43.4648263],[3.7490831,43.4648847],[3.7490483,43.4649392],[3.7490764,43.4651222],[3.7490764,43.4652556],[3.7490469,43.4653218],[3.7490603,43.4654678],[3.7490818,43.4654931],[3.7490992,43.4655924],[3.7490872,43.4656323],[3.7490617,43.4656527],[3.7490563,43.4656955],[3.7490952,43.4657442],[3.7490791,43.4657724],[3.7491046,43.4659068],[3.7491274,43.4659583],[3.7491569,43.4660868],[3.7491542,43.4661335],[3.7491958,43.4661949],[3.7491958,43.4662854],[3.7492266,43.4663409],[3.7492923,43.4663701],[3.7493245,43.4663963],[3.7493299,43.4664255],[3.7492749,43.4664966],[3.7492695,43.4665346],[3.7492843,43.4665667],[3.7493151,43.4666085],[3.7493125,43.4666494],[3.7492897,43.4666796],[3.7492441,43.4666981],[3.7492052,43.4667302],[3.7492213,43.4667867],[3.7491931,43.4668733],[3.7491837,43.466958],[3.7491207,43.4671225],[3.7491126,43.4671867],[3.749126,43.4672441],[3.749122,43.4672772],[3.7491006,43.4673483]]},"properties":{"osm_id":"way/1390234140","category":"track","highway":"path"}},{"type":"Feature","geometry":{"type":"LineString","coordinates":[[3.7508587,43.4623451],[3.7508722,43.4623831],[3.7508185,43.462423],[3.7508118,43.4624513],[3.7508655,43.4624707],[3.7509084,43.4625622],[3.750903,43.4625836],[3.7509406,43.4625973],[3.7509499,43.4626946],[3.7510076,43.4627053],[3.75108,43.4627462],[3.7511846,43.4628776],[3.7512732,43.4629243],[3.7514167,43.4630762],[3.7515119,43.4632047],[3.7515351,43.4632652]]},"properties":{"osm_id":"way/1390234141","category":"track","highway":"path"}},{"type":"Feature","geometry":{"type":"LineString","coordinates":[[3.7513845,43.4616365],[3.7514099,43.4616832],[3.751422,43.4617465],[3.7514529,43.4617991]]},"properties":{"osm_id":"way/1390234142","category":"track","highway":"path"}},{"type":"Feature","geometry":{"type":"LineString","coordinates":[[3.7515816,43.4616686],[3.7515347,43.4616988],[3.7515146,43.4617514],[3.7514529,43.4617991],[3.7513898,43.4618273],[3.7513643,43.4618536],[3.7513496,43.4619052],[3.7513268,43.4619169],[3.7513281,43.4619412],[3.7513912,43.4620035],[3.7513764,43.4620531],[3.7513858,43.4621553],[3.7512557,43.4623286]]},"properties":{"osm_id":"way/1390234143","category":"track","highway":"path"}},{"type":"Feature","geometry":{"type":"LineString","coordinates":[[3.7558316,43.4618828],[3.7559375,43.461912],[3.7560394,43.4619577],[3.7560824,43.4619684],[3.7561159,43.4619957],[3.7561762,43.4619996],[3.7562084,43.4620132],[3.7562983,43.4620278],[3.7564565,43.4620249],[3.756533,43.4620142],[3.7566255,43.462021],[3.7569796,43.462022],[3.7570265,43.4620395],[3.7570761,43.4620268],[3.75774,43.4620337],[3.7578151,43.462023],[3.757921,43.4619967]]},"properties":{"osm_id":"way/1390234144","category":"track","highway":"path"}},{"type":"Feature","geometry":{"type":"LineString","coordinates":[[3.7551972,43.4623831],[3.7552334,43.462498],[3.7553689,43.4626966],[3.7554789,43.4628348],[3.7555365,43.4629058],[3.7556063,43.4629652],[3.7557819,43.4630606],[3.7558329,43.4631161],[3.7558731,43.4631949],[3.7559053,43.4632845],[3.7559389,43.4634344],[3.7559724,43.4635035],[3.7560368,43.4635892],[3.7561159,43.4636563],[3.7562098,43.4636953],[3.7562929,43.4637069],[3.7565196,43.4636982],[3.7566107,43.463704],[3.7567019,43.4637215],[3.7568006,43.4637695]]},"properties":{"osm_id":"way/1390234145","category":"track","highway":"track","tracktype":"grade2"}},{"type":"Feature","geometry":{"type":"LineString","coordinates":[[3.7532647,43.4593139],[3.7533666,43.4593304],[3.7538293,43.4594492],[3.7539044,43.4594872],[3.7539607,43.459493],[3.7542021,43.4595602],[3.7543228,43.4596137],[3.7544341,43.4597081],[3.7551396,43.4606864],[3.7552764,43.4609541],[3.7556867,43.4615051],[3.7557524,43.4616433],[3.7558235,43.4618361],[3.7558316,43.4618828],[3.7558047,43.4619607],[3.7557739,43.4620298],[3.7557551,43.4620969],[3.7557109,43.462167],[3.7555875,43.4622916],[3.7555459,43.4624104],[3.7555352,43.462497],[3.7555084,43.46257],[3.7554614,43.4626703],[3.7554628,43.4627686],[3.7554789,43.4628348]]},"properties":{"osm_id":"way/1390234146","category":"track","highway":"path"}},{"type":"Feature","geometry":{"type":"LineString","coordinates":[[3.7548807,43.4617348],[3.7547694,43.4616949],[3.7546326,43.4616988],[3.7545307,43.4616823],[3.7543617,43.4616063],[3.7541699,43.4614194],[3.7540251,43.4613532],[3.7538441,43.4611985],[3.7536804,43.4611128]]},"properties":{"osm_id":"way/1390234147","category":"track","highway":"path"}},{"type":"Feature","geometry":{"type":"LineString","coordinates":[[3.753549,43.4613172],[3.7535758,43.4613776],[3.7537368,43.4615771],[3.7537649,43.4615976],[3.7537958,43.4616034],[3.7538427,43.4616044]]},"properties":{"osm_id":"way/1390234148","category":"track","highway":"path"}},{"type":"Feature","geometry":{"type":"LineString","coordinates":[[3.7487152,43.4622031],[3.7489611,43.4620882],[3.7490818,43.4620268],[3.7493259,43.4619256],[3.7495431,43.4618273],[3.7496933,43.4617884],[3.7499428,43.4617757],[3.7502995,43.4616978],[3.7503947,43.4616579],[3.7507005,43.4615703],[3.7509781,43.4615226],[3.7510572,43.4615216],[3.7511699,43.4615392],[3.751253,43.4615625],[3.7513845,43.4616365],[3.751481,43.4616677],[3.7515816,43.4616686],[3.7518968,43.4616784],[3.7521395,43.4616462],[3.7523071,43.461619],[3.7524573,43.461581],[3.7527443,43.4614632],[3.753152,43.4613192],[3.7532862,43.4612929],[3.753427,43.4612851],[3.7535061,43.461288],[3.753549,43.4613172],[3.7536362,43.4613231],[3.7537032,43.4613416],[3.7537864,43.4613951],[3.7538333,43.4614516],[3.753832,43.4615187],[3.7538427,43.4616044],[3.7538601,43.4616414],[3.7538695,43.4617056],[3.7539245,43.4618098],[3.7540171,43.4619509],[3.7540707,43.4619976],[3.7541378,43.4620434],[3.7542222,43.4620414],[3.7542678,43.4620463],[3.7542987,43.4620619],[3.7543309,43.4620638],[3.7543684,43.4620522],[3.7544851,43.4619762],[3.7546688,43.4618458],[3.7548807,43.4617348],[3.7549143,43.4617368],[3.7549853,43.461765],[3.7550524,43.4617689],[3.7551114,43.4617669],[3.7551543,43.4617864],[3.7552308,43.4617874],[3.7552951,43.4618244],[3.7553796,43.4618497],[3.7554628,43.4618594],[3.7555647,43.4618565],[3.7556425,43.4618409],[3.7557149,43.4618487],[3.7558235,43.4618361]]},"properties":{"osm_id":"way/1390234149","category":"track","highway":"path"}},{"type":"Feature","geometry":{"type":"LineString","coordinates":[[3.7463459,43.4624221],[3.7464894,43.4624396],[3.7465847,43.4624367],[3.7466839,43.4624766],[3.7468582,43.4625028],[3.7470111,43.4624659],[3.7471694,43.4624036],[3.7471908,43.4623841],[3.7472753,43.4623413],[3.7473236,43.4622936],[3.7473598,43.4621982],[3.7474886,43.4620609],[3.7475757,43.4620122],[3.7477434,43.4619568],[3.7479432,43.461913],[3.748029,43.46191],[3.7480947,43.4619237],[3.7482087,43.4619305],[3.7483321,43.4619285],[3.7485132,43.4618984],[3.7485869,43.4618769],[3.7486365,43.4618799],[3.7487063,43.4619178],[3.7487524,43.4619287],[3.7489168,43.4619597],[3.7490818,43.4620268]]},"properties":{"osm_id":"way/1390234150","category":"track","highway":"path"}},{"type":"Feature","geometry":{"type":"LineString","coordinates":[[3.7514322,43.4429274],[3.7516688,43.4426616],[3.7517077,43.442645],[3.7517412,43.4426528],[3.7518176,43.4426966]]},"properties":{"osm_id":"way/1425891668","category":"road","highway":"service"}},{"type":"Feature","geometry":{"type":"LineString","coordinates":[[3.7538078,43.4452019],[3.7533863,43.4449807],[3.753078,43.4451942]]},"properties":{"osm_id":"way/1425891669","category":"road","highway":"residential","name":"Rue des Anciens Chais"}},{"type":"Feature","geometry":{"type":"LineString","coordinates":[[3.7557028,43.4428073],[3.7556672,43.4427778],[3.7556319,43.4427455],[3.7556076,43.4427233],[3.7555304,43.4426438],[3.7554618,43.4425609],[3.7553464,43.4423665],[3.7552246,43.4421519],[3.7551607,43.4420341]]},"properties":{"osm_id":"way/1433714994","category":"track","highway":"track","name":"Quai Jean-Jacques Rousseau"}},{"type":"Feature","geometry":{"type":"LineString","coordinates":[[3.754341,43.4414582],[3.7541994,43.4412078],[3.754005,43.4408923],[3.7537954,43.4405542],[3.753368,43.4398211],[3.7534259,43.439802]]},"properties":{"osm_id":"way/1435914942","category":"road","highway":"service"}},{"type":"Feature","geometry":{"type":"LineString","coordinates":[[3.754394,43.4414425],[3.7544523,43.4415391]]},"properties":{"osm_id":"way/1435914943","category":"road","highway":"residential","name":"Quai Voltaire","surface":"asphalt"}},{"type":"Feature","geometry":{"type":"LineString","coordinates":[[3.7356894,43.4694341],[3.7356842,43.4695003],[3.7357163,43.4695567],[3.7358049,43.4697047],[3.7358156,43.4697475],[3.7358129,43.4698253],[3.7358344,43.4699324],[3.735888,43.4700103],[3.7359256,43.4701018],[3.7359871,43.4701365]]},"properties":{"osm_id":"way/1452415174","category":"track","highway":"path"}},{"type":"Feature","geometry":{"type":"LineString","coordinates":[[3.7593274,43.4523267],[3.7593994,43.4523057],[3.7594223,43.4522872],[3.759425,43.4522435],[3.7593432,43.4520125],[3.7592092,43.4517333],[3.7591598,43.451656]]},"properties":{"osm_id":"way/1460213464","category":"road","highway":"residential","name":"Rue du Soufre","surface":"asphalt"}},{"type":"Feature","geometry":{"type":"LineString","coordinates":[[3.7627521,43.4574618],[3.7632955,43.4574852]]},"properties":{"osm_id":"way/1482290022","category":"road","highway":"service"}},{"type":"Feature","geometry":{"type":"LineString","coordinates":[[3.7658561,43.4622003],[3.7659415,43.462174],[3.7663395,43.462]]},"properties":{"osm_id":"way/1482291948","category":"road","highway":"service"}},{"type":"Feature","geometry":{"type":"LineString","coordinates":[[3.7402909,43.4269359],[3.74066,43.4271735],[3.7436075,43.4291866],[3.7471588,43.4316585],[3.7496586,43.4333861],[3.7502111,43.4337932],[3.7502925,43.4338696],[3.7503801,43.4340094],[3.751056,43.435143],[3.7515561,43.4360106],[3.7521128,43.4369076],[3.7532517,43.4388438],[3.7537247,43.4396537],[3.7538051,43.4397608],[3.7539848,43.439901],[3.7540868,43.4400432],[3.754245,43.4403061],[3.7544033,43.4405865],[3.7544211,43.4407037],[3.7544623,43.4408183],[3.7549978,43.4417398],[3.7551607,43.4420341]]},"properties":{"osm_id":"way/1482335681","category":"track","highway":"track"}},{"type":"Feature","geometry":{"type":"LineString","coordinates":[[3.733203,43.4673958],[3.7333799,43.4673071],[3.733568,43.4671931],[3.7337367,43.4670904],[3.734045,43.4668722],[3.7342971,43.4666611],[3.7346404,43.4662867],[3.7348021,43.466129]]},"properties":{"osm_id":"way/1491480697","category":"track","highway":"path","surface":"dirt"}},{"type":"Feature","geometry":{"type":"LineString","coordinates":[[3.7605508,43.4446138],[3.7608484,43.4447423],[3.761159,43.4447834],[3.7615508,43.4447934],[3.7631369,43.4447276],[3.7632539,43.444684],[3.7632813,43.4445573]]},"properties":{"osm_id":"way/1500060379","category":"track","highway":"path"}},{"type":"Feature","geometry":{"type":"LineString","coordinates":[[3.7537555,43.4696294],[3.753907,43.4693675],[3.7541972,43.469085],[3.7543706,43.4689887],[3.7545724,43.468981],[3.7548059,43.4690657],[3.7549652,43.4691659],[3.7550378,43.4691736],[3.7552153,43.4691246]]},"properties":{"osm_id":"way/1500145599","category":"track","highway":"path","surface":"dirt"}},{"type":"Feature","geometry":{"type":"LineString","coordinates":[[3.7603928,43.4664753],[3.7602211,43.4666404],[3.7601674,43.4670492],[3.7601889,43.4672789],[3.7602854,43.4675339],[3.7603149,43.4677344],[3.7602747,43.4679427],[3.7602908,43.468186],[3.7605242,43.4685033],[3.7605993,43.4686357],[3.7606395,43.468842],[3.7605268,43.4691184],[3.7603981,43.4695895],[3.7602372,43.4699029],[3.7601406,43.4702591],[3.7600923,43.4707889]]},"properties":{"osm_id":"way/1500145840","category":"track","highway":"path"}},{"type":"Feature","geometry":{"type":"LineString","coordinates":[[3.7497885,43.4697506],[3.7499902,43.4697335],[3.7501747,43.4699571],[3.7503227,43.470141],[3.7503774,43.4702264],[3.7505214,43.4702793],[3.7506349,43.4702896],[3.7507383,43.4702175],[3.7508255,43.4701646],[3.7510201,43.4701498],[3.751235,43.4700527],[3.7514256,43.470016],[3.7514911,43.4700394],[3.7515972,43.4699962],[3.7517383,43.4700742],[3.7518379,43.4700798],[3.7519,43.4700723],[3.751966,43.4698986],[3.7523373,43.4698122],[3.75249,43.469923],[3.7525805,43.4699399],[3.7526543,43.4698911],[3.7529169,43.4698995],[3.7530644,43.4699568],[3.7531653,43.4699897],[3.7533814,43.469954],[3.7534946,43.4699155]]},"properties":{"osm_id":"way/1500787177","category":"track","highway":"path","name":"Sentier du Hameau des Capitelles"}},{"type":"Feature","geometry":{"type":"LineString","coordinates":[[3.7455547,43.4700901],[3.7453508,43.4700511],[3.7450987,43.4699889],[3.7449244,43.4699266],[3.7449002,43.4698604],[3.7448949,43.4697592],[3.7448654,43.4697047],[3.7447742,43.4696774],[3.7445006,43.4696093],[3.7436154,43.4693679],[3.7433687,43.4692861]]},"properties":{"osm_id":"way/1500788413","category":"track","highway":"track","tracktype":"grade2"}},{"type":"Feature","geometry":{"type":"LineString","coordinates":[[3.7666403,43.4654674],[3.7665867,43.4653234],[3.7665679,43.4651813]]},"properties":{"osm_id":"way/1518484284","category":"road","highway":"primary","ref":"D 612","surface":"asphalt"}},{"type":"Feature","geometry":{"type":"LineString","coordinates":[[3.7671922,43.4659823],[3.7673028,43.4660183],[3.7673824,43.4660313],[3.7676229,43.4660141]]},"properties":{"osm_id":"way/1518486117","category":"road","highway":"unclassified","surface":"asphalt"}},{"type":"Feature","geometry":{"type":"LineString","coordinates":[[3.7547553,43.4473892],[3.7548723,43.4472617]]},"properties":{"osm_id":"way/1535478978","category":"track","highway":"path","surface":"paving_stones"}}]}
